Operational_Hours,Temperature_C,Vibration_mms,Oil_Level_pct,Remaining_Useful_Life_days,Failure_Within_7_Days
81769,73.43,12.78,36.76,162.0,0
74966,58.32,14.99,100.0,147.0,0
94006,49.63,23.78,42.96,0.0,1
76637,63.73,12.38,94.9,161.0,0
20870,42.77,4.42,47.56,765.0,0
69956,53.58,14.31,39.97,163.0,0
2578,62.44,8.42,80.57,908.0,0
39895,27.28,16.09,87.98,467.0,0
19992,69.31,9.69,62.04,794.0,0
13151,69.18,13.1,38.36,925.0,0
72283,32.98,12.23,74.77,149.0,0
89347,61.94,13.94,66.79,22.0,0
82712,44.55,3.88,78.13,232.0,0
22062,78.99,-1.39,81.43,800.0,0
79413,31.97,9.52,61.93,145.0,0
69447,69.86,8.2,36.23,269.0,0
36816,72.37,16.06,56.57,611.0,0
29288,61.1,9.74,82.27,747.0,0
54071,53.1,3.76,79.12,433.0,0
77603,67.85,16.67,100.0,163.0,0
38737,54.11,9.27,74.28,575.0,0
62626,105.02,20.48,66.46,203.0,0
28973,63.04,12.97,57.1,767.0,0
10184,37.5,8.83,88.33,916.0,0
66489,47.38,2.93,93.23,345.0,0
41467,41.08,10.97,18.64,665.0,0
34027,37.77,12.4,70.59,674.0,0
2703,79.18,7.64,61.97,942.0,0
4706,42.42,11.14,51.89,825.0,0
86343,99.75,7.25,54.16,41.0,0
12966,52.6,11.59,76.4,840.0,0
74861,56.24,13.86,53.24,195.0,0
17654,41.96,7.13,75.94,769.0,0
93925,44.8,13.28,97.5,98.0,0
93503,75.7,8.27,85.55,67.0,0
30429,70.25,5.92,69.25,670.0,0
60589,94.61,8.55,49.49,243.0,0
60656,66.89,17.62,47.3,253.0,0
81235,60.81,6.97,45.69,221.0,0
24559,73.13,14.18,45.09,625.0,0
86755,76.27,-3.09,81.5,95.0,0
11205,73.39,5.1,51.64,794.0,0
61337,58.5,10.68,89.04,292.0,0
2027,68.01,13.44,62.64,935.0,0
92304,77.39,13.74,71.53,0.0,1
37476,61.46,21.07,73.51,481.0,0
71182,45.51,8.27,61.88,248.0,0
94669,51.64,3.63,62.8,0.0,1
66439,50.39,8.87,58.74,281.0,0
62501,71.48,3.42,63.57,356.0,0
28955,64.7,16.66,55.53,585.0,0
54427,58.53,21.14,57.71,341.0,0
80396,64.79,15.83,68.79,174.0,0
80352,63.9,1.19,35.63,148.0,0
10463,79.02,1.18,63.24,803.0,0
8563,91.65,6.56,74.31,866.0,0
45628,57.16,10.85,60.57,456.0,0
17153,48.6,22.83,100.0,798.0,0
11380,74.34,7.9,98.46,804.0,0
92109,66.85,12.14,77.64,0.0,1
78594,40.53,2.4,92.55,274.0,0
64137,35.73,4.39,72.27,361.0,0
73605,56.26,6.17,82.15,170.0,0
92275,66.86,15.7,43.54,13.0,0
75590,65.0,5.36,54.13,164.0,0
47226,61.98,10.84,73.65,465.0,0
50095,82.84,11.1,66.26,465.0,0
5100,60.06,11.41,93.7,926.0,0
91166,75.84,11.71,68.66,0.0,1
54119,81.82,4.07,26.3,464.0,0
3187,57.5,4.14,50.61,985.0,0
45680,67.14,12.41,100.0,470.0,0
11074,57.61,14.29,56.03,933.0,0
49941,51.98,8.77,77.51,507.0,0
84310,81.52,13.81,66.8,150.0,0
2218,81.68,14.96,43.88,845.0,0
56236,56.66,10.8,55.47,403.0,0
13014,32.23,1.82,73.23,817.0,0
69229,35.8,7.52,59.76,340.0,0
69972,51.87,4.3,90.96,191.0,0
24678,50.29,9.46,40.0,606.0,0
28530,62.61,9.72,96.12,678.0,0
26596,43.2,18.14,100.0,679.0,0
89944,84.19,19.66,100.0,71.0,0
19008,65.08,8.65,9.15,838.0,0
74511,68.42,19.18,52.94,155.0,0
17439,67.48,7.7,77.59,763.0,0
21987,72.36,5.85,88.58,708.0,0
65017,55.58,-0.72,74.49,309.0,0
63294,53.44,19.9,77.23,303.0,0
88397,45.98,11.53,100.0,0.0,1
29637,56.92,4.26,89.46,596.0,0
66284,73.77,11.58,53.61,291.0,0
69560,55.02,18.04,87.16,336.0,0
54862,82.81,14.82,92.55,304.0,0
94994,57.03,10.56,93.99,94.0,0
34791,48.85,10.93,62.02,631.0,0
13065,52.7,11.52,85.28,776.0,0
99764,59.14,12.3,61.53,0.0,1
57892,49.58,5.36,81.83,394.0,0
13080,62.84,5.85,81.8,799.0,0
40815,63.01,11.25,47.23,553.0,0
4218,59.93,5.98,59.93,921.0,0
72043,73.22,15.79,84.82,160.0,0
25652,84.36,11.5,61.47,717.0,0
31015,70.74,5.08,41.03,645.0,0
41697,40.44,14.45,52.79,604.0,0
12335,74.66,8.73,65.67,808.0,0
58981,54.22,16.49,80.72,328.0,0
46822,52.21,9.64,77.91,416.0,0
2275,65.69,10.13,67.14,883.0,0
8056,49.25,14.02,46.87,859.0,0
7194,67.87,10.55,55.79,799.0,0
62990,61.05,7.53,77.67,330.0,0
64660,63.8,5.96,70.74,312.0,0
99843,64.21,7.42,99.36,0.0,1
87452,71.33,5.8,34.38,68.0,0
36471,63.28,2.47,100.0,585.0,0
54619,74.26,4.54,54.32,367.0,0
7146,87.38,4.59,64.94,958.0,0
35655,87.56,6.26,30.35,603.0,0
51505,64.11,12.39,76.67,490.0,0
14742,45.99,4.81,89.91,888.0,0
66813,78.15,10.14,52.84,226.0,0
22535,79.82,11.52,80.81,759.0,0
32202,45.51,5.33,75.72,662.0,0
39612,53.15,2.42,70.65,606.0,0
97936,53.13,11.88,76.66,28.0,0
12626,75.26,11.91,61.49,886.0,0
30921,73.0,6.09,93.3,584.0,0
8374,58.75,10.1,93.57,850.0,0
22173,61.19,19.72,60.24,642.0,0
31198,74.72,10.27,68.45,594.0,0
24870,45.24,4.0,37.31,741.0,0
86600,59.36,20.3,95.53,95.0,0
52628,115.14,17.25,65.43,364.0,0
96054,68.79,10.28,41.53,0.0,1
72305,56.31,6.95,92.41,252.0,0
59242,46.15,19.44,83.34,338.0,0
30718,80.52,3.38,56.79,715.0,0
91028,53.54,7.45,92.93,60.0,0
18377,76.1,10.2,19.09,820.0,0
40324,55.48,13.84,67.3,569.0,0
90900,88.69,12.59,66.05,32.0,0
52455,76.15,7.14,47.98,366.0,0
19281,55.36,6.31,49.08,766.0,0
2026,34.79,12.61,59.62,915.0,0
99031,76.93,7.43,45.41,0.0,1
34600,36.12,3.37,52.52,579.0,0
60356,66.15,8.97,69.53,398.0,0
94923,69.68,0.29,76.35,72.0,0
30273,55.48,6.35,46.21,657.0,0
21345,77.02,10.12,67.35,740.0,0
50733,69.91,13.9,79.68,398.0,0
54045,31.74,17.74,66.29,457.0,0
69204,56.27,13.83,69.93,203.0,0
17963,58.32,13.39,78.45,800.0,0
25262,59.16,8.04,55.53,716.0,0
70153,48.0,10.64,43.52,337.0,0
3606,46.03,15.5,70.58,972.0,0
76535,64.78,11.95,90.19,160.0,0
57686,76.54,4.21,87.59,409.0,0
21288,54.88,9.09,87.36,820.0,0
75075,58.07,11.67,93.59,232.0,0
21131,36.14,5.4,51.03,806.0,0
12070,58.63,-2.12,79.06,772.0,0
13176,72.89,15.21,60.0,853.0,0
65638,72.89,7.89,72.74,313.0,0
45541,66.17,1.84,54.72,537.0,0
64323,60.38,4.89,90.61,406.0,0
96216,78.29,11.64,59.74,48.0,0
48582,45.27,13.91,84.67,568.0,0
39780,62.01,6.56,74.28,561.0,0
89139,69.02,15.91,61.43,30.0,0
59675,49.85,7.78,84.61,355.0,0
47576,66.31,14.23,61.87,598.0,0
22333,83.55,11.24,65.37,677.0,0
7461,70.78,21.22,76.88,822.0,0
98100,96.68,15.51,75.0,0.0,1
98204,44.02,17.04,73.14,0.0,1
76698,39.44,5.53,100.0,142.0,0
52067,82.87,16.87,54.19,375.0,0
96282,49.29,13.56,46.85,0.0,1
12985,59.93,7.24,71.31,745.0,0
92132,83.6,1.65,75.39,51.0,0
59845,71.16,8.35,55.66,412.0,0
37310,52.2,13.0,76.84,523.0,0
35980,32.66,8.64,68.11,586.0,0
29027,47.86,19.99,79.43,603.0,0
62085,71.86,16.73,93.1,296.0,0
31326,47.02,8.52,52.64,690.0,0
82320,72.02,8.35,56.85,149.0,0
83811,75.95,5.28,35.85,99.0,0
91482,73.31,14.12,98.7,12.0,0
36350,87.82,10.38,52.65,612.0,0
17940,32.49,14.42,73.69,782.0,0
2323,40.97,16.46,55.99,870.0,0
15229,72.49,7.98,64.25,793.0,0
54855,74.32,15.92,66.12,405.0,0
49784,68.18,9.86,93.77,433.0,0
34478,68.28,8.24,55.77,733.0,0
29430,52.26,8.54,100.0,739.0,0
9890,19.37,6.37,50.97,925.0,0
11759,65.97,11.98,100.0,820.0,0
58308,73.25,9.81,78.71,332.0,0
48907,64.91,7.34,61.64,444.0,0
13947,60.6,3.28,42.94,832.0,0
30125,59.19,1.1,35.57,743.0,0
43293,45.18,9.9,68.89,549.0,0
51903,74.01,15.16,78.34,343.0,0
30269,40.1,5.45,76.64,688.0,0
6451,54.82,9.14,73.98,963.0,0
98049,41.38,15.8,72.4,0.0,1
43898,64.12,7.44,74.87,497.0,0
40366,34.95,11.68,12.7,606.0,0
26431,57.97,5.14,62.2,743.0,0
25714,44.27,4.58,79.94,634.0,0
57335,91.69,10.96,68.42,329.0,0
12647,66.88,8.36,92.52,817.0,0
7191,49.53,11.99,56.54,945.0,0
75115,54.04,1.38,55.5,117.0,0
64834,54.15,7.97,94.56,300.0,0
48980,30.1,13.09,57.28,506.0,0
81541,69.11,7.35,32.36,213.0,0
14092,82.23,13.07,98.65,752.0,0
97034,77.53,5.51,87.94,0.0,1
57943,57.64,14.72,47.0,350.0,0
94507,49.17,17.95,90.99,63.0,0
5847,59.82,8.94,48.66,891.0,0
60132,59.83,13.33,96.04,374.0,0
58634,58.48,10.55,77.33,343.0,0
20982,58.67,14.77,99.79,754.0,0
70437,72.9,9.33,69.79,215.0,0
13976,75.98,4.74,80.21,761.0,0
53876,70.25,10.54,55.29,393.0,0
71919,59.44,5.65,84.1,212.0,0
14939,64.24,14.46,56.05,816.0,0
4918,56.23,17.2,42.19,874.0,0
57796,82.09,8.68,66.65,357.0,0
76768,66.68,4.59,69.6,189.0,0
5002,55.18,13.93,72.07,852.0,0
75755,35.06,10.97,79.08,318.0,0
60967,65.95,9.34,75.27,422.0,0
95628,62.31,12.85,55.38,8.0,0
58373,31.05,11.97,85.1,483.0,0
33682,57.59,13.28,69.33,570.0,0
66453,60.6,12.46,84.3,263.0,0
26961,41.85,-0.34,30.58,693.0,0
42089,42.16,14.09,100.0,555.0,0
92928,70.9,7.81,63.72,33.0,0
10363,42.37,8.35,64.1,822.0,0
78478,52.0,5.08,56.1,192.0,0
92960,53.71,5.54,100.0,8.0,0
3788,68.1,5.9,71.85,959.0,0
84564,57.53,9.95,73.59,52.0,0
37110,66.48,13.74,72.93,580.0,0
77338,49.75,9.16,84.66,128.0,0
26594,98.43,12.82,87.03,636.0,0
54526,45.6,9.95,74.59,425.0,0
19506,71.73,5.28,73.82,767.0,0
80880,51.71,11.28,78.94,116.0,0
6614,74.75,14.4,56.83,820.0,0
69854,71.82,13.07,93.01,208.0,0
60875,66.56,0.26,86.64,384.0,0
99563,44.94,14.09,50.22,0.0,1
22004,44.37,7.29,67.96,731.0,0
10428,57.53,9.34,79.53,819.0,0
89403,58.6,5.34,97.49,11.0,0
37665,98.96,10.41,62.36,562.0,0
12116,77.11,14.48,54.56,881.0,0
23941,52.36,11.62,71.23,722.0,0
48700,51.61,8.97,48.27,494.0,0
15621,73.31,19.12,60.97,721.0,0
4704,47.84,15.24,58.98,953.0,0
42765,37.27,16.06,64.02,608.0,0
11451,70.77,11.13,77.06,902.0,0
78062,67.94,15.39,88.08,138.0,0
98228,74.34,19.92,20.12,0.0,1
60015,62.1,13.21,69.84,289.0,0
94506,55.82,12.58,83.19,0.0,1
4940,49.95,4.54,52.59,885.0,0
75860,78.23,10.83,45.33,158.0,0
20789,56.64,4.51,64.14,782.0,0
52061,59.9,-3.1,28.11,463.0,0
7709,52.67,19.96,73.14,854.0,0
79054,61.96,19.07,57.66,137.0,0
49878,53.5,5.37,62.1,482.0,0
4124,71.18,1.53,71.92,926.0,0
16595,62.89,7.68,62.73,871.0,0
22032,50.28,6.68,67.57,713.0,0
51828,59.11,3.95,89.84,497.0,0
67485,48.59,20.87,13.39,314.0,0
58268,61.11,17.82,100.0,279.0,0
56301,71.9,18.11,66.88,332.0,0
35657,35.77,5.3,93.49,685.0,0
83654,73.84,13.97,77.49,60.0,0
41527,81.82,12.56,100.0,544.0,0
26969,33.04,6.08,42.39,648.0,0
66015,56.32,3.92,55.97,318.0,0
80178,66.84,13.14,56.69,115.0,0
63015,72.42,7.48,35.44,337.0,0
81656,70.79,7.38,86.74,150.0,0
37967,52.58,4.17,74.67,684.0,0
52181,45.45,11.54,74.43,355.0,0
20029,73.54,10.7,95.43,823.0,0
82253,41.84,9.37,32.65,138.0,0
81509,35.27,7.78,89.93,149.0,0
83761,52.41,9.63,65.26,66.0,0
23906,73.16,12.79,80.05,748.0,0
26230,53.02,18.76,100.0,632.0,0
47564,24.81,6.51,55.36,534.0,0
71730,76.58,15.9,93.81,271.0,0
23189,66.0,3.26,54.85,684.0,0
76351,74.17,10.37,75.94,230.0,0
98553,59.9,8.31,64.93,43.0,0
50029,26.13,11.14,98.27,450.0,0
69139,66.0,5.57,56.72,244.0,0
42462,55.83,11.44,66.58,499.0,0
53822,58.95,13.89,64.61,458.0,0
26782,47.03,2.97,81.4,670.0,0
56787,88.82,11.48,74.95,368.0,0
24871,28.1,11.7,59.42,750.0,0
74823,68.34,12.11,89.18,261.0,0
95530,43.94,1.54,85.51,0.0,1
46276,64.11,8.1,100.0,481.0,0
98149,66.25,11.96,50.52,0.0,1
6100,39.1,8.83,46.07,905.0,0
4879,94.34,1.65,62.69,871.0,0
94730,37.08,6.51,51.15,84.0,0
67889,79.74,8.43,67.49,258.0,0
41841,59.0,10.39,100.0,553.0,0
48702,53.41,23.28,89.59,513.0,0
42254,60.02,12.4,49.41,548.0,0
81722,48.28,13.55,99.48,65.0,0
85882,79.1,16.63,76.36,47.0,0
4704,80.19,7.97,17.46,862.0,0
97784,60.33,15.13,57.57,0.0,1
3217,53.02,9.64,100.0,937.0,0
56006,77.79,11.13,90.06,307.0,0
61281,57.86,8.94,88.95,354.0,0
34527,61.48,10.83,76.57,719.0,0
44607,55.75,7.91,100.0,513.0,0
11815,44.28,11.99,81.51,926.0,0
5349,63.42,11.2,69.04,851.0,0
48289,75.79,5.25,72.05,458.0,0
24521,75.47,7.77,59.78,715.0,0
36584,64.84,0.28,92.98,730.0,0
60938,39.71,1.49,66.58,368.0,0
96092,48.69,15.46,61.13,0.0,1
47944,60.89,6.16,100.0,392.0,0
48558,56.14,10.41,61.5,527.0,0
41521,55.54,13.95,55.87,613.0,0
7803,78.2,3.3,89.66,801.0,0
18078,25.69,5.39,95.94,772.0,0
34304,49.9,17.77,92.22,601.0,0
12063,47.43,7.3,59.28,836.0,0
36317,59.63,6.3,45.72,629.0,0
56278,51.99,7.52,79.34,390.0,0
37574,99.68,7.54,73.43,533.0,0
846,76.07,8.59,41.12,976.0,0
55887,45.34,3.22,89.04,367.0,0
22052,62.8,12.26,70.74,710.0,0
52765,70.21,8.44,90.3,426.0,0
16421,79.8,12.99,45.19,716.0,0
92819,56.91,3.84,100.0,42.0,0
11187,57.56,12.21,92.36,831.0,0
75815,48.26,8.67,40.58,263.0,0
55988,62.08,17.74,82.95,440.0,0
49293,69.32,3.56,70.28,509.0,0
99839,70.24,11.75,85.56,0.0,1
14268,65.43,6.11,78.33,820.0,0
23184,59.99,8.97,65.61,857.0,0
76922,43.83,11.17,52.45,273.0,0
5506,51.56,7.25,48.17,906.0,0
70947,69.71,13.11,44.08,205.0,0
58755,44.27,8.56,95.1,378.0,0
73890,73.2,8.71,82.39,207.0,0
80688,50.55,18.36,59.13,177.0,0
67594,70.55,16.85,69.17,198.0,0
32643,45.88,8.4,100.0,612.0,0
69890,53.55,11.07,68.45,187.0,0
86707,65.0,8.52,57.03,19.0,0
10544,29.29,10.86,85.16,871.0,0
97359,82.7,13.07,33.34,0.0,1
4328,79.6,5.17,87.39,903.0,0
86580,61.03,7.66,78.33,167.0,0
27968,27.35,18.28,55.69,622.0,0
7449,58.51,9.72,65.53,897.0,0
45702,51.06,15.28,73.28,488.0,0
60946,79.48,12.04,93.24,285.0,0
42168,75.01,11.29,65.0,512.0,0
27354,58.95,12.26,91.4,683.0,0
4820,53.63,14.36,56.94,970.0,0
43071,62.23,2.99,71.64,597.0,0
70760,81.89,7.68,62.48,203.0,0
88135,56.93,8.07,86.66,164.0,0
69848,74.85,4.1,35.11,208.0,0
27331,50.97,3.64,100.0,687.0,0
37233,67.03,7.35,76.03,579.0,0
55825,62.67,11.26,77.33,412.0,0
63783,56.84,10.63,46.86,348.0,0
43970,69.42,6.42,48.39,551.0,0
6057,63.17,13.18,57.43,861.0,0
25522,72.89,5.98,76.13,718.0,0
63483,73.31,13.01,66.04,344.0,0
61715,56.74,17.52,67.14,223.0,0
26033,63.82,5.72,60.7,691.0,0
84781,55.82,14.65,94.21,45.0,0
89149,53.96,7.48,86.24,3.0,1
72799,43.32,-2.13,60.57,300.0,0
22953,60.41,14.86,56.13,688.0,0
23875,57.25,14.43,68.57,693.0,0
36951,56.98,14.01,100.0,553.0,0
36611,35.38,8.33,61.07,530.0,0
99274,55.62,6.15,71.89,0.0,1
16926,80.09,7.17,92.63,821.0,0
23188,72.59,4.72,85.62,699.0,0
1806,70.47,15.74,61.41,926.0,0
31186,38.23,13.52,100.0,571.0,0
63957,63.88,15.93,82.29,325.0,0
78505,67.53,15.37,66.46,181.0,0
10933,81.39,18.11,43.72,805.0,0
88176,93.84,-1.11,49.75,150.0,0
26392,62.59,13.15,72.99,670.0,0
21558,54.67,12.34,100.0,698.0,0
6611,71.43,6.81,79.31,783.0,0
21740,75.01,3.27,82.11,738.0,0
40351,60.21,5.69,89.1,601.0,0
87479,72.82,7.47,49.36,31.0,0
46348,73.38,-1.14,71.99,484.0,0
31188,80.79,8.1,100.0,646.0,0
29584,35.93,4.02,74.96,613.0,0
83164,55.36,8.17,40.44,93.0,0
62989,56.17,6.19,72.25,324.0,0
39051,66.55,6.39,48.65,571.0,0
36305,47.77,15.6,100.0,588.0,0
35324,48.01,1.62,50.91,654.0,0
99075,89.92,8.46,73.05,0.0,1
40214,56.91,10.93,31.18,544.0,0
67918,38.54,16.58,90.13,329.0,0
43772,64.95,16.7,72.32,489.0,0
41987,62.5,5.67,48.51,548.0,0
64277,60.87,11.58,45.83,280.0,0
61235,71.51,16.43,100.0,282.0,0
97204,69.36,12.07,68.54,0.0,1
53313,60.22,12.16,100.0,356.0,0
29198,65.34,8.24,74.89,619.0,0
9713,53.9,8.25,79.88,885.0,0
49264,64.25,13.93,85.39,450.0,0
72807,64.7,8.13,38.86,222.0,0
58369,59.6,14.54,40.73,280.0,0
67242,62.26,7.48,77.06,205.0,0
70462,60.99,11.09,57.66,348.0,0
92404,85.5,18.58,64.18,140.0,0
34966,65.15,10.26,100.0,670.0,0
91698,75.03,14.01,78.55,29.0,0
91313,77.95,15.46,53.28,11.0,0
16025,45.65,3.71,68.86,906.0,0
55004,69.65,-8.07,42.1,408.0,0
32844,48.01,4.99,74.46,717.0,0
54792,85.72,16.22,100.0,380.0,0
60644,62.45,13.1,51.46,336.0,0
1900,64.26,14.24,80.13,966.0,0
36824,64.92,10.63,70.17,545.0,0
79244,74.03,0.03,58.71,67.0,0
11455,69.2,12.45,60.42,831.0,0
50546,63.49,4.8,88.22,489.0,0
3346,38.73,15.68,72.92,958.0,0
21403,52.07,8.26,85.96,802.0,0
42936,96.85,19.26,50.5,516.0,0
497,47.43,3.68,55.43,1017.0,0
32054,9.27,17.62,85.77,699.0,0
81728,45.94,6.75,67.72,46.0,0
28707,49.99,16.81,64.26,702.0,0
62284,64.99,8.09,78.75,302.0,0
10847,48.62,9.65,49.74,811.0,0
12873,31.87,7.85,79.29,842.0,0
6414,48.0,15.68,79.25,870.0,0
32673,56.69,3.44,84.85,688.0,0
91742,67.15,9.39,57.9,56.0,0
58180,63.9,2.16,70.53,445.0,0
42862,56.58,14.62,89.17,474.0,0
3592,81.68,16.79,86.42,1063.0,0
72017,59.81,10.18,93.1,213.0,0
67648,52.12,12.2,54.51,312.0,0
34320,67.07,8.19,85.72,618.0,0
75555,43.37,13.07,90.22,236.0,0
93028,67.96,18.08,31.99,74.0,0
37269,75.11,11.45,39.44,612.0,0
95894,56.71,5.84,81.81,0.0,1
22860,75.48,-0.93,87.56,697.0,0
14020,42.64,11.18,76.12,903.0,0
77105,67.34,14.28,50.65,129.0,0
99445,57.91,16.03,99.75,0.0,1
92589,53.79,8.9,96.44,32.0,0
67191,29.76,-1.61,61.14,340.0,0
1191,54.64,9.82,74.72,829.0,0
16637,55.11,7.89,97.89,779.0,0
98128,51.94,6.32,60.02,0.0,1
47676,74.82,11.29,75.74,461.0,0
3118,68.41,10.01,82.94,854.0,0
75104,64.09,22.38,68.6,168.0,0
58119,87.65,4.0,41.77,311.0,0
21154,73.97,14.51,55.56,781.0,0
41815,63.42,20.97,60.87,488.0,0
85084,72.66,7.27,89.13,128.0,0
32071,34.97,6.91,92.28,692.0,0
22895,65.56,15.44,95.83,645.0,0
76673,57.62,9.65,18.21,223.0,0
43710,39.85,13.01,60.52,562.0,0
22218,45.15,7.48,79.02,708.0,0
46967,67.04,7.79,55.35,360.0,0
41892,68.06,15.66,80.54,535.0,0
27373,64.73,8.06,73.11,745.0,0
61439,42.45,12.31,73.42,381.0,0
48485,37.84,3.62,53.82,439.0,0
44129,62.81,11.9,86.15,512.0,0
97146,70.13,1.81,59.05,0.0,1
18521,27.37,11.68,22.86,827.0,0
2825,58.86,7.66,79.53,880.0,0
87780,60.35,3.33,82.73,139.0,0
36968,51.63,11.81,40.45,644.0,0
76154,63.09,-0.37,70.61,171.0,0
90833,60.09,4.81,83.56,111.0,0
56244,61.94,10.75,59.15,331.0,0
45357,39.58,17.49,89.9,462.0,0
14462,56.07,13.06,65.75,799.0,0
18889,56.75,5.83,67.06,809.0,0
38442,86.85,12.78,73.43,570.0,0
21226,67.33,12.12,61.33,764.0,0
32648,62.52,8.16,90.05,594.0,0
71463,49.3,12.23,64.9,258.0,0
6226,83.18,-2.26,84.43,940.0,0
95129,59.5,13.67,44.76,65.0,0
33860,66.87,16.53,69.82,667.0,0
55914,43.72,14.67,79.35,426.0,0
74920,47.75,6.97,85.75,224.0,0
88243,79.52,8.72,63.5,33.0,0
13433,51.54,3.57,96.53,815.0,0
38670,64.56,11.28,55.45,538.0,0
30397,83.44,8.29,47.45,599.0,0
53847,59.49,5.91,62.25,405.0,0
12631,76.62,11.47,92.67,717.0,0
91403,50.36,11.51,97.27,0.0,1
40389,44.8,2.69,59.3,555.0,0
45898,57.23,13.57,48.27,404.0,0
14441,48.29,16.34,41.08,780.0,0
95852,81.97,10.77,99.63,0.0,1
35248,47.67,17.84,52.55,524.0,0
69531,82.22,8.56,62.78,253.0,0
65311,77.02,3.12,73.91,353.0,0
30952,55.16,6.7,49.15,743.0,0
822,50.69,2.98,45.35,845.0,0
4529,65.93,10.07,70.08,886.0,0
92261,43.9,9.69,57.81,87.0,0
75486,58.29,9.95,46.82,280.0,0
93265,20.88,11.67,74.38,6.0,1
68133,72.46,9.24,46.52,289.0,0
22200,62.32,11.76,79.11,701.0,0
90589,68.55,24.57,78.57,44.0,0
70062,56.23,17.03,70.58,269.0,0
42039,65.39,5.98,89.53,576.0,0
9171,69.08,5.83,29.56,879.0,0
25624,79.92,-4.95,83.01,729.0,0
12301,55.29,16.98,64.65,860.0,0
11315,45.89,4.51,85.71,885.0,0
69173,51.28,9.6,69.17,264.0,0
69605,81.72,6.56,77.03,205.0,0
69211,41.47,10.74,89.23,273.0,0
27314,67.08,13.13,69.89,625.0,0
27144,66.2,8.83,61.81,655.0,0
58810,66.76,8.59,81.13,393.0,0
56099,65.18,11.3,47.49,421.0,0
64234,63.25,16.85,44.72,293.0,0
41249,58.27,9.68,28.1,465.0,0
11520,71.62,11.52,62.5,824.0,0
84142,56.28,14.56,72.26,81.0,0
714,63.72,7.68,86.08,1004.0,0
67018,52.24,17.5,88.57,349.0,0
48877,75.06,8.38,79.55,385.0,0
98705,83.89,7.7,88.39,0.0,1
8511,63.89,12.06,89.91,845.0,0
10067,40.6,15.73,100.0,907.0,0
35040,60.21,15.04,89.94,559.0,0
81659,37.31,16.47,83.69,101.0,0
59411,39.79,7.99,81.18,304.0,0
14924,60.08,4.63,65.22,778.0,0
32165,80.0,7.99,62.8,585.0,0
54025,41.77,2.48,66.96,437.0,0
11842,40.19,15.56,58.12,866.0,0
46053,48.71,25.54,82.9,503.0,0
80471,34.98,15.37,100.0,256.0,0
89359,64.58,8.99,100.0,127.0,0
59566,71.43,15.54,60.53,291.0,0
58635,52.9,17.12,68.21,335.0,0
76863,47.38,9.34,45.57,246.0,0
14789,51.46,8.75,60.92,762.0,0
26449,35.06,7.22,49.71,738.0,0
77398,42.19,-0.59,86.29,193.0,0
41343,60.63,10.01,26.59,541.0,0
24678,101.61,4.81,60.63,759.0,0
34802,58.75,2.87,63.34,620.0,0
26370,67.67,13.54,68.87,737.0,0
21029,77.2,10.87,45.17,722.0,0
50678,67.5,11.62,56.05,517.0,0
86467,70.05,-4.29,73.24,212.0,0
91332,57.28,12.72,100.0,12.0,0
94551,58.8,16.32,72.76,0.0,1
8490,66.48,11.57,87.22,984.0,0
79142,54.79,0.87,68.37,187.0,0
22630,61.07,17.75,67.67,699.0,0
88384,71.73,17.59,100.0,17.0,0
1660,55.31,10.71,55.38,925.0,0
43,56.15,-1.17,100.0,968.0,0
68478,45.09,9.32,71.39,264.0,0
39610,57.67,10.05,92.99,619.0,0
67390,37.27,11.12,90.78,305.0,0
28734,62.3,15.79,51.13,633.0,0
87745,52.65,6.54,98.04,40.0,0
31873,80.07,9.77,100.0,534.0,0
40841,56.89,8.55,47.75,550.0,0
78444,80.64,8.85,82.38,146.0,0
23471,49.71,14.11,77.76,781.0,0
42461,69.21,21.12,47.21,527.0,0
63108,50.76,8.53,61.01,231.0,0
3500,61.44,15.59,65.84,906.0,0
43227,68.38,12.53,76.43,540.0,0
80900,50.97,9.62,52.81,169.0,0
79853,56.33,9.59,42.94,162.0,0
83252,58.38,5.95,67.84,53.0,0
48359,48.06,7.72,64.23,494.0,0
62642,67.52,15.61,94.05,295.0,0
38344,71.69,10.61,74.98,574.0,0
17721,61.18,14.06,76.86,831.0,0
35020,52.34,11.18,70.89,715.0,0
28160,25.19,3.74,81.73,725.0,0
3967,37.72,10.85,76.39,918.0,0
25304,80.73,8.67,50.82,677.0,0
24159,42.85,3.16,49.92,869.0,0
23982,87.29,5.76,88.99,724.0,0
1452,68.48,9.08,99.98,973.0,0
2507,53.98,14.49,74.6,871.0,0
90701,52.53,1.02,69.89,84.0,0
41602,71.18,12.83,78.02,477.0,0
14066,46.27,5.36,59.84,852.0,0
13131,48.14,15.31,83.8,832.0,0
10295,51.64,10.28,69.28,804.0,0
24376,67.43,18.41,36.8,646.0,0
35061,47.2,11.91,78.73,626.0,0
13715,40.68,4.08,87.64,820.0,0
63508,64.77,9.81,79.84,314.0,0
70252,71.12,11.85,58.43,215.0,0
94071,76.34,3.37,51.57,67.0,0
44605,49.85,4.96,76.79,555.0,0
23154,71.21,4.65,81.28,722.0,0
30876,44.27,3.62,39.79,671.0,0
29670,69.71,2.62,59.66,611.0,0
59153,63.72,8.13,55.7,333.0,0
40173,54.7,9.51,56.54,495.0,0
66581,51.25,8.0,67.51,329.0,0
25189,72.13,18.64,59.38,713.0,0
97156,73.76,9.42,75.99,0.0,1
71169,57.27,2.71,70.15,238.0,0
3766,35.79,8.22,39.93,896.0,0
54065,74.34,8.57,61.22,490.0,0
69046,43.39,15.71,100.0,268.0,0
79644,62.75,7.59,62.0,174.0,0
81748,68.41,6.62,51.73,88.0,0
80558,56.19,4.78,76.56,174.0,0
73838,80.1,0.7,29.81,332.0,0
91827,66.22,11.07,81.27,0.0,1
4938,54.05,11.58,31.54,964.0,0
58654,49.65,8.03,62.28,336.0,0
89337,94.94,14.11,93.02,134.0,0
79623,50.11,12.14,96.33,318.0,0
34276,52.04,14.54,46.27,573.0,0
37083,68.72,11.43,95.88,543.0,0
638,49.48,15.25,60.68,893.0,0
97007,55.42,13.63,99.88,16.0,0
12452,62.56,2.35,100.0,843.0,0
71074,62.81,8.35,57.15,244.0,0
93741,72.85,5.63,49.47,11.0,0
9982,78.79,12.26,100.0,777.0,0
11586,31.76,2.67,84.59,857.0,0
35537,59.22,15.93,58.6,631.0,0
13378,56.36,9.21,100.0,975.0,0
45873,55.17,12.66,46.79,498.0,0
16640,73.34,6.55,54.12,818.0,0
65411,80.45,6.55,50.62,288.0,0
5212,64.02,8.16,67.57,835.0,0
16696,49.27,9.57,56.58,840.0,0
37373,54.37,11.49,26.94,660.0,0
36073,63.52,4.04,62.09,655.0,0
92905,27.44,9.32,82.43,24.0,0
60099,41.65,7.07,97.84,405.0,0
84396,40.36,12.72,65.46,117.0,0
86576,72.36,6.61,76.8,0.0,1
14893,49.3,19.54,18.61,766.0,0
28656,48.33,15.46,66.46,598.0,0
69854,56.01,7.43,45.3,276.0,0
23348,66.89,10.81,33.0,720.0,0
97369,65.13,19.12,54.83,0.0,1
76472,67.39,9.6,85.19,178.0,0
6277,69.74,12.47,100.0,882.0,0
52994,74.94,13.37,77.06,432.0,0
15611,66.2,9.22,94.74,791.0,0
12155,44.21,12.66,44.6,819.0,0
29228,65.45,18.38,47.27,608.0,0
66055,74.25,11.96,51.1,262.0,0
32049,60.76,16.85,99.62,586.0,0
42642,71.18,7.99,81.34,522.0,0
99392,55.57,15.52,64.55,0.0,1
7134,65.65,7.07,51.99,847.0,0
99472,29.19,4.88,72.24,0.0,1
30869,59.75,3.48,61.64,694.0,0
65032,77.71,13.04,100.0,370.0,0
87989,45.02,10.04,51.52,76.0,0
38459,75.08,9.89,69.15,532.0,0
60151,43.89,11.98,81.02,350.0,0
87199,52.04,15.96,57.17,18.0,0
19433,48.3,14.59,59.12,749.0,0
93992,76.41,5.34,46.59,93.0,0
15039,49.36,13.08,95.99,802.0,0
83075,65.56,16.0,89.74,0.0,1
18738,58.83,13.94,71.49,799.0,0
94520,48.79,8.9,44.65,26.0,0
37723,41.53,4.29,93.43,631.0,0
85487,57.86,6.85,28.39,35.0,0
72244,51.92,7.61,78.32,207.0,0
22354,70.68,7.87,59.94,703.0,0
65804,34.5,-4.52,92.27,291.0,0
93453,41.66,10.19,49.23,22.0,0
68261,65.87,13.08,42.65,236.0,0
95909,62.79,18.24,76.36,24.0,0
77586,20.21,14.15,88.45,122.0,0
26560,53.23,13.68,76.96,641.0,0
47536,49.22,0.21,75.9,593.0,0
58895,63.63,13.33,76.69,372.0,0
31512,46.74,4.04,47.53,686.0,0
57646,61.15,14.9,78.02,298.0,0
67643,58.29,10.7,61.74,205.0,0
64003,60.92,20.25,28.35,274.0,0
92576,39.97,-1.14,45.81,68.0,0
35298,64.36,17.51,62.65,630.0,0
41546,91.12,7.74,70.33,607.0,0
76546,59.82,14.01,100.0,113.0,0
72243,65.78,9.79,50.37,217.0,0
60931,73.94,13.36,69.77,281.0,0
30034,106.75,9.8,59.87,676.0,0
25625,54.34,9.22,87.89,665.0,0
97192,45.71,0.39,49.73,0.0,1
52287,62.47,16.46,83.81,501.0,0
40084,84.66,4.36,67.19,586.0,0
92584,63.61,14.31,100.0,7.0,0
72437,61.8,10.8,54.41,261.0,0
64027,55.82,18.83,76.79,198.0,0
47578,89.44,13.66,95.21,443.0,0
36276,68.62,20.45,86.05,462.0,0
22338,53.28,10.66,51.46,689.0,0
67503,86.26,7.13,86.49,265.0,0
64452,51.53,4.59,62.8,311.0,0
8949,71.69,6.7,53.21,845.0,0
86532,61.23,14.14,59.7,63.0,0
60434,63.17,9.42,68.14,375.0,0
45420,56.66,10.6,89.76,509.0,0
83247,84.09,11.47,54.38,127.0,0
92844,47.46,17.23,34.84,29.0,0
10840,45.18,10.84,63.24,898.0,0
34642,76.43,14.36,24.83,601.0,0
44284,61.58,17.86,78.13,585.0,0
11872,53.58,10.86,34.99,918.0,0
47926,56.0,5.93,100.0,420.0,0
28478,48.08,7.07,68.22,660.0,0
15196,62.66,5.11,44.69,723.0,0
32776,64.25,11.06,45.08,605.0,0
66833,25.74,15.34,30.93,327.0,0
45542,64.15,6.87,97.0,598.0,0
72356,77.77,0.87,68.49,336.0,0
29179,89.68,6.14,41.34,684.0,0
9179,54.77,23.16,95.39,873.0,0
63529,48.28,7.75,98.01,315.0,0
227,44.19,7.65,84.98,975.0,0
80543,60.42,14.13,79.33,223.0,0
84687,75.47,6.52,90.91,0.0,1
20227,72.84,11.36,92.78,711.0,0
71635,26.74,12.77,74.24,338.0,0
16518,49.63,13.16,93.96,796.0,0
54384,40.08,14.49,67.38,464.0,0
54006,61.67,8.1,95.71,499.0,0
65803,58.77,13.62,74.66,268.0,0
78784,51.18,13.61,75.94,136.0,0
25354,71.51,7.49,59.26,745.0,0
79951,59.48,7.37,19.99,36.0,0
61404,50.08,0.81,74.17,379.0,0
649,77.64,13.28,97.06,941.0,0
95150,54.95,11.43,73.06,0.0,1
95174,65.99,16.69,40.13,6.0,1
1339,71.76,9.93,75.83,1008.0,0
79120,58.43,7.09,82.12,91.0,0
80406,47.11,9.39,75.04,142.0,0
96082,77.16,5.4,42.27,39.0,0
59049,45.2,13.54,79.07,402.0,0
93439,76.37,3.14,90.32,0.0,1
37404,65.34,24.28,41.81,593.0,0
25647,64.49,13.23,83.69,721.0,0
78550,66.75,4.7,69.88,115.0,0
84586,53.31,13.7,45.14,217.0,0
14742,80.87,3.83,84.33,852.0,0
93483,52.09,8.95,63.64,109.0,0
51214,30.41,16.45,65.93,405.0,0
18630,69.04,15.42,49.13,775.0,0
57664,53.33,6.52,100.0,404.0,0
92994,49.18,10.28,97.89,65.0,0
49238,44.26,10.58,65.64,389.0,0
73019,62.41,16.05,56.09,207.0,0
61656,62.06,16.84,73.62,376.0,0
97384,52.63,15.72,75.08,0.0,1
13449,56.44,6.56,98.96,863.0,0
20331,53.25,11.77,61.1,735.0,0
23559,41.72,13.57,87.27,723.0,0
56866,72.43,4.44,82.84,379.0,0
28029,65.63,14.75,43.92,644.0,0
32412,49.23,12.07,84.89,569.0,0
27973,49.11,4.47,70.56,687.0,0
68208,45.59,17.18,91.06,222.0,0
44773,50.57,14.83,55.38,523.0,0
84439,56.47,2.53,72.04,108.0,0
72169,68.2,14.44,44.13,233.0,0
25138,91.87,13.01,77.92,706.0,0
16976,41.92,9.92,67.02,752.0,0
94013,64.9,10.11,64.89,34.0,0
39448,27.1,9.79,67.43,479.0,0
35031,59.4,23.25,75.32,506.0,0
3330,73.24,9.38,59.19,959.0,0
31411,87.43,2.41,71.43,671.0,0
57252,52.83,9.63,90.26,420.0,0
65103,79.65,10.31,100.0,162.0,0
80953,65.79,5.8,82.32,0.0,1
29588,61.86,6.1,65.72,743.0,0
3825,75.49,10.87,47.37,974.0,0
8970,91.15,5.08,90.89,813.0,0
21182,43.03,10.91,90.29,825.0,0
84757,39.26,19.53,100.0,119.0,0
81167,87.24,7.88,67.39,148.0,0
19093,77.32,15.87,62.52,762.0,0
33875,53.01,3.72,94.7,647.0,0
51171,41.63,16.92,100.0,382.0,0
26446,47.16,3.73,27.43,764.0,0
73950,77.13,9.34,54.23,226.0,0
68293,54.53,12.73,68.96,228.0,0
11723,59.71,5.75,100.0,804.0,0
78624,82.04,1.03,44.6,268.0,0
69193,62.81,16.01,71.79,174.0,0
92642,39.87,9.76,62.59,12.0,0
80355,47.99,10.69,75.64,135.0,0
34889,53.89,7.82,88.96,652.0,0
9646,43.06,13.88,23.25,855.0,0
88755,58.57,3.04,58.77,28.0,0
93105,73.9,6.89,86.85,1.0,1
30314,95.11,13.42,83.07,617.0,0
9569,53.05,8.35,61.17,880.0,0
44281,55.01,9.92,80.1,476.0,0
30918,52.89,9.73,97.96,654.0,0
26245,67.87,6.65,44.18,664.0,0
97552,66.58,8.95,43.27,0.0,1
71197,44.81,5.08,60.83,129.0,0
73129,61.16,20.68,69.41,242.0,0
95524,58.79,15.09,61.3,3.0,1
79508,46.02,9.81,67.35,144.0,0
87600,68.82,11.14,63.35,103.0,0
16046,66.53,20.65,86.59,787.0,0
4821,83.27,12.06,83.2,855.0,0
32035,56.41,10.96,88.75,646.0,0
73076,63.11,10.82,70.19,158.0,0
55307,76.97,15.89,62.51,376.0,0
86056,65.41,10.4,39.31,51.0,0
16645,53.31,8.73,56.07,776.0,0
6074,53.56,9.36,76.3,898.0,0
31481,51.12,6.49,45.41,668.0,0
55802,58.99,6.63,78.44,455.0,0
92809,58.52,15.9,43.58,90.0,0
53290,58.37,4.85,78.96,438.0,0
14237,40.43,5.52,72.53,838.0,0
70019,74.71,19.6,52.83,161.0,0
30645,57.75,9.69,82.93,637.0,0
95153,59.08,-1.04,64.37,37.0,0
28329,58.89,17.32,78.29,533.0,0
36686,39.89,13.6,61.39,619.0,0
50383,69.45,5.98,44.98,476.0,0
4595,77.48,9.96,85.69,880.0,0
22496,51.26,6.52,65.11,777.0,0
22856,73.14,6.74,68.24,666.0,0
81779,84.36,11.25,66.09,192.0,0
72062,77.96,14.39,94.83,213.0,0
63448,63.34,18.55,65.35,272.0,0
93177,69.86,14.95,56.61,0.0,1
64550,37.32,26.12,59.78,432.0,0
80927,36.51,10.61,88.06,158.0,0
44305,63.42,8.06,91.59,536.0,0
67665,55.48,14.33,45.64,254.0,0
42805,62.69,11.9,87.13,524.0,0
82393,37.34,11.06,100.0,90.0,0
98247,46.08,3.48,92.88,0.0,1
75641,41.52,10.51,70.65,227.0,0
66597,67.79,12.9,68.26,238.0,0
72548,70.82,13.22,59.76,263.0,0
89136,59.73,11.97,72.57,0.0,1
53885,57.39,4.95,60.1,401.0,0
17653,55.57,14.89,81.69,731.0,0
97287,68.72,8.55,83.04,0.0,1
47793,64.08,7.27,58.42,495.0,0
72437,50.49,6.34,72.14,241.0,0
40241,50.12,6.91,90.88,472.0,0
32327,48.52,6.57,41.49,669.0,0
89356,55.55,12.03,61.35,0.0,1
7845,32.18,10.11,84.88,962.0,0
47731,89.09,2.76,68.5,350.0,0
98550,50.75,2.8,71.31,7.0,0
76435,67.35,15.67,99.68,153.0,0
43358,24.2,16.6,39.2,554.0,0
95530,55.28,8.77,83.13,0.0,1
83750,54.94,12.05,84.62,148.0,0
45312,98.3,20.81,93.81,437.0,0
55565,39.92,-8.57,81.67,454.0,0
88322,77.0,13.45,41.85,0.0,1
52703,64.52,5.47,92.53,448.0,0
35217,64.32,12.4,83.89,619.0,0
90853,75.85,13.22,70.66,45.0,0
27202,80.66,4.17,79.04,734.0,0
723,57.05,7.02,82.0,927.0,0
30209,66.09,6.71,93.41,671.0,0
82031,51.14,15.27,55.04,151.0,0
46205,54.39,0.72,100.0,428.0,0
35232,72.66,7.02,72.44,671.0,0
35741,70.87,4.0,55.16,643.0,0
21439,66.75,9.8,85.14,755.0,0
76534,48.09,9.28,95.68,272.0,0
34354,73.24,15.78,90.36,560.0,0
62976,63.97,4.63,61.19,252.0,0
14694,63.78,11.8,77.3,843.0,0
6255,57.61,8.47,61.42,861.0,0
91717,62.39,10.01,68.66,56.0,0
84540,48.55,16.27,48.69,155.0,0
6079,63.24,14.19,100.0,865.0,0
56777,68.87,7.05,87.67,432.0,0
53361,55.5,0.99,79.32,540.0,0
75572,54.74,20.46,56.51,168.0,0
40626,84.32,5.69,87.07,474.0,0
62812,72.98,14.06,75.32,288.0,0
56034,68.77,10.65,100.0,406.0,0
8425,79.61,17.27,77.59,812.0,0
79149,94.19,15.3,77.56,122.0,0
49903,72.08,14.73,77.84,423.0,0
49329,67.9,9.06,90.17,518.0,0
19949,53.33,7.59,78.05,741.0,0
93765,61.08,10.36,80.31,0.0,1
63246,35.96,2.86,48.23,316.0,0
97900,56.81,11.24,94.2,0.0,1
77071,61.49,15.52,63.89,119.0,0
42092,51.77,5.13,63.84,497.0,0
30814,64.15,7.86,95.41,616.0,0
43200,65.35,12.42,48.33,443.0,0
15436,62.26,12.27,46.81,832.0,0
53698,67.61,9.46,64.14,395.0,0
67699,61.77,3.9,100.0,263.0,0
75353,72.68,1.91,65.23,208.0,0
31608,38.93,10.1,37.39,680.0,0
273,50.4,8.28,67.34,1019.0,0
55882,95.83,11.6,61.7,365.0,0
47745,33.53,2.41,53.27,439.0,0
60857,75.59,7.96,58.9,292.0,0
98596,78.85,7.09,50.29,0.0,1
19120,56.25,5.67,63.84,750.0,0
75059,62.91,12.06,83.3,216.0,0
74149,52.37,12.77,39.35,209.0,0
17500,60.57,12.56,96.99,699.0,0
29289,67.74,13.8,65.52,607.0,0
94208,54.55,7.64,79.34,130.0,0
97324,31.35,15.08,52.67,10.0,0
48121,48.62,14.39,75.72,395.0,0
84260,61.77,6.64,72.61,174.0,0
82762,64.01,25.08,95.34,115.0,0
47464,58.45,10.24,100.0,403.0,0
92427,39.87,12.91,36.29,0.0,1
30608,48.59,10.28,96.4,620.0,0
78272,84.54,8.84,67.31,227.0,0
97656,42.52,8.69,79.82,0.0,1
38335,56.06,14.39,52.52,596.0,0
80128,65.33,9.5,68.24,215.0,0
27684,54.96,5.17,74.94,745.0,0
67133,62.62,14.83,54.86,257.0,0
90508,58.83,9.98,55.8,154.0,0
68169,63.58,10.42,43.3,228.0,0
85839,55.38,14.19,100.0,113.0,0
19547,42.33,9.54,66.25,807.0,0
47868,78.83,6.77,59.61,413.0,0
89476,62.53,4.77,69.65,108.0,0
87089,75.45,5.41,71.84,146.0,0
49843,77.43,8.28,69.19,421.0,0
80083,76.18,13.19,70.07,74.0,0
6979,53.29,11.37,40.45,873.0,0
63628,62.82,12.02,23.19,334.0,0
98073,52.93,12.67,82.81,0.0,1
7231,57.12,9.28,75.83,943.0,0
84631,41.97,10.49,55.0,100.0,0
86500,49.4,9.61,71.09,154.0,0
92279,99.49,14.31,83.53,0.0,1
10051,51.3,8.43,63.64,919.0,0
32164,60.64,5.94,93.16,609.0,0
62395,73.19,8.36,86.88,406.0,0
94587,77.91,11.94,92.26,1.0,1
92253,65.27,11.3,45.03,0.0,1
3878,61.66,9.11,46.96,858.0,0
28677,62.25,16.6,57.17,619.0,0
44310,33.87,4.76,91.37,540.0,0
67489,86.24,9.69,90.33,236.0,0
85446,68.62,6.25,41.33,136.0,0
1406,38.18,8.78,91.47,969.0,0
13114,16.86,12.47,71.16,909.0,0
99906,57.58,19.56,57.55,8.0,0
28100,86.52,10.01,95.36,654.0,0
39095,80.47,18.84,86.12,589.0,0
62548,72.61,3.82,80.39,266.0,0
18001,65.97,8.38,79.72,690.0,0
70371,68.47,13.45,96.54,280.0,0
69688,63.67,3.21,74.01,239.0,0
8128,54.7,9.44,92.09,874.0,0
50648,53.43,8.83,93.48,558.0,0
58284,57.54,8.61,37.16,369.0,0
58466,66.55,21.03,83.64,387.0,0
91552,80.31,9.15,37.2,11.0,0
78446,67.8,12.63,96.06,106.0,0
73142,49.9,9.79,98.29,225.0,0
77626,62.95,17.86,49.57,117.0,0
5574,43.63,10.66,60.38,920.0,0
6082,51.12,8.65,76.42,906.0,0
96049,81.4,5.74,100.0,76.0,0
54022,72.32,2.22,67.23,464.0,0
69496,48.62,14.73,57.31,269.0,0
7425,72.94,0.01,82.68,905.0,0
23301,52.26,11.74,56.55,695.0,0
40720,76.17,4.93,78.27,626.0,0
35858,52.91,9.11,89.59,602.0,0
94242,71.74,2.83,84.56,0.0,1
38940,27.51,6.08,56.78,582.0,0
29078,67.86,13.43,55.12,700.0,0
4645,51.71,6.87,55.66,942.0,0
71424,64.98,8.8,66.59,173.0,0
29697,46.37,6.4,82.53,665.0,0
98722,66.08,8.89,55.94,0.0,1
206,51.53,12.5,100.0,982.0,0
54681,14.93,8.84,68.74,438.0,0
79274,59.09,13.76,100.0,173.0,0
76545,20.76,15.99,55.22,205.0,0
29212,49.95,6.64,37.44,648.0,0
16745,62.62,9.68,81.68,779.0,0
69259,40.93,9.87,68.87,207.0,0
52347,37.6,8.48,76.16,367.0,0
60390,47.73,6.87,93.19,295.0,0
19802,50.99,17.99,84.94,771.0,0
81074,44.49,9.72,83.24,127.0,0
64888,64.52,11.47,61.55,330.0,0
38343,63.41,11.89,78.5,561.0,0
90705,44.37,6.24,61.98,0.0,1
40443,43.48,14.26,100.0,474.0,0
1689,68.27,15.08,70.27,927.0,0
16097,33.95,14.65,53.51,758.0,0
22344,51.34,14.9,98.13,702.0,0
53062,49.2,14.26,31.73,443.0,0
53274,54.52,19.41,74.14,414.0,0
27650,47.92,12.49,100.0,673.0,0
26840,54.64,15.8,78.61,673.0,0
68730,56.6,12.86,36.13,245.0,0
20476,59.79,-8.93,66.36,751.0,0
38362,64.92,5.02,29.28,592.0,0
86203,45.02,10.28,84.91,129.0,0
16026,49.69,13.96,86.35,712.0,0
76059,91.84,14.17,72.31,104.0,0
59750,57.26,15.08,100.0,336.0,0
83954,43.0,5.69,100.0,106.0,0
34953,63.17,11.78,40.19,531.0,0
52457,64.33,11.81,85.67,431.0,0
4122,28.31,12.21,65.36,900.0,0
6276,80.35,19.94,97.16,918.0,0
55551,57.99,8.81,69.49,357.0,0
20812,63.36,6.9,70.53,727.0,0
7006,103.46,14.4,73.27,913.0,0
67418,66.48,13.34,70.91,253.0,0
45836,64.58,11.63,61.45,462.0,0
36520,54.96,11.94,29.46,519.0,0
92896,61.06,21.43,69.03,24.0,0
87795,73.98,7.93,75.05,182.0,0
87258,70.53,7.23,55.97,87.0,0
3227,63.77,10.45,76.38,883.0,0
78346,65.97,14.36,54.93,142.0,0
29051,88.94,12.52,73.12,583.0,0
40395,37.71,10.88,78.87,663.0,0
58921,73.42,11.3,4.16,274.0,0
97244,53.91,5.87,93.66,0.0,1
71021,77.67,1.57,83.19,222.0,0
85715,84.64,12.12,74.98,44.0,0
10379,99.6,13.97,63.2,828.0,0
26909,60.24,7.75,61.22,650.0,0
68886,68.28,8.3,74.41,345.0,0
43278,66.57,19.53,77.07,513.0,0
17048,54.14,4.0,70.85,840.0,0
23379,52.13,1.0,56.98,743.0,0
68435,79.81,13.98,32.68,220.0,0
47697,66.38,9.52,58.93,496.0,0
74577,71.12,5.05,72.92,231.0,0
90293,72.47,14.92,85.66,11.0,0
41355,94.33,12.57,74.59,570.0,0
61507,64.58,12.28,32.12,287.0,0
20485,53.08,10.02,76.19,784.0,0
57989,56.6,16.98,80.47,298.0,0
93213,63.74,7.15,100.0,0.0,1
23144,63.18,1.03,72.65,734.0,0
20222,64.14,12.94,41.04,699.0,0
4446,60.8,15.24,63.48,886.0,0
51039,53.44,7.43,34.82,492.0,0
41790,81.34,11.22,90.05,537.0,0
90223,69.96,12.88,43.98,36.0,0
75662,45.25,13.54,56.36,196.0,0
88616,68.34,8.77,29.73,112.0,0
87591,70.35,12.1,75.31,12.0,0
22359,54.77,10.8,30.65,706.0,0
44520,68.05,7.37,56.95,472.0,0
19566,33.59,7.27,51.52,699.0,0
14640,48.01,8.35,91.73,846.0,0
74148,41.16,15.37,85.59,245.0,0
84359,65.76,9.15,95.28,54.0,0
3195,52.76,9.84,55.0,953.0,0
27287,57.58,17.55,98.97,706.0,0
30243,30.89,14.32,61.45,574.0,0
84416,49.33,4.02,75.49,124.0,0
35958,67.85,16.57,76.15,610.0,0
74670,59.42,15.68,43.56,176.0,0
2293,43.72,14.12,72.64,952.0,0
12482,55.36,12.01,67.41,805.0,0
35875,41.04,6.33,36.45,620.0,0
31365,49.49,8.54,46.43,752.0,0
67580,43.74,5.13,51.28,400.0,0
70201,79.23,11.8,73.25,218.0,0
77761,66.88,2.05,62.27,261.0,0
54598,70.29,18.82,73.97,457.0,0
55437,70.4,13.13,61.83,284.0,0
14178,48.41,10.0,83.96,815.0,0
34957,57.58,7.11,100.0,618.0,0
66359,27.37,7.86,95.06,265.0,0
58545,44.21,15.46,61.15,437.0,0
81748,73.0,13.74,76.22,145.0,0
10144,35.62,11.16,45.68,859.0,0
34823,56.45,18.99,79.43,711.0,0
87639,46.66,9.3,39.5,81.0,0
20297,36.89,3.84,86.33,808.0,0
88402,48.54,2.66,81.64,77.0,0
5999,62.08,-1.35,45.95,919.0,0
20101,65.13,13.13,81.61,751.0,0
64609,61.87,6.4,29.11,253.0,0
24676,101.61,15.24,61.51,686.0,0
61259,29.16,3.68,82.81,323.0,0
89853,53.61,10.14,68.91,89.0,0
50409,59.22,3.07,64.75,456.0,0
4545,41.98,10.83,65.37,850.0,0
16896,63.66,17.9,94.83,767.0,0
5136,69.24,19.88,54.54,882.0,0
55504,68.96,17.0,61.24,383.0,0
60442,68.56,10.14,48.4,257.0,0
61723,80.94,9.61,48.65,221.0,0
5275,56.3,21.53,46.33,898.0,0
90126,64.49,10.43,69.71,31.0,0
67747,50.38,11.14,99.97,173.0,0
11431,73.38,7.72,71.67,859.0,0
28537,53.36,6.76,100.0,730.0,0
37101,57.19,9.42,82.57,642.0,0
16838,59.86,0.49,41.6,810.0,0
90637,71.29,14.13,57.01,0.0,1
84247,56.89,10.68,47.22,181.0,0
28596,55.15,10.38,92.51,598.0,0
40004,67.81,12.24,73.43,445.0,0
46888,42.16,8.73,67.76,514.0,0
10586,63.41,16.21,100.0,861.0,0
81015,59.25,11.43,46.31,180.0,0
78444,64.59,11.04,70.1,124.0,0
13812,84.42,11.57,61.63,839.0,0
49087,48.98,17.92,64.47,484.0,0
41428,78.26,6.04,73.2,531.0,0
48455,63.5,5.63,52.02,587.0,0
97141,56.73,13.34,61.09,0.0,1
37718,68.67,13.06,100.0,631.0,0
2797,55.53,12.24,37.54,988.0,0
43785,45.51,16.33,89.32,525.0,0
24461,50.66,9.08,76.28,700.0,0
89586,48.21,13.03,38.74,105.0,0
50288,64.74,9.0,82.53,437.0,0
13144,48.08,7.68,47.41,845.0,0
99206,68.89,9.66,80.03,0.0,1
77756,57.61,16.48,83.6,210.0,0
80808,68.55,14.79,81.42,149.0,0
3134,57.99,16.24,61.49,903.0,0
23484,39.77,8.73,79.37,807.0,0
1416,33.94,1.72,100.0,918.0,0
94214,57.57,8.94,88.81,0.0,1
43367,63.06,10.8,69.79,492.0,0
23031,56.52,10.54,84.72,664.0,0
4760,67.63,9.64,59.71,941.0,0
37070,81.37,19.96,60.01,538.0,0
9501,61.9,10.3,82.88,770.0,0
32431,74.69,10.21,79.38,651.0,0
38188,20.62,3.67,37.01,674.0,0
64043,45.3,10.84,73.73,322.0,0
64577,65.14,12.26,79.74,225.0,0
70248,47.92,9.08,68.79,249.0,0
79171,43.77,4.43,84.69,155.0,0
69995,83.04,10.93,82.66,231.0,0
42949,62.2,7.05,89.34,589.0,0
38794,36.17,13.62,87.81,512.0,0
64927,71.08,20.23,42.48,229.0,0
8245,57.54,19.43,19.49,817.0,0
96641,36.59,6.19,30.42,57.0,0
35800,39.11,13.3,71.49,592.0,0
18022,67.98,14.21,97.28,773.0,0
22330,62.03,0.68,94.9,712.0,0
64609,54.79,16.9,76.77,283.0,0
3154,81.24,20.1,79.66,833.0,0
54818,67.12,3.13,68.95,350.0,0
79915,50.6,11.07,82.05,149.0,0
6042,68.97,14.66,58.95,756.0,0
78826,58.41,9.7,89.05,260.0,0
60916,40.96,7.17,40.05,411.0,0
33001,62.69,13.58,100.0,569.0,0
60409,49.17,11.69,68.88,419.0,0
31772,73.82,11.11,44.26,644.0,0
63548,60.81,4.84,71.49,357.0,0
4389,77.21,4.26,77.68,890.0,0
93812,62.65,22.35,62.09,0.0,1
75102,43.25,6.82,99.27,298.0,0
67921,70.84,16.0,100.0,204.0,0
47639,49.85,7.66,56.16,504.0,0
63152,48.07,6.47,100.0,323.0,0
63570,45.44,0.35,95.95,353.0,0
93223,67.25,8.13,86.29,0.0,1
52062,79.78,11.8,72.87,325.0,0
24465,66.25,9.97,100.0,700.0,0
74080,36.46,9.68,93.41,167.0,0
17357,83.69,9.23,85.49,641.0,0
43283,63.98,13.29,78.91,543.0,0
71008,82.77,13.07,59.2,212.0,0
56506,58.41,21.7,68.6,361.0,0
1599,50.59,4.2,57.03,962.0,0
89900,75.67,18.06,98.96,0.0,1
83354,49.96,12.48,37.49,118.0,0
50526,77.07,15.45,51.0,364.0,0
94983,47.98,8.93,88.15,51.0,0
31272,90.31,6.72,74.86,642.0,0
57306,72.31,13.09,69.49,412.0,0
27816,46.01,11.5,65.97,563.0,0
86911,47.19,4.84,72.78,103.0,0
40495,43.09,4.23,82.6,557.0,0
15687,50.91,15.72,83.43,796.0,0
78188,27.71,7.82,67.08,198.0,0
6932,54.03,9.15,71.98,950.0,0
31978,58.18,16.3,72.02,465.0,0
65170,75.6,7.36,85.61,265.0,0
21263,55.34,-0.75,42.29,779.0,0
13487,68.79,11.33,65.97,788.0,0
56073,79.58,23.71,39.75,314.0,0
16725,51.88,4.61,77.08,864.0,0
12111,39.11,17.9,98.47,729.0,0
79644,38.04,9.36,65.12,121.0,0
58361,91.28,16.07,48.35,340.0,0
22497,45.48,4.54,61.16,738.0,0
98925,35.36,6.55,16.51,0.0,1
3571,47.86,5.3,65.9,853.0,0
2876,77.69,15.63,64.78,889.0,0
62399,46.12,15.55,100.0,285.0,0
25867,76.48,9.59,65.9,631.0,0
73550,61.54,12.75,43.5,256.0,0
24157,47.39,12.68,100.0,674.0,0
65380,65.33,8.37,39.37,228.0,0
86669,41.18,10.24,52.41,53.0,0
46573,63.95,4.98,45.39,509.0,0
49072,63.37,14.43,58.79,463.0,0
49925,47.67,12.34,58.65,395.0,0
99882,65.66,15.59,83.78,8.0,0
59984,80.4,9.9,83.92,280.0,0
30525,85.23,9.23,75.12,578.0,0
73497,53.23,3.16,19.04,278.0,0
72088,52.36,7.86,43.7,308.0,0
76171,71.65,9.96,90.0,197.0,0
56317,76.23,17.29,41.49,307.0,0
32304,44.84,6.02,57.65,618.0,0
66860,48.12,9.15,68.32,273.0,0
38184,78.0,0.87,63.47,679.0,0
73126,62.84,10.7,44.46,165.0,0
59015,63.38,10.03,82.63,355.0,0
2371,66.6,15.16,65.64,909.0,0
18879,61.74,8.97,81.46,771.0,0
80827,55.98,6.51,42.27,265.0,0
19942,59.25,10.37,77.48,798.0,0
34301,53.42,6.62,53.83,617.0,0
97242,62.62,10.33,72.21,0.0,1
70612,59.03,12.48,70.05,219.0,0
26781,51.5,16.02,79.97,698.0,0
59362,37.51,7.07,62.2,454.0,0
60071,84.31,9.61,41.96,331.0,0
77649,62.53,1.13,70.44,164.0,0
44204,74.57,6.65,66.11,490.0,0
94843,41.78,13.23,100.0,0.0,1
70004,50.93,17.2,66.07,174.0,0
24433,66.92,19.01,100.0,612.0,0
23085,25.52,5.29,74.64,758.0,0
49840,65.45,12.25,48.09,526.0,0
61808,81.98,9.05,46.23,247.0,0
41787,60.33,10.36,75.37,540.0,0
18823,61.2,11.41,70.63,760.0,0
74593,64.35,13.4,85.44,182.0,0
69292,67.43,6.01,68.92,211.0,0
57524,59.16,6.84,89.54,333.0,0
96702,56.09,9.07,65.97,13.0,0
28960,86.63,8.25,56.05,573.0,0
15330,61.96,18.23,59.14,748.0,0
14284,72.94,12.03,74.25,713.0,0
60048,74.16,11.39,83.54,397.0,0
75561,67.07,9.92,63.46,237.0,0
89266,85.64,6.94,100.0,81.0,0
93784,65.28,1.42,74.86,59.0,0
62315,38.38,12.22,56.39,300.0,0
67750,81.62,9.14,41.13,309.0,0
18164,46.62,-1.32,70.7,852.0,0
37156,57.55,6.02,73.92,558.0,0
35694,52.91,9.61,76.38,612.0,0
81042,62.97,16.89,71.67,176.0,0
78682,40.37,13.44,59.58,236.0,0
57315,34.62,2.39,80.59,456.0,0
86784,59.35,3.33,44.38,77.0,0
78989,51.26,14.19,47.7,108.0,0
55207,67.61,12.93,67.33,354.0,0
27918,77.66,15.88,100.0,550.0,0
490,48.65,12.47,81.36,944.0,0
40422,82.87,12.51,62.75,511.0,0
54171,70.33,9.5,54.42,375.0,0
77775,63.8,1.43,48.19,164.0,0
75368,76.3,9.1,47.89,212.0,0
85729,83.87,10.38,59.71,57.0,0
25710,73.7,14.3,58.61,718.0,0
75106,60.26,15.08,64.87,118.0,0
30299,63.46,7.18,49.31,667.0,0
39571,77.76,9.28,30.96,543.0,0
35730,35.64,10.28,40.4,562.0,0
81548,63.3,16.04,100.0,209.0,0
24950,41.68,4.11,100.0,746.0,0
79172,72.59,7.79,79.24,247.0,0
70469,59.19,8.82,69.58,265.0,0
54538,50.81,11.71,81.75,426.0,0
58029,57.14,11.73,34.77,365.0,0
10067,84.85,5.94,96.6,963.0,0
79772,37.1,13.43,80.67,176.0,0
83841,40.82,2.72,89.88,90.0,0
18763,78.06,5.2,77.65,780.0,0
70918,42.2,16.35,80.18,219.0,0
6290,65.72,4.23,63.74,841.0,0
93914,28.7,16.49,48.64,0.0,1
89149,32.32,15.42,50.25,8.0,0
51058,46.49,15.54,73.61,475.0,0
92360,51.37,8.25,82.35,13.0,0
62864,82.04,13.27,99.14,319.0,0
18507,69.37,11.12,99.17,876.0,0
21565,41.94,6.77,52.93,740.0,0
70125,83.63,17.24,67.87,176.0,0
37988,55.22,17.18,52.83,528.0,0
2970,43.13,10.36,91.08,896.0,0
56052,61.18,10.65,32.26,451.0,0
85066,82.47,4.78,85.31,174.0,0
55245,61.93,7.64,89.4,460.0,0
11680,21.49,8.83,59.06,864.0,0
28460,86.89,9.33,74.16,617.0,0
4896,95.93,13.14,54.14,905.0,0
78429,42.03,5.51,97.83,167.0,0
94887,45.46,7.97,43.15,0.0,1
57367,80.76,4.7,100.0,400.0,0
14486,52.7,10.96,69.13,688.0,0
62380,64.74,9.06,67.07,355.0,0
95977,76.52,10.33,72.9,0.0,1
44878,68.85,4.79,55.1,512.0,0
46057,75.5,2.82,87.43,536.0,0
61504,71.27,13.23,79.2,420.0,0
80299,64.27,17.37,24.05,218.0,0
93114,55.62,7.26,99.31,82.0,0
51159,77.85,14.35,54.07,446.0,0
69197,45.68,1.96,64.5,303.0,0
64245,70.68,5.99,62.68,210.0,0
65624,60.32,10.38,77.41,381.0,0
74311,57.66,1.62,100.0,195.0,0
12869,89.08,6.39,42.85,800.0,0
80070,64.9,20.49,78.44,157.0,0
44100,23.75,9.5,72.9,560.0,0
44339,71.31,15.54,100.0,486.0,0
5455,22.65,-3.49,7.04,1000.0,0
12150,85.55,5.89,94.35,894.0,0
42567,37.28,19.19,71.57,477.0,0
88189,38.06,5.34,48.89,144.0,0
10957,26.99,8.88,81.12,796.0,0
29000,39.19,10.7,74.22,672.0,0
58871,53.02,5.67,62.89,411.0,0
58461,58.59,20.73,61.89,282.0,0
92115,70.36,12.05,37.95,0.0,1
9104,66.04,7.3,100.0,823.0,0
32120,73.82,15.1,57.3,649.0,0
94366,66.37,8.05,73.33,0.0,1
74920,39.28,9.99,100.0,221.0,0
5364,102.78,5.7,67.24,812.0,0
37640,74.71,16.38,86.78,555.0,0
70162,58.88,15.3,46.66,222.0,0
43695,79.98,19.39,56.53,442.0,0
44162,81.07,12.63,41.67,571.0,0
61523,45.02,15.96,95.7,335.0,0
60506,50.2,9.6,38.3,398.0,0
57453,65.6,16.38,100.0,382.0,0
93278,58.27,2.24,53.01,69.0,0
34998,78.03,7.38,36.31,587.0,0
33054,41.77,5.54,93.24,567.0,0
77197,26.55,15.36,58.52,181.0,0
21686,79.73,10.78,49.03,684.0,0
20892,48.1,10.0,34.03,753.0,0
21504,33.8,14.0,75.28,776.0,0
14717,86.14,3.23,55.22,796.0,0
57591,64.58,6.6,67.23,368.0,0
9847,54.5,7.08,82.59,818.0,0
2235,66.26,3.18,79.3,877.0,0
24906,50.13,12.93,56.48,672.0,0
24793,54.24,6.08,70.36,797.0,0
86764,54.53,10.1,79.0,24.0,0
58173,64.28,9.85,62.05,324.0,0
21327,38.19,10.1,69.46,781.0,0
47838,80.28,3.98,90.59,420.0,0
36945,52.13,9.08,58.09,562.0,0
16272,73.13,-0.71,73.85,779.0,0
8212,80.22,7.9,78.2,876.0,0
29110,58.56,13.36,51.8,699.0,0
97697,57.45,12.54,41.91,0.0,1
34249,46.41,18.72,79.9,613.0,0
94078,81.26,11.71,100.0,0.0,1
31171,47.04,14.82,82.01,683.0,0
55622,53.33,12.49,100.0,445.0,0
3435,71.52,15.55,53.12,842.0,0
14986,48.78,5.42,83.95,871.0,0
79777,71.17,2.47,58.93,201.0,0
29462,39.64,9.32,86.44,653.0,0
11743,82.87,11.7,70.87,811.0,0
11766,102.93,-1.19,87.45,788.0,0
40683,68.91,12.59,45.92,534.0,0
17871,50.27,8.36,100.0,713.0,0
98771,79.41,11.39,92.4,0.0,1
87341,70.07,8.5,61.16,74.0,0
20757,58.67,4.66,65.34,692.0,0
71336,66.43,4.38,81.27,190.0,0
83192,60.1,14.84,31.61,135.0,0
86718,64.2,20.27,65.88,99.0,0
93846,57.73,19.53,81.2,0.0,1
8403,60.43,13.39,52.76,920.0,0
64162,80.61,3.81,40.37,302.0,0
83052,79.65,17.66,63.81,94.0,0
72547,55.44,15.28,95.38,186.0,0
35155,59.57,11.96,70.76,627.0,0
7260,60.89,11.81,89.49,859.0,0
2043,58.77,14.13,31.88,864.0,0
71804,43.83,6.05,55.56,318.0,0
65716,74.08,15.74,88.24,242.0,0
68858,41.11,15.18,84.25,283.0,0
42175,55.61,18.42,46.64,494.0,0
98637,64.87,9.43,89.1,0.0,1
59404,68.1,15.12,44.68,418.0,0
64618,95.03,10.73,81.57,263.0,0
32308,43.12,18.86,55.71,597.0,0
66347,63.28,8.97,84.14,277.0,0
3433,40.52,10.86,55.84,883.0,0
33532,73.23,14.12,89.88,628.0,0
33348,53.92,3.93,59.68,648.0,0
52390,38.92,6.27,99.27,497.0,0
95103,59.08,14.11,90.41,0.0,1
85899,62.71,18.0,84.42,97.0,0
11431,82.79,7.97,39.45,822.0,0
6372,41.56,3.04,50.99,904.0,0
94016,65.44,6.83,78.37,0.0,1
22675,49.4,14.28,78.59,673.0,0
69305,50.41,9.66,62.57,370.0,0
30043,24.14,8.11,70.74,623.0,0
28294,56.99,12.15,80.81,616.0,0
52418,76.67,7.47,52.42,450.0,0
65615,67.95,9.85,60.33,362.0,0
67191,55.92,14.09,44.59,215.0,0
24513,57.34,4.32,70.39,776.0,0
50771,28.74,8.41,74.4,542.0,0
95473,64.79,10.52,56.74,0.0,1
62883,50.65,10.34,54.64,325.0,0
89540,33.1,6.26,37.28,152.0,0
81159,40.73,10.2,40.59,198.0,0
45164,69.94,9.18,100.0,477.0,0
12083,38.74,14.07,42.26,773.0,0
89946,64.21,8.99,32.59,105.0,0
95863,83.88,13.17,100.0,0.0,1
39391,68.09,7.7,100.0,520.0,0
89825,67.58,9.4,50.24,167.0,0
21803,50.23,9.2,60.39,762.0,0
64350,66.12,13.53,66.23,278.0,0
20302,70.27,15.76,100.0,814.0,0
38608,68.75,12.14,80.76,513.0,0
38595,60.57,17.27,60.83,646.0,0
41744,75.1,15.35,52.03,567.0,0
9169,44.88,8.41,75.7,850.0,0
96126,32.08,13.96,99.99,0.0,1
62316,20.84,13.71,65.75,379.0,0
86912,54.09,9.24,59.46,114.0,0
15490,44.28,11.83,64.91,831.0,0
58178,79.87,7.83,100.0,369.0,0
89700,57.18,17.34,80.16,33.0,0
75111,62.88,-0.13,69.5,320.0,0
16178,52.59,4.15,48.79,785.0,0
16112,65.62,2.74,92.85,838.0,0
51634,69.99,12.15,63.06,478.0,0
11637,44.31,3.83,71.33,875.0,0
6764,40.96,3.35,90.03,944.0,0
66364,33.26,14.99,90.45,266.0,0
69626,31.11,4.29,98.12,324.0,0
44211,51.19,4.62,60.33,596.0,0
22402,50.28,4.96,84.58,784.0,0
50853,65.34,5.4,91.89,445.0,0
96319,53.61,8.28,100.0,0.0,1
93652,67.48,20.46,77.4,84.0,0
82281,60.15,6.53,57.07,249.0,0
73718,53.28,8.23,77.44,229.0,0
54144,58.47,2.35,62.33,384.0,0
90209,49.96,9.08,74.68,50.0,0
75512,76.56,5.03,69.62,163.0,0
48487,76.99,20.68,88.87,398.0,0
45501,47.31,10.06,80.96,446.0,0
75151,63.87,5.85,70.15,209.0,0
69267,64.51,12.3,99.85,210.0,0
65352,64.37,10.84,54.78,242.0,0
51978,59.32,0.32,72.28,454.0,0
96674,30.99,14.99,42.93,0.0,1
91993,50.71,3.47,60.7,130.0,0
54052,56.08,10.86,79.1,391.0,0
73161,65.62,8.41,64.29,254.0,0
90177,63.68,13.58,64.18,0.0,1
88649,92.79,1.28,31.63,11.0,0
56174,33.73,2.29,54.17,382.0,0
66212,72.65,8.78,77.07,355.0,0
46306,92.53,7.93,100.0,482.0,0
84674,69.16,9.97,47.9,136.0,0
5363,56.19,12.16,81.78,971.0,0
30679,65.27,4.38,61.68,684.0,0
25933,53.48,15.73,45.36,644.0,0
79111,48.48,9.71,47.56,80.0,0
21399,63.78,8.64,100.0,768.0,0
14857,47.55,6.09,69.01,764.0,0
90131,28.1,7.96,97.87,76.0,0
74009,71.76,-1.12,52.23,183.0,0
24624,63.01,10.94,70.25,656.0,0
84355,64.72,9.62,100.0,40.0,0
29453,48.08,-1.45,57.05,657.0,0
38445,45.54,7.04,64.64,623.0,0
23753,49.41,5.53,50.21,760.0,0
99192,68.82,11.26,82.48,0.0,1
28774,57.49,3.77,75.28,660.0,0
31740,72.72,11.24,100.0,548.0,0
91642,32.2,3.62,57.02,12.0,0
18190,71.38,13.73,66.3,725.0,0
69657,56.82,1.88,79.31,291.0,0
10144,50.59,8.69,98.52,936.0,0
500,57.79,18.12,36.06,873.0,0
78038,51.04,11.62,78.75,159.0,0
35148,90.88,6.27,66.39,572.0,0
93567,68.23,2.67,100.0,112.0,0
51407,69.25,5.66,40.9,417.0,0
48785,74.99,7.96,58.46,507.0,0
16879,61.25,7.78,85.23,719.0,0
97306,77.7,10.68,39.21,0.0,1
65824,49.79,16.96,74.37,240.0,0
63192,73.94,6.45,59.88,403.0,0
91231,61.76,11.7,59.51,12.0,0
35217,46.04,14.92,63.84,537.0,0
22626,60.85,6.37,74.01,724.0,0
56988,47.63,12.17,100.0,428.0,0
40289,38.59,-6.04,84.95,614.0,0
98259,52.47,8.44,35.02,0.0,1
43809,51.24,-0.24,56.06,549.0,0
46621,36.49,5.45,57.34,422.0,0
3363,44.29,8.83,62.9,877.0,0
36742,64.75,8.24,66.97,474.0,0
43592,53.71,10.76,81.84,448.0,0
26553,34.95,19.47,73.04,724.0,0
84866,70.91,17.53,28.0,77.0,0
93185,47.66,4.11,57.43,112.0,0
1187,35.64,14.81,51.6,1022.0,0
58818,45.91,21.9,71.91,424.0,0
94758,55.98,2.73,98.67,43.0,0
86003,68.45,5.26,68.55,58.0,0
85245,76.12,13.13,72.29,47.0,0
17777,69.65,8.49,100.0,626.0,0
73341,42.91,19.85,69.31,232.0,0
53476,67.75,16.45,63.98,375.0,0
74751,63.42,10.33,48.21,157.0,0
12125,66.01,14.84,78.47,838.0,0
79183,60.71,13.9,36.87,186.0,0
48617,52.91,14.42,33.27,371.0,0
51850,68.71,12.54,60.54,376.0,0
65285,84.59,7.46,56.52,302.0,0
73648,76.14,15.76,56.09,278.0,0
69031,41.89,12.35,100.0,229.0,0
28103,65.68,12.45,43.48,713.0,0
68629,65.67,5.71,19.14,248.0,0
64665,43.79,11.52,58.45,249.0,0
45109,71.52,15.29,55.25,461.0,0
36336,71.1,12.99,54.86,540.0,0
62127,44.99,16.94,39.8,329.0,0
36997,36.89,12.04,48.75,562.0,0
59467,78.3,13.28,66.01,297.0,0
41471,32.83,13.41,54.09,466.0,0
6897,51.48,17.73,41.95,860.0,0
93682,71.92,13.2,71.85,31.0,0
47600,78.63,-2.47,50.53,496.0,0
55750,79.58,22.04,86.09,303.0,0
55680,49.49,7.7,97.88,382.0,0
95573,61.02,16.81,100.0,0.0,1
49850,35.57,21.57,83.49,487.0,0
51311,61.09,14.22,98.04,398.0,0
14413,90.99,18.23,50.74,693.0,0
60399,81.2,16.29,26.13,307.0,0
52973,33.93,16.35,100.0,338.0,0
74403,55.36,10.17,79.91,232.0,0
8642,64.89,8.7,89.41,891.0,0
39275,54.85,15.56,86.19,462.0,0
90920,49.06,4.61,63.05,48.0,0
37525,92.28,18.49,69.27,478.0,0
6574,61.31,8.43,22.98,960.0,0
69009,90.01,4.15,66.95,315.0,0
51800,57.97,11.37,67.53,415.0,0
45706,32.83,15.12,96.35,490.0,0
92874,81.98,10.22,50.59,100.0,0
75948,51.87,13.5,78.12,155.0,0
87687,88.02,10.13,86.12,110.0,0
81563,78.17,-2.99,41.38,68.0,0
5613,63.02,16.48,61.87,857.0,0
29933,30.04,4.37,81.44,637.0,0
62670,65.64,13.4,64.5,306.0,0
69255,63.01,8.31,63.56,251.0,0
88437,51.79,12.77,93.53,48.0,0
34158,63.65,3.56,71.98,623.0,0
85810,55.3,11.97,34.1,113.0,0
42490,76.68,12.49,73.73,433.0,0
70589,62.62,11.33,76.32,224.0,0
16678,58.04,16.93,100.0,824.0,0
11694,58.07,10.81,59.64,737.0,0
77410,63.53,13.66,42.05,316.0,0
75724,61.09,4.55,88.85,217.0,0
51616,44.45,7.9,65.51,475.0,0
35650,41.62,2.63,95.73,545.0,0
70025,45.22,11.78,100.0,183.0,0
34002,34.54,3.86,74.44,551.0,0
48824,62.29,1.39,92.84,551.0,0
21486,63.98,3.75,41.95,650.0,0
5665,68.3,9.41,32.75,862.0,0
85677,26.68,15.79,93.43,148.0,0
36984,69.01,7.61,85.52,481.0,0
83454,59.75,4.29,80.34,125.0,0
78104,49.94,11.9,31.98,144.0,0
62182,36.95,16.89,100.0,282.0,0
45557,37.39,3.37,67.91,412.0,0
72453,57.62,5.19,90.07,161.0,0
15761,74.4,6.36,76.39,794.0,0
57086,64.99,14.36,82.05,433.0,0
85059,57.78,11.74,63.13,67.0,0
97486,73.7,-0.18,52.93,49.0,0
18696,86.91,9.68,65.55,648.0,0
33463,59.87,7.15,27.13,619.0,0
5998,69.95,6.25,75.64,907.0,0
60245,66.27,15.04,55.17,286.0,0
8570,72.5,15.92,100.0,865.0,0
99770,58.68,4.07,42.3,0.0,1
4616,92.09,4.96,100.0,899.0,0
10177,50.18,5.33,56.14,893.0,0
4653,57.36,20.06,62.69,846.0,0
19940,60.94,8.52,68.53,675.0,0
75584,55.16,0.59,63.27,307.0,0
23379,83.43,8.8,78.41,738.0,0
30137,48.48,13.48,59.8,756.0,0
55867,89.06,18.6,93.14,383.0,0
95152,60.63,1.16,89.22,0.0,1
25382,55.76,14.5,67.18,708.0,0
20021,45.34,12.04,41.68,649.0,0
7015,59.31,20.79,76.86,844.0,0
15377,57.89,15.79,32.1,825.0,0
47487,73.92,14.06,49.57,499.0,0
36026,45.32,2.01,93.48,560.0,0
82298,46.38,1.01,65.32,141.0,0
89721,56.44,16.85,64.12,113.0,0
19300,46.63,9.89,84.69,788.0,0
78323,43.13,9.49,83.61,175.0,0
81125,72.77,6.77,69.62,78.0,0
24713,56.74,10.07,53.74,745.0,0
59312,45.71,10.15,70.79,282.0,0
87668,31.66,12.44,80.98,103.0,0
7235,45.67,9.31,100.0,807.0,0
12997,41.69,14.54,79.78,801.0,0
12789,56.78,18.95,58.65,836.0,0
986,78.42,18.15,31.68,936.0,0
49479,81.31,8.66,88.93,497.0,0
89213,55.68,4.8,62.3,76.0,0
1297,66.41,11.64,96.5,982.0,0
26991,64.65,6.27,55.46,721.0,0
57664,70.16,3.71,91.97,369.0,0
1041,76.0,10.01,69.66,907.0,0
19123,51.54,3.83,66.02,728.0,0
81809,65.2,9.77,63.37,192.0,0
47295,60.25,3.15,41.31,401.0,0
62533,70.27,16.86,54.87,371.0,0
52347,60.03,16.62,64.11,386.0,0
74824,46.37,5.69,75.9,211.0,0
17740,83.59,9.47,32.6,693.0,0
37554,90.43,6.07,85.82,595.0,0
77210,43.74,13.41,68.17,257.0,0
77008,68.17,13.45,85.4,148.0,0
75450,71.11,16.12,38.24,218.0,0
83704,63.01,4.73,45.38,140.0,0
36830,57.93,4.28,95.48,610.0,0
51824,75.39,4.16,100.0,468.0,0
84375,48.59,11.51,84.94,98.0,0
97386,59.64,8.46,100.0,0.0,1
71219,79.27,9.88,45.23,206.0,0
16179,44.21,17.44,68.43,714.0,0
89901,66.36,10.73,63.07,79.0,0
39125,79.05,12.43,55.56,530.0,0
70909,67.74,15.5,91.21,194.0,0
43890,45.66,10.41,48.06,538.0,0
54343,56.83,20.82,100.0,425.0,0
67500,45.33,2.1,100.0,357.0,0
20055,80.4,8.49,60.85,761.0,0
89228,67.55,9.66,67.36,54.0,0
60681,23.77,11.03,57.65,395.0,0
41648,56.63,10.27,82.15,457.0,0
23829,83.22,8.05,53.52,767.0,0
92736,65.18,11.08,49.98,65.0,0
40977,33.46,14.26,43.9,563.0,0
53357,50.38,14.98,73.24,498.0,0
16504,46.6,8.29,65.43,750.0,0
33535,84.12,3.75,41.91,609.0,0
96991,79.77,11.02,89.78,0.0,1
85410,53.2,13.37,95.92,93.0,0
61822,52.32,16.11,52.33,344.0,0
8389,70.49,19.18,57.55,825.0,0
38267,51.23,6.51,48.9,585.0,0
64726,72.21,10.61,78.7,288.0,0
81750,69.02,4.21,69.04,165.0,0
43773,53.5,12.34,71.47,505.0,0
18969,53.87,6.57,51.6,831.0,0
59083,28.02,6.56,80.02,242.0,0
12936,56.21,15.2,75.23,865.0,0
75141,42.04,9.11,90.43,262.0,0
9120,64.13,11.5,61.99,936.0,0
51286,68.12,8.5,89.54,499.0,0
16968,60.61,3.87,59.84,792.0,0
52672,74.46,12.12,83.38,389.0,0
41607,65.48,14.18,54.28,522.0,0
86944,46.69,12.96,30.07,73.0,0
73455,36.32,5.27,87.49,207.0,0
89665,63.61,6.87,67.27,10.0,0
26714,60.15,14.59,74.38,631.0,0
71547,57.47,9.36,64.59,209.0,0
14903,71.37,5.46,48.64,882.0,0
86746,67.63,20.35,86.34,47.0,0
6104,66.94,6.88,89.95,857.0,0
16938,52.19,8.69,75.14,704.0,0
63131,37.14,19.0,90.72,274.0,0
69729,66.71,-1.08,38.21,287.0,0
16969,49.85,7.1,94.07,762.0,0
34684,50.16,7.28,95.68,567.0,0
41873,69.38,12.07,88.57,595.0,0
78225,47.78,10.97,67.11,248.0,0
79070,55.93,17.82,61.81,144.0,0
50595,48.78,11.66,82.51,493.0,0
63912,47.58,28.16,93.55,221.0,0
31425,81.58,10.29,54.82,583.0,0
86512,45.85,10.78,82.91,112.0,0
71030,74.83,5.73,90.82,323.0,0
84155,43.48,16.25,60.4,113.0,0
93095,59.8,9.55,61.66,75.0,0
44315,40.66,11.76,33.37,471.0,0
16717,53.06,9.58,45.78,807.0,0
83435,59.79,15.83,84.92,40.0,0
81522,59.76,17.21,71.51,148.0,0
28282,58.49,1.29,100.0,643.0,0
27966,74.41,7.03,66.13,691.0,0
49584,80.65,5.65,51.46,515.0,0
57874,94.86,7.91,100.0,404.0,0
80399,71.08,9.86,93.9,235.0,0
91400,59.53,2.26,100.0,29.0,0
13350,68.31,16.68,49.39,746.0,0
73496,63.33,23.02,77.85,250.0,0
29574,55.05,3.72,90.73,685.0,0
13263,71.61,14.82,59.61,823.0,0
55842,33.43,13.19,54.75,432.0,0
8435,49.79,14.21,60.17,832.0,0
86428,51.69,14.47,51.19,73.0,0
347,59.99,0.53,82.42,1004.0,0
89322,62.41,2.62,58.77,104.0,0
13823,69.3,13.57,28.24,784.0,0
24599,93.46,12.62,94.73,811.0,0
75525,54.99,11.39,95.41,242.0,0
32021,80.6,10.74,84.82,548.0,0
58093,33.07,15.65,67.24,396.0,0
55928,58.16,8.21,68.7,427.0,0
78438,61.38,8.55,83.02,236.0,0
84432,58.41,5.14,52.85,143.0,0
33682,49.12,7.86,62.87,568.0,0
41305,55.0,17.07,60.66,511.0,0
36207,58.95,6.18,50.99,640.0,0
50014,47.08,8.36,91.87,422.0,0
54637,81.12,3.43,72.18,366.0,0
20982,75.86,7.01,77.79,708.0,0
75191,60.33,8.85,54.05,194.0,0
66207,60.06,17.81,94.82,195.0,0
88470,54.74,15.74,86.65,0.0,1
92005,64.32,13.58,83.82,6.0,1
67249,23.45,14.72,36.33,263.0,0
50322,73.08,11.28,89.19,450.0,0
18456,66.5,15.4,56.95,728.0,0
66153,51.85,9.6,74.74,325.0,0
67494,72.68,14.2,46.27,341.0,0
81365,67.95,16.53,72.28,82.0,0
27368,61.79,5.12,59.39,774.0,0
51282,77.0,7.54,66.46,467.0,0
78657,60.77,10.91,63.39,147.0,0
79517,42.05,9.71,86.45,208.0,0
37019,49.15,12.11,87.66,612.0,0
43314,79.06,0.95,72.9,529.0,0
82105,61.41,20.68,57.8,175.0,0
93860,54.31,8.62,60.42,0.0,1
99963,41.32,12.8,86.31,0.0,1
46671,52.82,9.4,56.5,542.0,0
76176,45.37,6.21,70.93,245.0,0
25358,90.42,7.59,49.88,658.0,0
66347,44.59,13.26,64.92,289.0,0
96496,52.94,6.28,85.71,0.0,1
46921,72.37,10.54,100.0,533.0,0
32071,39.63,12.15,67.59,574.0,0
20923,50.31,16.52,54.35,716.0,0
54949,75.46,18.1,100.0,404.0,0
66851,53.2,-4.56,2.59,293.0,0
70061,49.76,10.59,48.29,200.0,0
91693,78.96,8.77,74.55,16.0,0
43204,56.78,6.58,83.48,455.0,0
89105,44.77,11.17,28.69,111.0,0
36940,51.3,4.66,79.26,610.0,0
34409,56.07,9.18,81.0,622.0,0
29162,45.28,12.4,66.17,611.0,0
39093,59.19,6.68,75.96,595.0,0
52462,79.7,8.18,88.65,415.0,0
37808,73.82,17.89,75.46,518.0,0
93401,74.21,12.85,69.1,45.0,0
41722,33.87,7.81,46.56,608.0,0
78042,49.4,9.64,65.73,132.0,0
41684,57.27,14.53,57.34,461.0,0
38661,92.06,0.18,56.01,517.0,0
61683,46.07,9.09,66.36,379.0,0
73825,54.35,11.14,64.1,228.0,0
56542,82.04,17.68,43.86,379.0,0
22916,64.91,12.43,70.52,736.0,0
53747,52.13,9.22,46.97,327.0,0
2595,65.11,12.21,87.57,946.0,0
98800,73.06,9.73,70.21,0.0,1
54156,78.92,4.23,97.61,330.0,0
83443,66.09,11.72,55.91,140.0,0
17550,40.98,10.69,66.45,778.0,0
9108,57.86,10.41,67.75,855.0,0
92119,66.99,6.86,61.93,33.0,0
45872,85.43,3.86,73.02,509.0,0
23120,45.69,13.46,80.94,752.0,0
55963,49.35,1.8,94.75,400.0,0
94479,86.12,11.18,49.58,47.0,0
95022,51.73,5.36,86.42,58.0,0
38005,49.69,7.16,100.0,618.0,0
55049,57.88,7.77,83.63,384.0,0
56991,89.83,5.5,83.38,415.0,0
35202,73.17,9.36,100.0,615.0,0
88689,40.68,15.91,31.87,113.0,0
95318,79.93,10.8,90.44,0.0,1
51836,38.24,15.34,58.65,446.0,0
89905,66.99,11.14,78.13,30.0,0
77586,52.0,13.26,83.37,150.0,0
68322,61.0,13.56,56.93,229.0,0
92366,77.08,18.6,92.15,0.0,1
27564,71.63,19.8,27.94,609.0,0
78471,40.04,6.87,68.88,197.0,0
93770,75.93,10.09,66.9,85.0,0
43494,25.11,14.52,56.87,566.0,0
2457,72.97,12.81,71.15,899.0,0
92601,45.31,15.09,71.37,14.0,0
88034,77.01,11.51,32.98,71.0,0
24964,96.21,7.33,62.07,658.0,0
43982,64.66,7.28,94.7,594.0,0
27244,58.96,13.71,69.05,671.0,0
21174,82.98,5.88,98.92,740.0,0
6255,70.67,12.96,48.76,848.0,0
80996,68.17,9.34,90.48,144.0,0
38271,52.25,9.56,88.15,495.0,0
6044,78.0,3.73,69.31,888.0,0
12449,59.27,7.76,70.82,974.0,0
49208,62.09,7.82,87.33,506.0,0
63947,59.43,-0.68,81.16,273.0,0
5921,55.84,12.34,66.05,866.0,0
98731,65.46,5.01,69.63,0.0,1
99728,52.9,16.63,99.6,0.0,1
64340,73.92,9.38,63.42,294.0,0
90573,75.24,14.54,43.21,0.0,1
20256,63.98,4.99,95.85,644.0,0
78442,50.12,-2.53,58.02,167.0,0
2064,58.26,9.84,55.34,978.0,0
14633,48.67,11.01,38.38,728.0,0
81605,53.21,12.92,89.75,122.0,0
25863,47.63,14.86,47.55,751.0,0
56286,55.02,4.63,79.0,407.0,0
52968,41.08,12.08,45.68,423.0,0
12451,69.3,9.15,70.79,750.0,0
15796,42.2,13.63,59.86,709.0,0
63156,72.08,4.75,100.0,338.0,0
7782,52.1,14.21,33.98,880.0,0
84138,51.6,16.9,79.45,109.0,0
41088,69.33,8.92,74.95,540.0,0
19117,65.62,6.55,44.12,813.0,0
52692,63.89,5.84,100.0,379.0,0
6867,24.18,10.18,48.78,1000.0,0
49993,51.35,21.42,36.57,422.0,0
65337,54.21,8.86,40.42,381.0,0
12002,91.01,14.43,65.36,734.0,0
83967,39.83,2.59,65.67,83.0,0
11195,73.7,5.89,73.3,924.0,0
93634,78.79,13.14,33.25,3.0,1
95674,69.95,8.47,100.0,78.0,0
33076,78.41,14.82,100.0,625.0,0
2476,52.36,10.01,53.46,814.0,0
77911,48.54,6.99,57.8,150.0,0
43807,33.04,8.42,57.52,484.0,0
16457,48.82,9.77,63.03,836.0,0
50178,90.29,9.36,34.75,381.0,0
24920,52.15,12.3,29.83,761.0,0
72753,49.79,3.94,54.11,315.0,0
55002,72.47,18.01,86.98,338.0,0
24808,47.01,4.23,92.66,674.0,0
80360,47.12,5.28,46.57,180.0,0
5893,54.26,13.8,61.3,855.0,0
65969,46.24,7.05,60.71,346.0,0
22232,76.72,10.86,72.23,695.0,0
66687,45.02,1.81,24.29,333.0,0
28158,44.75,13.24,56.09,734.0,0
29031,82.5,13.65,53.66,598.0,0
88690,71.04,8.62,71.31,0.0,1
19764,67.53,8.17,80.75,745.0,0
54148,69.02,6.46,62.84,334.0,0
28805,69.93,16.31,95.89,588.0,0
16572,90.58,17.51,47.48,749.0,0
96499,42.3,4.02,82.88,34.0,0
71858,58.71,6.29,85.18,297.0,0
35561,77.45,12.72,84.22,606.0,0
60686,62.72,8.9,72.63,361.0,0
33259,62.9,4.68,63.91,694.0,0
62090,61.91,14.17,59.16,478.0,0
91179,68.04,13.75,64.44,80.0,0
40497,70.95,17.44,48.21,567.0,0
54047,49.69,11.33,82.51,489.0,0
39069,51.21,2.56,44.84,520.0,0
63021,65.17,-0.42,64.3,436.0,0
95083,53.5,14.01,63.62,15.0,0
21111,42.27,6.72,88.72,803.0,0
9464,43.49,0.06,61.46,835.0,0
4356,65.0,13.1,72.53,912.0,0
67,79.3,10.16,47.84,996.0,0
18388,63.95,13.77,100.0,783.0,0
82453,60.41,10.82,63.59,137.0,0
92943,51.41,9.73,81.98,142.0,0
14633,63.66,6.44,74.04,808.0,0
30884,58.82,13.08,51.8,659.0,0
39842,58.82,21.39,85.05,508.0,0
96422,76.71,3.68,100.0,0.0,1
86677,49.88,10.98,69.86,61.0,0
30515,57.37,6.76,79.48,562.0,0
97210,55.43,0.56,57.22,61.0,0
4582,44.65,14.85,72.1,926.0,0
61799,48.52,10.68,74.56,272.0,0
15184,73.39,6.27,46.91,768.0,0
52566,36.49,6.47,47.39,505.0,0
13765,71.75,15.24,60.44,723.0,0
15691,61.54,5.85,23.06,792.0,0
58184,53.07,2.65,62.36,407.0,0
17149,25.83,11.81,58.45,736.0,0
81708,60.96,19.15,68.86,130.0,0
49186,57.07,5.26,66.26,446.0,0
78354,32.39,7.1,79.75,157.0,0
66272,49.32,3.03,43.38,335.0,0
33254,62.64,9.19,99.31,701.0,0
42199,66.73,18.89,53.99,523.0,0
75233,55.45,5.09,82.51,164.0,0
20647,51.63,11.0,48.81,765.0,0
42405,62.52,12.0,83.42,531.0,0
12732,58.57,18.69,88.35,782.0,0
28640,71.39,16.28,83.63,565.0,0
76010,67.74,10.46,99.66,124.0,0
26277,40.04,12.85,66.59,593.0,0
44547,45.16,13.59,79.97,493.0,0
33679,35.01,5.05,81.68,597.0,0
47320,22.68,8.96,77.87,433.0,0
7073,57.58,9.88,70.63,822.0,0
9282,67.68,15.84,77.36,808.0,0
73424,45.38,10.84,37.29,197.0,0
45730,19.84,6.16,98.61,514.0,0
39808,51.36,2.28,82.88,538.0,0
95030,62.02,5.69,54.49,12.0,0
8740,55.96,13.76,48.37,811.0,0
39088,68.94,13.09,98.81,474.0,0
38397,63.67,9.11,52.25,530.0,0
49399,93.89,5.37,59.33,506.0,0
74567,60.38,6.31,100.0,228.0,0
51143,49.96,11.09,80.87,349.0,0
89910,49.08,15.28,35.29,32.0,0
22896,62.47,14.67,69.73,732.0,0
55511,63.27,16.9,81.1,349.0,0
41634,62.17,11.85,72.27,502.0,0
41910,59.61,2.74,100.0,563.0,0
54429,79.92,13.42,87.23,389.0,0
24950,79.41,17.92,75.07,679.0,0
30982,49.68,11.04,62.07,673.0,0
65942,41.12,2.43,60.33,346.0,0
57457,66.84,11.38,16.47,393.0,0
86150,62.52,10.98,70.52,138.0,0
18571,73.82,4.16,42.57,748.0,0
68213,90.25,14.34,71.58,283.0,0
93381,70.8,6.29,55.64,77.0,0
68964,62.57,14.98,60.45,355.0,0
69225,38.86,9.63,60.97,274.0,0
14835,69.77,9.1,76.59,791.0,0
7395,57.36,19.62,68.22,786.0,0
61433,55.39,8.79,64.16,382.0,0
16862,80.73,10.32,39.9,837.0,0
28343,53.2,13.31,64.2,732.0,0
43959,39.97,12.74,59.66,517.0,0
3232,64.99,4.44,86.67,1010.0,0
3449,50.87,14.32,99.84,946.0,0
34405,65.68,8.34,96.82,513.0,0
74544,27.95,7.23,100.0,196.0,0
32397,48.81,10.48,59.31,595.0,0
19295,58.31,11.67,36.49,705.0,0
51640,62.02,6.72,100.0,418.0,0
35879,52.2,9.3,77.03,536.0,0
97141,65.31,13.99,76.72,25.0,0
76258,38.89,8.18,50.82,196.0,0
46470,74.24,10.53,46.7,456.0,0
6050,54.51,12.79,60.39,819.0,0
45004,52.25,5.53,32.9,551.0,0
86571,76.11,20.38,68.11,0.0,1
83603,78.95,7.39,50.06,128.0,0
33711,64.37,18.0,47.35,537.0,0
80458,29.3,2.6,61.11,97.0,0
8622,69.45,11.49,64.5,838.0,0
56573,53.07,5.65,73.4,339.0,0
40872,32.93,-0.27,92.5,627.0,0
55920,68.26,8.31,100.0,401.0,0
37004,46.33,16.88,90.91,552.0,0
81026,55.15,18.61,55.3,113.0,0
64965,57.28,6.14,49.71,326.0,0
40642,66.69,9.4,58.53,522.0,0
3241,46.99,6.36,68.58,984.0,0
96765,61.09,15.83,78.04,10.0,0
90298,89.56,7.33,94.33,99.0,0
80508,58.6,11.01,92.77,106.0,0
59771,67.29,5.31,100.0,384.0,0
31186,64.68,11.32,49.2,616.0,0
7206,56.4,11.37,61.33,863.0,0
59670,34.27,11.68,83.08,356.0,0
62740,78.04,9.33,71.07,436.0,0
95952,67.54,8.94,40.7,0.0,1
84884,58.26,9.27,59.36,85.0,0
66651,67.37,8.43,90.37,294.0,0
20609,64.32,19.52,53.52,718.0,0
91558,105.94,14.89,58.42,24.0,0
75377,50.35,14.34,61.81,210.0,0
66535,60.11,4.64,80.08,327.0,0
89035,69.9,7.99,82.62,76.0,0
45699,35.71,0.2,81.88,545.0,0
72928,56.7,8.08,99.42,236.0,0
1232,44.18,3.12,81.69,997.0,0
51366,55.54,16.06,89.24,477.0,0
16487,42.08,2.35,39.22,834.0,0
39624,69.19,14.0,52.35,581.0,0
31937,78.35,2.74,38.62,610.0,0
72676,97.88,9.63,35.69,315.0,0
15802,56.19,17.66,100.0,745.0,0
86125,58.36,6.96,100.0,75.0,0
26203,61.65,14.87,43.47,740.0,0
32095,46.88,15.2,100.0,561.0,0
25944,62.25,9.32,48.6,637.0,0
59056,36.55,10.92,68.42,270.0,0
48532,59.52,-1.86,60.65,544.0,0
76149,81.38,13.26,82.93,217.0,0
4679,41.81,7.35,100.0,1006.0,0
70118,54.01,1.35,57.97,254.0,0
96490,55.62,8.47,45.05,0.0,1
80502,79.52,4.76,88.2,156.0,0
93326,98.1,-2.35,62.43,45.0,0
76065,48.99,9.86,75.06,191.0,0
67223,67.48,3.8,95.33,159.0,0
17969,72.06,7.44,56.43,763.0,0
99349,43.06,8.15,55.52,0.0,1
7579,67.98,7.77,66.56,835.0,0
62676,81.83,7.71,52.36,337.0,0
84090,82.4,10.11,44.87,158.0,0
17661,90.89,20.25,67.85,744.0,0
11063,37.61,7.07,60.25,902.0,0
40977,77.68,8.37,63.89,487.0,0
63589,50.2,15.35,88.61,273.0,0
23140,56.19,9.13,26.03,772.0,0
66409,41.37,3.53,75.99,338.0,0
58503,72.67,5.01,59.05,359.0,0
56573,60.69,3.04,57.8,414.0,0
61093,63.44,10.27,53.82,428.0,0
92503,64.04,4.65,100.0,0.0,1
6963,55.23,5.11,97.11,878.0,0
80621,32.87,11.4,80.68,124.0,0
74407,86.51,13.16,88.41,215.0,0
19153,47.14,15.25,43.98,702.0,0
12392,44.97,16.31,47.31,849.0,0
71599,23.18,8.62,100.0,320.0,0
51014,72.27,7.78,77.48,401.0,0
15699,54.27,9.54,84.36,871.0,0
45040,86.12,3.71,80.76,452.0,0
44214,59.98,16.97,77.08,425.0,0
40581,66.48,7.99,76.41,557.0,0
61202,41.46,6.41,64.63,362.0,0
52204,66.2,21.24,100.0,511.0,0
81843,71.76,9.58,69.11,87.0,0
60877,40.33,14.37,100.0,320.0,0
62063,61.89,14.03,73.42,453.0,0
8682,64.13,8.07,88.64,913.0,0
70735,46.97,16.38,33.39,176.0,0
27734,54.44,17.82,79.35,638.0,0
36806,80.86,13.12,51.34,669.0,0
51413,56.52,16.52,87.24,471.0,0
98475,57.29,8.4,62.03,0.0,1
34992,61.84,13.4,72.3,580.0,0
62397,61.97,5.63,87.72,260.0,0
1015,64.66,2.56,12.46,997.0,0
81122,72.88,7.7,75.45,99.0,0
25098,85.77,18.0,54.85,642.0,0
1719,59.62,14.39,64.57,869.0,0
33896,77.95,13.27,53.98,567.0,0
4407,65.52,12.1,78.73,804.0,0
37021,47.08,11.07,66.81,684.0,0
92994,55.27,17.91,81.61,10.0,0
6629,48.08,13.55,100.0,816.0,0
30785,68.74,9.0,100.0,697.0,0
24529,63.99,10.42,71.99,609.0,0
11267,56.85,0.13,87.73,891.0,0
77813,40.91,13.72,100.0,206.0,0
35937,78.68,16.86,49.43,500.0,0
16395,76.62,8.91,69.15,853.0,0
56572,67.09,9.67,95.14,457.0,0
37551,78.73,14.79,70.47,594.0,0
11125,100.28,14.67,79.02,806.0,0
67038,58.31,14.11,97.52,243.0,0
90616,53.36,8.01,74.86,27.0,0
61075,54.85,9.1,35.27,360.0,0
63607,72.88,1.12,41.95,379.0,0
75330,59.99,15.23,100.0,256.0,0
52166,56.5,20.15,79.05,428.0,0
45309,55.49,4.05,65.0,629.0,0
29787,68.36,16.97,30.46,575.0,0
37082,42.78,10.6,61.71,638.0,0
44719,69.38,11.89,100.0,547.0,0
703,67.71,14.08,65.38,1004.0,0
75602,55.55,11.51,63.83,179.0,0
99056,49.43,11.45,78.01,0.0,1
31659,61.04,7.42,66.74,663.0,0
5005,52.76,14.33,68.52,858.0,0
15222,81.13,5.2,100.0,741.0,0
84877,64.81,21.46,71.97,32.0,0
60594,35.86,16.0,50.3,374.0,0
89786,88.38,10.93,55.17,28.0,0
24448,52.96,12.41,100.0,723.0,0
28816,79.33,6.51,82.51,658.0,0
85825,77.45,0.93,65.37,63.0,0
63290,54.9,5.2,68.03,296.0,0
25581,55.49,10.59,53.89,667.0,0
88424,74.37,-0.52,52.76,0.0,1
92702,66.04,13.19,54.94,0.0,1
43456,72.14,8.22,80.94,572.0,0
55350,91.22,5.04,42.87,322.0,0
73222,38.25,9.07,100.0,237.0,0
10039,72.67,8.57,63.35,814.0,0
86074,95.31,16.88,100.0,47.0,0
13146,74.99,11.25,41.66,859.0,0
662,48.91,12.6,42.97,981.0,0
30834,48.03,7.18,82.32,666.0,0
56801,96.54,3.47,47.92,349.0,0
24698,89.49,14.46,70.68,703.0,0
37192,96.06,18.61,73.63,444.0,0
10014,42.05,3.24,51.56,938.0,0
37612,58.29,11.41,79.02,554.0,0
1868,53.36,14.51,40.54,984.0,0
79156,51.57,14.22,43.23,153.0,0
33554,42.39,8.37,23.06,621.0,0
88789,36.5,3.08,100.0,140.0,0
37740,71.02,5.88,61.28,541.0,0
50263,49.75,5.84,70.88,503.0,0
55527,42.9,0.91,86.73,415.0,0
26204,31.54,13.88,60.34,742.0,0
31634,46.16,5.63,100.0,622.0,0
18810,74.1,6.21,55.01,754.0,0
50884,53.61,9.1,76.56,421.0,0
16234,76.67,9.02,100.0,873.0,0
95516,89.17,13.41,71.28,10.0,0
81962,57.5,13.37,70.96,152.0,0
23541,58.8,13.53,98.5,698.0,0
29524,67.07,3.92,72.51,657.0,0
1816,66.58,2.47,100.0,965.0,0
88616,68.95,5.39,85.68,74.0,0
98459,55.73,11.38,47.41,0.0,1
34627,44.24,16.35,84.41,570.0,0
73047,68.37,12.33,85.06,222.0,0
59661,48.25,13.45,69.71,411.0,0
33851,85.15,15.19,59.43,560.0,0
12029,50.21,13.03,100.0,851.0,0
35447,59.37,6.05,98.33,636.0,0
21524,91.58,15.64,63.92,715.0,0
99907,62.02,15.09,82.18,8.0,0
14656,67.12,10.64,100.0,746.0,0
81799,91.09,1.08,43.5,126.0,0
43735,66.84,4.55,64.17,455.0,0
74723,67.16,9.18,58.41,154.0,0
16355,74.49,19.48,54.7,765.0,0
10365,76.42,13.14,52.09,773.0,0
13124,59.18,-1.76,40.5,838.0,0
98586,57.02,11.58,100.0,3.0,1
65439,69.29,20.23,19.92,287.0,0
78526,79.14,19.94,58.39,112.0,0
88981,45.06,9.84,72.82,69.0,0
37330,42.17,8.13,59.83,554.0,0
60599,61.53,13.92,75.79,313.0,0
55885,44.38,5.93,86.74,339.0,0
84985,51.84,7.93,42.52,185.0,0
72133,35.88,17.28,67.34,219.0,0
65204,72.91,10.63,48.95,273.0,0
37659,56.99,8.68,70.3,645.0,0
74046,46.75,12.14,76.37,213.0,0
99892,55.57,14.55,91.43,72.0,0
21821,28.79,6.51,56.76,843.0,0
58643,41.46,15.24,37.93,337.0,0
66192,67.22,7.5,86.87,364.0,0
41098,54.08,11.05,86.97,591.0,0
43129,61.4,13.57,82.97,503.0,0
60723,58.02,3.96,51.41,402.0,0
70009,69.07,7.5,64.78,289.0,0
36248,62.75,12.84,89.62,582.0,0
34086,63.5,3.69,53.04,624.0,0
89173,69.25,5.99,43.3,35.0,0
4174,97.4,5.79,58.04,932.0,0
41963,69.69,4.04,67.6,544.0,0
46629,72.54,3.91,92.09,527.0,0
19723,59.07,4.89,88.87,789.0,0
27918,34.41,13.89,16.3,704.0,0
16976,69.75,5.3,65.82,827.0,0
66482,85.05,7.73,83.91,358.0,0
52519,65.3,10.67,76.6,346.0,0
94287,51.14,19.93,84.62,3.0,1
34238,73.28,10.07,61.31,608.0,0
58354,43.68,5.31,50.37,331.0,0
69161,65.85,8.48,83.05,161.0,0
76884,64.6,6.98,38.09,144.0,0
15915,39.24,7.39,97.46,783.0,0
70147,42.03,19.9,55.98,257.0,0
51680,62.63,3.23,100.0,353.0,0
74753,59.37,-0.69,60.11,303.0,0
29574,68.7,15.41,77.7,624.0,0
31700,60.28,6.21,87.81,663.0,0
49321,54.56,10.46,23.4,443.0,0
84087,56.59,11.32,49.1,53.0,0
9283,65.84,4.76,36.55,858.0,0
28900,42.72,9.18,54.08,651.0,0
64310,75.84,10.89,71.16,256.0,0
78190,57.11,-1.67,94.5,157.0,0
92982,69.13,20.82,69.41,0.0,1
58027,45.18,11.1,75.81,367.0,0
34077,53.49,10.63,74.73,552.0,0
88555,69.54,16.33,58.64,34.0,0
92256,55.46,12.6,93.69,38.0,0
47049,79.09,5.35,40.03,509.0,0
21259,43.44,10.9,46.84,800.0,0
29951,19.45,7.81,51.72,720.0,0
54762,58.46,13.33,56.31,390.0,0
37229,71.51,10.95,70.2,664.0,0
60812,61.53,10.01,28.24,307.0,0
88049,86.77,4.99,64.72,65.0,0
88078,53.39,7.63,14.03,32.0,0
66262,46.9,15.05,88.38,314.0,0
82633,72.64,2.94,61.55,67.0,0
88382,55.9,-2.04,100.0,155.0,0
16089,30.05,18.1,85.08,723.0,0
81151,92.29,11.14,78.81,78.0,0
68993,52.25,18.04,77.32,252.0,0
64222,62.64,16.13,55.24,228.0,0
30943,46.83,12.68,83.75,684.0,0
68778,72.44,10.48,70.46,147.0,0
89649,42.25,7.85,62.76,90.0,0
47160,44.16,5.41,57.38,521.0,0
64170,58.67,13.34,68.69,350.0,0
59131,55.87,10.21,53.8,338.0,0
81319,68.12,7.84,59.69,157.0,0
66192,74.62,9.81,100.0,290.0,0
55028,63.64,14.36,75.46,343.0,0
93382,82.61,15.69,54.01,0.0,1
72856,65.87,8.91,51.6,306.0,0
39239,63.93,5.2,76.29,538.0,0
3055,60.4,6.21,52.82,924.0,0
20378,51.21,15.86,59.66,684.0,0
17578,53.59,6.53,93.94,755.0,0
47430,60.2,11.17,65.28,446.0,0
40350,54.88,7.4,67.05,621.0,0
46718,72.82,7.81,64.9,465.0,0
87050,71.75,11.54,100.0,133.0,0
42719,58.91,16.59,65.5,528.0,0
82893,49.83,12.19,37.97,182.0,0
61108,59.5,10.74,100.0,430.0,0
12484,39.77,14.57,81.83,885.0,0
72606,60.37,4.32,61.35,259.0,0
45624,85.06,12.54,43.4,409.0,0
97238,55.38,4.39,52.41,0.0,1
93132,37.11,8.49,84.62,83.0,0
1323,65.77,8.79,74.03,861.0,0
69177,38.48,11.22,81.67,293.0,0
50858,69.05,12.66,85.94,506.0,0
53910,89.56,9.51,62.53,421.0,0
43531,73.58,13.29,60.19,505.0,0
83659,72.57,10.15,73.75,98.0,0
529,78.11,7.42,47.72,943.0,0
30256,40.55,7.87,92.98,776.0,0
18417,65.88,1.95,42.28,838.0,0
92181,69.22,8.69,67.02,98.0,0
16078,56.66,6.18,26.25,651.0,0
65704,44.88,16.48,68.59,278.0,0
82557,63.5,7.52,57.79,199.0,0
12492,83.82,18.11,47.88,793.0,0
43012,71.69,1.02,87.56,439.0,0
95245,48.33,9.59,75.16,0.0,1
66599,35.19,18.51,93.76,266.0,0
86876,73.71,8.16,44.0,100.0,0
43219,70.93,11.13,100.0,458.0,0
80588,34.41,7.66,100.0,202.0,0
16184,47.37,11.17,100.0,907.0,0
45275,47.23,6.75,100.0,591.0,0
94257,53.66,8.79,70.39,0.0,1
77194,41.11,19.2,80.99,231.0,0
49412,64.85,1.75,64.88,360.0,0
49875,49.14,-2.19,48.71,460.0,0
75527,95.51,7.68,54.36,246.0,0
40855,44.37,10.29,69.03,548.0,0
21472,48.92,0.19,70.28,817.0,0
64794,67.1,12.11,64.15,315.0,0
80204,72.98,6.24,65.88,135.0,0
64820,50.49,14.1,53.98,166.0,0
24206,48.15,7.75,94.73,638.0,0
1213,59.28,11.39,86.06,900.0,0
30925,72.89,15.0,67.8,682.0,0
59967,54.41,5.08,86.49,390.0,0
76794,75.8,7.1,75.34,189.0,0
89362,77.12,12.13,89.69,39.0,0
51014,52.81,10.04,81.28,385.0,0
5507,71.91,3.46,57.84,948.0,0
69863,56.42,9.19,79.51,249.0,0
19676,54.57,4.93,72.32,757.0,0
28551,44.27,14.68,35.28,746.0,0
76913,65.44,10.33,65.64,216.0,0
25024,47.39,12.06,66.59,664.0,0
5110,60.59,13.12,58.22,817.0,0
7371,69.67,10.46,67.17,858.0,0
98420,33.08,4.06,94.45,0.0,1
80115,74.06,11.9,72.13,155.0,0
44911,51.9,16.5,72.79,534.0,0
38238,61.86,10.46,63.31,527.0,0
55077,87.1,17.62,62.75,380.0,0
92776,61.12,-0.2,72.6,0.0,1
45654,63.77,24.94,60.79,409.0,0
70013,37.87,13.65,77.55,190.0,0
53969,69.48,3.03,61.96,386.0,0
85175,42.36,7.84,49.51,12.0,0
66188,47.71,4.54,84.24,317.0,0
69873,68.41,15.67,72.11,247.0,0
25478,74.31,10.86,69.54,688.0,0
62695,61.88,12.76,66.95,278.0,0
51077,63.05,17.48,66.6,488.0,0
42655,76.86,16.34,55.81,456.0,0
89237,62.25,5.59,75.17,99.0,0
16138,79.13,9.55,97.16,750.0,0
47165,46.95,15.45,60.1,522.0,0
84095,72.52,5.53,100.0,76.0,0
50013,71.02,10.83,94.92,484.0,0
81355,56.69,8.89,87.17,53.0,0
33523,65.24,1.68,61.3,529.0,0
30996,56.24,18.69,17.85,710.0,0
11047,63.48,16.55,58.62,898.0,0
10667,30.26,3.98,42.94,830.0,0
97875,58.48,13.58,77.47,0.0,1
70950,41.15,1.6,75.26,290.0,0
72164,67.35,4.36,49.6,258.0,0
20037,34.18,11.22,87.07,760.0,0
50384,55.1,11.08,64.52,404.0,0
25656,74.29,10.75,53.91,628.0,0
86568,36.32,12.43,70.13,130.0,0
98446,61.88,11.9,87.9,0.0,1
67262,69.4,2.58,70.14,213.0,0
37302,57.31,8.91,89.74,580.0,0
52705,74.82,12.29,61.13,416.0,0
6273,49.69,6.53,52.17,871.0,0
59939,41.66,12.68,62.14,313.0,0
89206,61.47,16.56,53.92,83.0,0
54938,52.91,10.65,60.33,453.0,0
56717,79.0,6.9,85.56,424.0,0
77579,84.19,6.84,68.67,196.0,0
87408,71.97,10.33,100.0,125.0,0
61646,75.85,8.46,57.01,366.0,0
28771,55.83,11.65,100.0,653.0,0
40059,52.67,9.51,53.12,547.0,0
82270,90.2,14.75,100.0,65.0,0
87123,88.56,9.31,100.0,20.0,0
55623,79.05,3.52,98.3,411.0,0
37073,87.99,4.47,79.94,576.0,0
54029,73.86,7.91,81.68,467.0,0
95617,43.86,12.1,70.19,9.0,0
85060,53.65,5.55,62.96,180.0,0
5560,55.37,12.74,92.65,903.0,0
2454,60.65,12.97,13.22,918.0,0
36302,49.04,8.55,86.07,594.0,0
62643,64.73,25.27,54.44,319.0,0
98089,71.62,4.23,66.9,0.0,1
33358,51.71,14.72,100.0,722.0,0
88780,34.45,14.23,77.79,53.0,0
27077,68.81,13.98,68.93,650.0,0
4323,40.88,8.39,32.76,1002.0,0
88471,76.6,4.66,46.89,5.0,1
80173,75.71,2.46,40.29,99.0,0
37672,39.3,15.09,81.77,532.0,0
89825,53.04,12.78,96.77,48.0,0
34116,61.77,13.02,44.06,543.0,0
98514,45.83,7.97,99.63,0.0,1
83314,39.8,7.09,89.25,115.0,0
4330,58.59,6.11,44.46,895.0,0
50702,47.99,10.74,85.13,474.0,0
86330,42.54,10.08,66.15,46.0,0
42948,78.43,17.61,91.29,452.0,0
44747,60.8,8.13,46.01,501.0,0
74259,68.96,14.4,51.49,277.0,0
51180,83.64,13.83,100.0,477.0,0
15478,38.22,-2.2,84.04,691.0,0
40090,58.47,9.85,75.51,516.0,0
67915,54.22,2.36,49.54,295.0,0
76348,36.59,12.06,46.16,268.0,0
96505,48.64,4.3,65.72,19.0,0
51259,53.37,5.88,35.09,457.0,0
85314,70.87,8.33,58.05,34.0,0
454,66.65,10.93,61.11,874.0,0
38484,49.2,-3.63,59.88,604.0,0
76184,64.79,6.56,72.04,250.0,0
12151,51.27,3.04,85.66,879.0,0
60439,69.27,15.46,48.83,349.0,0
1334,63.29,12.27,79.03,930.0,0
73065,65.48,8.89,45.46,177.0,0
2706,70.03,14.49,90.8,882.0,0
10887,38.96,5.67,59.93,855.0,0
14846,58.4,6.72,57.94,774.0,0
67662,65.11,4.14,70.46,304.0,0
91298,61.12,6.05,60.71,44.0,0
20863,55.54,15.76,79.37,844.0,0
54823,92.22,17.49,78.68,419.0,0
49986,70.84,12.87,51.44,422.0,0
41666,60.3,11.01,29.56,564.0,0
2262,63.1,12.31,87.71,929.0,0
28672,29.44,4.29,45.97,680.0,0
97415,59.64,10.85,58.83,54.0,0
18719,55.01,13.24,75.59,780.0,0
32139,28.0,12.95,82.31,632.0,0
54681,40.07,16.65,36.88,434.0,0
79636,43.15,8.32,100.0,195.0,0
83452,41.14,14.85,54.89,100.0,0
83101,26.87,13.99,55.03,28.0,0
66652,41.58,14.59,69.15,233.0,0
52930,78.46,16.55,86.53,458.0,0
73840,89.52,9.48,40.19,205.0,0
99209,72.2,6.32,87.24,0.0,1
33904,83.31,7.2,62.66,647.0,0
76783,81.17,3.91,79.85,146.0,0
44498,41.04,13.99,50.38,491.0,0
67423,48.05,15.17,62.12,223.0,0
48222,72.32,15.01,68.55,378.0,0
61186,102.47,11.53,70.75,245.0,0
67723,59.74,0.14,61.69,233.0,0
867,57.18,9.74,81.94,963.0,0
87409,66.0,6.02,99.46,58.0,0
26535,79.22,13.52,98.54,621.0,0
55916,48.4,7.48,38.58,432.0,0
16236,58.8,12.07,81.88,812.0,0
77693,65.19,6.93,35.9,198.0,0
97980,40.7,7.74,37.8,0.0,1
61416,46.01,14.8,53.92,362.0,0
33457,43.17,5.44,38.96,647.0,0
14409,52.66,11.46,70.18,870.0,0
68628,50.28,3.71,78.01,201.0,0
67470,75.51,19.56,33.95,292.0,0
92550,49.4,10.14,79.54,121.0,0
93599,104.15,11.57,74.18,7.0,0
97312,69.77,7.46,57.42,6.0,1
29150,42.37,10.05,92.06,634.0,0
44067,38.84,0.77,83.81,547.0,0
47032,69.52,14.92,47.45,503.0,0
74292,82.82,16.56,83.56,175.0,0
62381,58.7,10.78,57.06,382.0,0
41527,41.08,16.29,12.12,576.0,0
33412,51.82,10.48,79.87,588.0,0
51888,70.19,12.67,97.95,411.0,0
96223,58.19,12.05,99.54,0.0,1
2852,50.0,13.93,100.0,888.0,0
93842,54.15,14.59,100.0,23.0,0
30410,62.83,8.18,17.76,504.0,0
71253,63.49,6.62,68.76,268.0,0
75320,64.17,1.15,60.55,252.0,0
97491,60.58,8.84,68.17,0.0,1
63995,25.27,5.15,68.59,339.0,0
41855,85.45,13.33,45.35,507.0,0
49211,49.78,13.1,91.71,455.0,0
21278,78.29,9.47,48.03,847.0,0
43995,80.11,14.19,92.16,506.0,0
81424,49.06,19.44,100.0,166.0,0
99999,61.07,1.06,52.93,16.0,0
81269,58.67,14.78,60.29,125.0,0
19203,61.48,7.94,59.14,770.0,0
38937,41.91,17.09,55.0,611.0,0
34859,46.12,3.21,55.25,659.0,0
59391,69.97,9.01,98.55,349.0,0
217,37.25,11.69,83.73,924.0,0
37601,45.27,3.51,89.68,673.0,0
41242,39.68,17.22,71.98,479.0,0
52501,52.37,8.02,72.04,366.0,0
47712,62.76,9.28,82.17,506.0,0
78368,68.45,17.78,71.29,242.0,0
21851,52.36,9.88,70.53,719.0,0
94161,28.79,9.6,88.77,30.0,0
39321,52.27,11.71,51.34,520.0,0
54138,54.47,15.83,80.61,421.0,0
71233,52.93,16.82,87.56,245.0,0
76828,55.93,-0.78,86.37,251.0,0
85645,80.82,9.44,58.53,140.0,0
65441,64.44,17.95,91.58,246.0,0
371,61.06,16.74,98.9,945.0,0
55876,79.06,1.56,76.39,582.0,0
78304,97.99,7.5,71.97,84.0,0
45321,46.92,18.42,29.69,510.0,0
85865,75.98,-0.16,61.01,197.0,0
34575,79.59,11.39,100.0,561.0,0
78614,77.73,12.61,95.66,156.0,0
56700,55.11,7.54,44.24,488.0,0
93246,79.04,7.54,71.7,27.0,0
82146,64.51,12.63,71.7,74.0,0
14818,70.25,7.72,82.19,805.0,0
60574,55.21,-0.99,49.78,321.0,0
25068,89.6,6.11,67.71,677.0,0
4227,41.9,12.2,95.15,997.0,0
26696,55.47,20.56,96.23,612.0,0
31940,67.35,4.61,60.35,677.0,0
72978,34.91,11.67,88.07,243.0,0
29344,70.07,11.26,50.06,612.0,0
30134,51.49,17.02,69.9,639.0,0
65662,77.88,6.26,100.0,289.0,0
88949,69.22,5.46,59.28,46.0,0
73431,56.27,15.95,84.69,218.0,0
65423,71.39,2.62,98.44,339.0,0
67142,76.27,11.06,42.32,243.0,0
61149,42.78,-1.43,67.58,396.0,0
58521,42.26,17.2,99.38,317.0,0
55750,79.62,9.25,89.65,389.0,0
21379,55.3,15.32,95.7,752.0,0
26831,42.12,-3.2,56.54,611.0,0
47098,83.19,7.44,82.61,515.0,0
4799,94.22,10.33,70.9,946.0,0
89607,76.08,11.9,87.49,114.0,0
12855,31.89,5.83,98.3,792.0,0
14835,59.62,10.94,68.98,710.0,0
71989,69.21,11.01,93.34,223.0,0
40597,40.73,11.03,63.82,513.0,0
91588,46.92,7.89,87.01,41.0,0
95502,53.06,15.6,51.58,0.0,1
96152,70.77,9.75,89.67,0.0,1
25097,73.06,15.92,71.05,690.0,0
64524,52.05,13.96,57.74,336.0,0
33167,76.46,2.51,45.73,666.0,0
60620,41.3,3.03,64.14,288.0,0
94152,77.26,14.3,64.42,0.0,1
89807,80.78,11.16,67.29,33.0,0
77271,59.25,16.25,67.68,87.0,0
30300,81.77,5.61,100.0,653.0,0
36623,64.72,0.39,55.54,506.0,0
12302,79.0,4.03,55.11,914.0,0
22865,31.56,21.94,92.63,626.0,0
71088,75.41,16.85,37.77,146.0,0
55780,78.57,10.86,60.49,436.0,0
26621,53.89,13.25,57.2,672.0,0
97022,68.49,7.06,27.86,0.0,1
10680,71.91,16.26,55.95,730.0,0
20853,78.73,6.29,14.31,749.0,0
73488,66.08,1.06,92.78,183.0,0
11514,66.63,19.57,100.0,760.0,0
17312,86.49,5.45,45.48,806.0,0
31094,61.48,8.29,59.15,631.0,0
90721,54.93,16.45,95.57,0.0,1
76280,79.39,9.58,68.26,260.0,0
66852,66.02,17.61,70.51,302.0,0
81218,59.9,9.01,67.9,144.0,0
99548,58.96,3.6,61.45,0.0,1
86115,64.3,18.38,46.77,106.0,0
43286,64.1,3.58,96.54,547.0,0
98590,61.89,16.56,28.44,0.0,1
27864,31.44,13.05,83.13,711.0,0
60433,54.98,14.16,73.57,319.0,0
14871,68.07,4.38,87.57,823.0,0
54927,61.44,8.11,100.0,482.0,0
82850,81.08,17.57,67.6,51.0,0
16539,64.7,12.45,94.59,769.0,0
57271,62.41,13.25,53.82,307.0,0
1677,85.1,8.76,88.99,912.0,0
52720,66.88,2.66,40.91,409.0,0
45232,66.6,7.54,71.46,457.0,0
34359,71.36,8.39,76.58,557.0,0
25286,59.31,3.06,76.06,688.0,0
39458,81.26,15.89,55.25,562.0,0
28931,53.94,10.66,33.48,628.0,0
26529,34.48,17.69,87.85,613.0,0
85622,63.81,5.64,82.84,105.0,0
61507,54.03,-3.48,70.54,367.0,0
88072,49.1,9.37,63.08,84.0,0
34719,76.22,5.07,58.63,651.0,0
27840,66.39,8.87,100.0,684.0,0
40047,78.68,14.78,27.68,573.0,0
23863,84.25,7.79,79.69,729.0,0
94467,83.75,9.92,38.65,0.0,1
77712,90.08,14.68,85.14,118.0,0
76320,57.07,2.52,61.82,165.0,0
12850,42.87,1.78,95.36,880.0,0
85065,80.76,7.06,53.31,43.0,0
35731,91.89,13.16,54.2,514.0,0
21925,52.81,6.42,83.21,686.0,0
10355,77.74,14.9,94.19,907.0,0
64324,73.79,21.78,84.95,305.0,0
19333,68.37,12.52,68.34,742.0,0
94640,47.73,18.16,53.23,0.0,1
92100,66.93,5.66,39.74,5.0,1
65535,59.71,7.32,100.0,248.0,0
99368,53.84,13.22,79.62,0.0,1
46031,61.65,11.53,95.3,446.0,0
80516,77.42,5.96,92.36,163.0,0
44832,47.93,7.32,86.03,481.0,0
24960,66.14,9.53,87.7,692.0,0
20231,52.29,17.43,90.68,668.0,0
2081,61.12,19.95,34.15,880.0,0
48679,81.9,11.58,97.1,468.0,0
73920,50.68,15.92,12.36,212.0,0
10153,70.36,11.25,60.69,770.0,0
49706,70.75,5.78,53.29,461.0,0
40098,48.05,5.41,59.1,599.0,0
43816,43.57,-2.02,84.1,603.0,0
14594,60.24,15.66,100.0,735.0,0
57425,69.79,9.93,90.18,464.0,0
84013,49.6,7.52,36.41,101.0,0
88184,59.02,10.34,47.18,7.0,0
42648,62.78,10.45,100.0,494.0,0
47338,61.71,17.37,57.7,379.0,0
2077,64.83,6.09,45.68,877.0,0
31819,66.94,7.19,51.92,626.0,0
3098,65.58,-1.54,71.46,983.0,0
98426,58.77,6.88,72.26,0.0,1
77084,49.65,15.71,100.0,215.0,0
14816,35.8,4.23,57.17,759.0,0
67021,66.65,16.59,87.93,291.0,0
9358,65.06,6.85,62.61,848.0,0
32077,59.47,-1.33,79.03,670.0,0
83803,52.11,13.88,96.21,153.0,0
48558,56.46,7.71,100.0,482.0,0
21545,56.32,8.89,17.34,722.0,0
88114,71.43,5.12,93.85,68.0,0
37563,63.92,15.84,71.39,580.0,0
312,87.11,4.39,9.15,945.0,0
51867,60.57,9.11,84.55,430.0,0
91696,58.23,10.5,96.25,0.0,1
70584,55.01,10.0,35.22,317.0,0
19180,58.81,4.82,59.24,767.0,0
5845,68.28,17.92,86.66,803.0,0
58983,37.51,7.77,87.45,353.0,0
68551,63.35,3.84,100.0,339.0,0
35147,52.3,9.94,96.72,667.0,0
83814,72.02,11.59,84.22,26.0,0
27916,83.42,17.58,68.4,686.0,0
38757,62.85,6.0,83.76,553.0,0
34827,81.63,15.56,55.5,542.0,0
44419,51.62,12.32,48.39,532.0,0
29032,72.92,4.99,91.62,662.0,0
69179,28.94,17.45,72.38,316.0,0
21957,82.02,9.92,96.88,718.0,0
55218,61.19,11.59,57.48,276.0,0
91034,78.0,4.81,30.42,101.0,0
12531,67.13,4.58,80.87,789.0,0
64028,55.7,15.05,83.29,329.0,0
82305,76.92,15.37,100.0,197.0,0
66226,85.01,13.13,84.68,208.0,0
97691,42.04,3.31,76.22,40.0,0
76083,50.14,10.04,64.93,189.0,0
53830,53.05,13.89,51.17,367.0,0
46091,60.42,12.4,66.55,536.0,0
29166,68.68,21.15,38.42,598.0,0
38496,79.78,7.07,40.39,582.0,0
83607,77.2,2.26,58.39,133.0,0
84811,66.02,12.85,93.22,60.0,0
24674,75.85,15.16,15.39,718.0,0
76938,80.44,13.01,77.49,250.0,0
68346,47.21,1.82,49.39,200.0,0
93929,41.97,8.14,63.07,40.0,0
32643,55.49,8.79,65.42,661.0,0
42665,57.92,0.18,95.78,562.0,0
81697,56.7,7.52,66.78,53.0,0
46951,39.36,9.57,61.54,590.0,0
47087,52.36,7.8,72.53,518.0,0
52955,64.09,4.1,69.39,534.0,0
38609,63.23,16.53,55.84,596.0,0
80737,44.16,6.46,100.0,151.0,0
59013,44.71,7.91,53.44,355.0,0
54594,44.13,14.26,54.03,405.0,0
66149,48.21,3.04,64.19,335.0,0
36453,42.54,3.5,53.49,630.0,0
9916,51.81,5.47,84.82,884.0,0
10971,67.32,11.62,36.0,908.0,0
83089,49.46,6.56,45.0,100.0,0
45527,51.35,5.41,78.23,576.0,0
59252,48.66,9.37,65.87,337.0,0
75738,80.47,6.8,50.33,175.0,0
59212,59.83,13.64,64.4,420.0,0
88071,65.41,13.48,82.44,76.0,0
2598,61.44,24.99,46.53,954.0,0
17074,52.45,1.93,82.5,804.0,0
19894,43.92,4.12,65.53,777.0,0
4664,71.74,15.13,74.83,887.0,0
99695,81.0,-0.71,100.0,12.0,0
13011,46.41,1.19,70.48,974.0,0
14063,39.28,12.81,81.51,719.0,0
64064,72.99,10.56,65.12,265.0,0
61691,82.73,2.72,85.47,248.0,0
35857,62.18,10.51,80.8,546.0,0
40474,72.67,3.2,82.63,500.0,0
94138,66.67,15.37,78.25,67.0,0
78038,59.47,5.02,70.32,119.0,0
94668,70.09,12.19,70.3,34.0,0
87463,73.86,10.15,79.16,212.0,0
92658,58.84,8.77,74.79,0.0,1
27033,70.41,2.19,60.18,703.0,0
53519,44.85,3.45,35.35,456.0,0
71937,74.22,6.94,57.88,236.0,0
56793,79.85,5.8,53.96,390.0,0
52161,34.57,13.69,51.01,432.0,0
37884,73.12,3.39,74.5,598.0,0
15210,57.69,16.88,88.07,747.0,0
17446,84.01,19.69,63.34,745.0,0
97479,44.64,13.77,57.33,0.0,1
99375,93.18,14.33,79.29,0.0,1
15464,39.24,7.33,92.08,780.0,0
80537,89.67,8.64,52.49,107.0,0
60599,47.7,9.78,57.63,345.0,0
74956,56.41,10.1,73.75,106.0,0
36910,45.01,10.58,63.74,570.0,0
78660,54.87,7.36,54.09,122.0,0
56626,74.2,5.97,92.78,387.0,0
43474,39.65,12.44,69.95,506.0,0
8402,59.83,3.38,53.51,1003.0,0
39022,71.38,7.39,34.24,576.0,0
94557,59.02,7.54,71.87,0.0,1
6482,56.51,18.09,71.98,851.0,0
12058,38.34,12.02,54.78,884.0,0
95823,80.85,21.19,84.76,0.0,1
97014,49.62,9.33,54.0,0.0,1
86922,54.47,20.15,80.41,94.0,0
61508,46.84,6.71,50.71,367.0,0
47447,62.58,6.99,100.0,538.0,0
2173,54.32,8.62,59.88,909.0,0
80628,52.06,8.35,75.2,199.0,0
76432,58.31,11.56,56.28,201.0,0
52743,60.65,1.5,85.29,394.0,0
5255,93.17,2.02,50.03,935.0,0
53125,38.59,6.91,83.02,480.0,0
17061,52.41,14.52,52.22,814.0,0
89754,85.12,15.71,92.86,52.0,0
48947,95.97,6.41,64.31,462.0,0
83253,42.64,7.57,47.9,54.0,0
52494,97.63,13.5,64.88,274.0,0
64758,75.77,5.3,60.26,330.0,0
47089,74.94,9.01,72.59,431.0,0
38688,66.68,12.79,90.8,615.0,0
75642,55.22,15.32,100.0,192.0,0
65708,66.41,9.1,75.79,262.0,0
20810,81.31,13.84,96.77,750.0,0
88648,69.29,8.85,33.0,109.0,0
72826,48.7,4.93,54.31,287.0,0
20767,78.42,11.55,48.84,743.0,0
69651,65.44,14.5,100.0,187.0,0
55122,80.25,10.15,88.95,302.0,0
24062,65.99,11.68,73.53,699.0,0
12341,94.18,6.57,54.62,727.0,0
59399,78.9,15.56,31.76,355.0,0
13626,74.76,-5.53,62.16,827.0,0
52878,76.65,14.56,93.04,415.0,0
40463,30.37,5.34,70.39,566.0,0
46188,97.24,13.93,100.0,444.0,0
57626,48.07,9.87,58.66,376.0,0
79719,61.01,16.46,53.43,105.0,0
99215,71.81,23.7,54.87,0.0,1
16848,76.19,14.03,100.0,817.0,0
57795,53.35,7.8,63.17,440.0,0
81475,70.04,20.32,89.18,198.0,0
14966,72.82,8.84,73.93,847.0,0
16121,64.86,5.67,77.94,771.0,0
62988,66.09,6.48,65.65,251.0,0
73495,62.4,10.11,70.07,199.0,0
62795,62.84,9.62,72.04,373.0,0
89501,91.6,16.62,86.68,0.0,1
22423,51.41,8.84,56.63,719.0,0
26173,80.15,10.26,21.24,609.0,0
13513,48.5,15.9,66.17,786.0,0
93604,73.9,20.29,66.57,45.0,0
45740,56.25,12.68,51.64,487.0,0
44239,54.86,1.17,58.28,595.0,0
50494,46.93,7.82,63.49,526.0,0
78663,58.91,14.19,87.3,157.0,0
82654,60.06,12.69,64.84,187.0,0
58337,66.41,10.75,82.04,314.0,0
69216,56.55,13.25,74.26,191.0,0
88885,68.92,17.2,100.0,104.0,0
85505,55.76,17.5,58.93,103.0,0
16785,48.98,8.58,46.76,782.0,0
22191,74.7,8.02,81.57,821.0,0
83741,62.47,16.88,42.1,41.0,0
16332,31.37,10.7,75.76,844.0,0
65794,78.87,15.49,82.4,298.0,0
66054,77.01,6.87,77.65,299.0,0
71952,50.24,1.73,65.98,342.0,0
26806,61.34,7.03,54.44,670.0,0
43573,68.49,4.68,77.57,488.0,0
93077,72.37,7.78,83.46,0.0,1
1398,65.09,7.69,82.28,987.0,0
51429,55.01,12.13,83.72,441.0,0
21460,64.37,8.45,76.68,716.0,0
66167,62.0,16.21,56.12,193.0,0
53882,45.11,4.91,100.0,404.0,0
87406,66.66,13.73,61.43,15.0,0
72432,63.18,13.88,64.82,225.0,0
86813,52.47,10.85,61.21,96.0,0
17081,67.01,7.4,67.5,722.0,0
54839,36.63,14.12,94.93,384.0,0
98092,56.6,4.25,58.59,2.0,1
64082,87.27,8.97,62.58,395.0,0
82455,64.46,9.97,49.24,161.0,0
93568,61.57,6.67,77.27,0.0,1
42326,52.28,13.58,62.38,433.0,0
26790,61.04,9.34,71.72,580.0,0
53138,34.18,5.37,74.29,387.0,0
25825,90.99,5.01,66.31,528.0,0
97001,63.47,15.53,53.59,0.0,1
93843,76.33,6.2,76.0,23.0,0
31790,49.6,6.61,76.88,684.0,0
78279,31.24,8.1,83.65,194.0,0
81907,51.66,4.78,84.87,115.0,0
38934,52.5,16.35,100.0,527.0,0
28490,56.83,18.19,71.38,657.0,0
35661,46.31,10.12,61.7,683.0,0
73240,74.25,9.04,67.79,245.0,0
64023,63.69,0.66,38.29,259.0,0
42819,50.42,14.03,40.34,530.0,0
94535,51.25,10.56,58.28,0.0,1
55728,57.77,16.67,75.96,365.0,0
14822,44.55,9.26,64.01,775.0,0
19464,75.06,6.77,60.13,706.0,0
30124,72.66,5.27,78.88,663.0,0
33895,76.98,4.54,29.45,578.0,0
99463,75.57,10.61,43.67,0.0,1
5971,60.89,11.06,42.44,962.0,0
13627,63.38,5.74,91.24,830.0,0
52587,68.95,2.05,64.99,434.0,0
71936,75.49,1.77,75.84,228.0,0
31077,40.4,2.35,100.0,636.0,0
50915,40.48,10.4,72.66,365.0,0
99167,69.84,1.05,97.46,0.0,1
9172,73.56,10.94,88.31,915.0,0
69291,67.87,-0.51,41.1,296.0,0
18463,62.48,16.73,52.55,652.0,0
84081,62.59,22.01,67.77,46.0,0
78862,36.34,7.06,19.25,280.0,0
29748,75.08,18.67,36.44,607.0,0
33845,72.83,17.44,66.58,613.0,0
47175,73.59,11.63,100.0,444.0,0
2405,71.75,10.99,81.11,932.0,0
69111,53.56,5.0,42.59,318.0,0
26549,79.06,4.72,68.83,634.0,0
17832,78.13,8.52,72.8,737.0,0
70999,51.28,9.4,81.4,262.0,0
25622,41.58,15.07,45.78,764.0,0
47786,70.48,9.1,85.53,397.0,0
74370,34.77,11.68,57.52,294.0,0
92303,64.35,16.34,91.83,0.0,1
50706,54.67,8.29,60.42,517.0,0
1445,78.1,4.1,86.01,972.0,0
10911,77.88,10.51,64.36,764.0,0
40972,38.51,-2.42,62.43,576.0,0
2527,53.97,16.67,66.07,922.0,0
53983,48.53,16.59,92.41,428.0,0
96649,74.89,12.84,57.09,0.0,1
57289,94.48,10.51,85.45,366.0,0
66222,54.6,5.07,42.62,408.0,0
67461,67.66,13.7,81.45,262.0,0
71169,55.91,6.52,71.96,242.0,0
60204,52.8,-1.31,57.01,337.0,0
54699,89.69,14.45,82.7,367.0,0
43262,79.99,13.85,71.89,416.0,0
18488,69.11,8.07,66.01,772.0,0
17320,35.92,7.63,45.48,825.0,0
17049,80.78,10.09,57.18,770.0,0
36080,53.59,14.01,66.55,574.0,0
40556,73.96,3.13,100.0,475.0,0
59939,55.48,-3.41,55.81,406.0,0
83830,59.91,1.31,72.41,37.0,0
14080,53.66,5.23,84.38,893.0,0
83502,76.06,12.0,52.85,154.0,0
53208,70.15,9.2,75.76,450.0,0
81387,57.08,8.43,85.53,129.0,0
18732,69.76,9.14,57.68,773.0,0
30650,43.91,16.75,83.82,598.0,0
71180,40.73,0.49,51.73,289.0,0
6491,70.03,14.97,74.0,868.0,0
19039,82.39,5.3,77.68,705.0,0
45985,48.22,6.7,56.96,482.0,0
76319,48.38,7.25,76.68,157.0,0
92400,42.25,3.88,26.66,91.0,0
46081,57.6,1.24,63.04,572.0,0
26390,56.18,8.91,66.9,703.0,0
37572,42.72,4.79,42.48,537.0,0
72989,59.39,18.87,81.14,151.0,0
63832,52.65,16.01,72.91,349.0,0
52797,38.95,16.9,81.32,350.0,0
25197,44.88,3.34,48.07,768.0,0
76367,45.63,10.98,93.86,193.0,0
84046,61.05,4.22,45.89,134.0,0
18769,48.27,13.17,80.39,651.0,0
40772,67.0,5.8,77.36,556.0,0
5330,54.21,6.89,72.98,834.0,0
30741,47.33,11.6,71.37,579.0,0
2658,57.58,12.81,81.58,919.0,0
97850,46.97,4.75,86.44,44.0,0
57885,46.17,14.14,72.43,392.0,0
50349,48.91,7.37,88.24,407.0,0
2670,47.98,2.39,80.75,990.0,0
68591,48.08,5.67,32.7,360.0,0
19640,69.48,8.41,40.29,706.0,0
72807,61.98,14.35,79.2,244.0,0
23163,62.48,8.86,72.08,696.0,0
6305,46.45,13.0,80.91,830.0,0
98277,43.71,1.97,91.03,0.0,1
20172,48.57,4.47,86.0,674.0,0
43811,56.66,14.76,83.95,510.0,0
9807,44.87,8.64,63.25,801.0,0
22996,71.08,10.21,62.99,742.0,0
28645,42.7,3.53,88.72,678.0,0
75460,69.54,7.18,41.35,119.0,0
39579,52.28,-2.2,34.79,563.0,0
84407,68.48,-1.61,40.55,177.0,0
67248,56.9,6.17,56.83,343.0,0
31094,61.45,12.09,70.87,597.0,0
4378,61.16,13.62,70.75,853.0,0
64082,89.19,15.02,30.6,283.0,0
59544,78.49,8.27,51.95,283.0,0
17005,71.72,14.73,88.06,696.0,0
13669,63.33,19.08,37.02,757.0,0
48256,59.45,4.9,53.31,539.0,0
74319,29.99,11.52,65.99,251.0,0
29282,52.97,9.93,43.43,635.0,0
41447,73.1,12.67,100.0,543.0,0
28905,47.12,7.56,49.96,676.0,0
77124,70.4,10.92,46.79,163.0,0
55505,51.25,10.42,99.78,423.0,0
10318,53.26,12.62,54.76,787.0,0
88262,71.32,0.55,53.54,51.0,0
61559,44.33,14.25,47.3,309.0,0
37961,68.66,12.03,89.87,561.0,0
54525,33.62,12.01,90.33,350.0,0
27297,84.12,17.07,97.87,545.0,0
1853,51.78,16.5,70.22,883.0,0
29253,56.68,17.9,62.98,773.0,0
72315,66.71,9.71,74.86,152.0,0
67288,61.21,9.72,77.36,297.0,0
91794,63.77,11.13,84.8,33.0,0
16142,77.17,11.5,47.83,775.0,0
92276,56.01,12.74,34.82,57.0,0
38907,73.44,5.69,46.87,462.0,0
30972,61.39,5.82,84.84,653.0,0
886,72.0,8.19,88.43,942.0,0
45043,51.68,6.86,35.87,402.0,0
8957,43.47,17.7,68.42,954.0,0
2229,74.32,7.94,54.09,954.0,0
13740,64.35,11.66,93.38,815.0,0
49351,43.69,10.45,71.65,489.0,0
59209,59.17,7.52,80.09,427.0,0
83347,41.98,12.63,52.06,141.0,0
56794,80.94,1.08,76.78,387.0,0
90796,47.22,1.84,94.93,112.0,0
91356,51.44,24.29,90.35,23.0,0
93774,57.66,2.66,70.83,22.0,0
99523,54.52,5.87,57.97,0.0,1
56972,76.31,-0.74,57.28,344.0,0
2580,78.1,7.71,54.26,905.0,0
17988,75.07,17.52,80.65,788.0,0
52912,52.4,9.74,74.65,373.0,0
67363,72.19,14.45,58.5,251.0,0
38331,38.91,11.23,64.89,592.0,0
81002,69.53,12.69,94.58,177.0,0
84235,67.01,4.35,79.89,162.0,0
59987,55.8,10.45,56.66,241.0,0
23547,32.05,15.54,45.54,707.0,0
75387,63.37,12.55,60.75,228.0,0
9561,45.94,5.15,31.76,856.0,0
44593,67.6,10.93,65.03,489.0,0
43763,67.99,5.68,41.5,532.0,0
26442,53.3,17.12,55.31,683.0,0
19923,79.28,15.86,96.2,667.0,0
4609,71.36,11.25,87.77,943.0,0
16653,55.01,5.58,43.27,728.0,0
66858,54.05,4.12,52.41,367.0,0
98766,44.21,11.96,57.27,7.0,0
64828,50.16,7.23,28.79,334.0,0
68819,39.19,21.8,84.39,298.0,0
57148,70.3,4.2,77.37,376.0,0
4292,37.05,15.22,73.59,916.0,0
83308,34.86,14.39,64.89,55.0,0
26886,49.79,16.07,67.55,707.0,0
89626,51.02,2.28,92.15,54.0,0
33070,42.41,12.55,39.53,675.0,0
56996,61.51,10.3,61.63,320.0,0
11562,52.85,4.42,57.39,900.0,0
36157,56.1,5.17,70.44,563.0,0
38540,53.8,13.74,64.55,558.0,0
77034,46.7,7.26,75.49,209.0,0
57102,77.94,12.74,67.32,387.0,0
46660,41.09,5.62,46.29,573.0,0
14374,86.65,7.37,66.95,844.0,0
35320,64.78,11.49,69.46,508.0,0
74366,72.38,10.81,76.35,183.0,0
67909,88.13,9.18,77.65,198.0,0
62474,45.62,9.15,36.75,437.0,0
59586,61.07,8.09,53.23,367.0,0
23574,71.54,4.98,63.1,703.0,0
93252,60.01,10.06,87.14,13.0,0
76619,77.26,8.88,64.41,122.0,0
91388,65.08,24.3,81.17,0.0,1
21782,62.19,7.19,66.82,698.0,0
23925,69.49,4.73,49.39,661.0,0
379,44.73,7.97,47.49,942.0,0
63605,70.0,15.49,100.0,299.0,0
23622,80.55,7.08,78.89,729.0,0
55438,33.21,7.62,58.75,447.0,0
88630,65.01,4.35,48.8,125.0,0
98877,52.31,16.99,83.43,0.0,1
63767,89.18,18.31,74.5,287.0,0
81526,59.55,7.59,62.76,135.0,0
85201,88.51,2.87,97.29,64.0,0
98002,75.71,14.98,90.63,0.0,1
45726,45.59,12.24,47.76,465.0,0
77883,79.64,6.01,100.0,138.0,0
85905,52.86,8.2,49.29,0.0,1
86191,40.26,5.5,40.25,108.0,0
667,57.73,6.98,84.28,1035.0,0
31079,47.84,6.94,80.32,628.0,0
57135,47.33,4.35,79.13,348.0,0
51410,73.56,19.91,39.55,369.0,0
27916,51.66,2.37,71.66,680.0,0
75137,76.66,13.34,74.33,206.0,0
75717,60.28,10.42,30.1,296.0,0
98835,73.59,14.22,54.46,0.0,1
23155,26.18,5.32,52.97,783.0,0
21141,70.23,7.24,100.0,773.0,0
41963,44.24,12.02,44.56,589.0,0
59309,69.04,2.48,61.59,379.0,0
43648,45.33,6.2,100.0,514.0,0
32524,83.49,0.68,81.85,657.0,0
48899,52.45,7.32,83.82,481.0,0
44718,45.02,8.76,69.48,516.0,0
73109,62.71,9.29,73.24,234.0,0
62373,75.34,12.81,73.21,298.0,0
92925,80.73,11.99,64.84,0.0,1
63126,64.48,17.94,66.63,403.0,0
5647,83.7,6.16,57.17,901.0,0
69398,66.89,16.32,93.8,216.0,0
22417,94.23,15.13,43.34,832.0,0
15051,80.41,7.75,90.81,793.0,0
58483,49.62,3.65,66.42,330.0,0
86736,74.87,10.7,65.43,106.0,0
50032,46.96,7.73,71.87,434.0,0
81197,48.87,13.98,61.74,114.0,0
98048,60.27,12.62,49.69,0.0,1
32973,73.11,7.99,60.58,688.0,0
39290,64.24,8.47,37.14,537.0,0
92241,39.45,4.8,73.81,116.0,0
25263,61.04,5.97,79.72,708.0,0
81863,51.57,13.16,71.64,148.0,0
22329,58.9,2.37,51.11,795.0,0
61277,55.68,1.73,80.77,489.0,0
79221,63.95,3.67,27.3,101.0,0
23613,44.09,10.89,80.59,724.0,0
67811,56.58,17.48,100.0,195.0,0
77357,81.76,8.85,64.01,222.0,0
62651,69.08,-0.8,60.84,327.0,0
68200,46.37,9.42,100.0,326.0,0
38072,37.71,19.59,72.54,482.0,0
29825,37.57,6.91,54.25,627.0,0
89164,76.58,11.84,100.0,0.0,1
98740,28.79,9.19,92.26,52.0,0
64790,59.84,18.47,40.16,257.0,0
14852,70.1,15.62,90.86,796.0,0
18440,72.82,11.39,55.45,786.0,0
87606,77.23,10.85,51.92,40.0,0
66713,49.07,14.0,36.76,293.0,0
71380,54.93,19.76,88.35,186.0,0
11158,39.61,15.42,54.34,856.0,0
23310,39.35,6.93,75.73,721.0,0
5960,76.53,14.5,84.92,870.0,0
12969,56.13,11.4,72.49,863.0,0
12549,45.04,15.33,99.25,769.0,0
17050,81.76,13.23,26.51,763.0,0
42418,43.94,1.52,61.44,625.0,0
89759,56.13,12.17,40.6,0.0,1
14167,71.09,6.67,90.38,738.0,0
50372,39.84,4.98,37.02,493.0,0
46950,60.51,10.63,80.67,531.0,0
73314,30.81,7.77,76.62,217.0,0
14609,67.05,10.31,85.84,785.0,0
35093,76.9,-0.97,65.26,685.0,0
11520,58.15,15.46,98.76,873.0,0
36041,45.05,1.39,64.84,540.0,0
78079,55.41,3.37,100.0,174.0,0
96665,64.5,14.12,54.07,0.0,1
57933,43.97,13.77,43.94,356.0,0
31454,71.86,16.88,48.48,554.0,0
3650,52.89,13.39,94.91,904.0,0
30130,76.79,3.18,69.0,629.0,0
6042,64.89,13.64,90.48,868.0,0
93805,85.91,12.99,60.78,18.0,0
7258,68.2,4.66,72.82,892.0,0
83622,89.67,12.37,100.0,125.0,0
66932,55.51,9.9,71.29,188.0,0
1415,53.06,3.62,83.89,970.0,0
34184,83.29,18.5,98.14,593.0,0
87302,63.59,12.84,85.79,125.0,0
3665,71.24,15.59,100.0,872.0,0
48890,52.58,11.19,100.0,502.0,0
12905,63.5,11.09,63.1,886.0,0
17626,79.24,4.37,74.39,750.0,0
56887,82.15,9.21,95.53,473.0,0
18225,60.8,0.71,71.31,741.0,0
21439,59.89,6.59,56.19,750.0,0
90038,68.09,13.66,43.85,3.0,1
68378,71.13,4.36,88.81,244.0,0
97004,53.77,15.55,75.15,0.0,1
62064,50.97,14.51,75.16,351.0,0
45335,56.74,13.41,82.94,445.0,0
11292,63.51,9.18,63.05,816.0,0
52720,70.74,10.3,56.32,479.0,0
49525,58.83,9.81,72.96,476.0,0
30276,54.18,4.23,53.15,645.0,0
8801,40.14,4.08,95.31,789.0,0
55108,40.43,14.72,60.75,431.0,0
47142,66.97,8.44,82.13,482.0,0
23806,64.53,11.59,52.32,641.0,0
75541,46.51,13.6,54.71,240.0,0
58214,69.62,2.3,87.67,371.0,0
67958,87.6,14.22,60.56,251.0,0
16059,60.36,-0.06,99.49,780.0,0
50553,72.21,9.12,67.22,405.0,0
35238,52.61,18.7,69.99,606.0,0
91832,70.49,0.66,60.67,65.0,0
60807,48.76,10.68,78.84,281.0,0
45137,53.32,12.79,51.73,479.0,0
62914,89.44,2.14,70.93,293.0,0
845,35.37,9.49,100.0,969.0,0
81569,39.99,15.05,55.37,111.0,0
3056,66.2,10.86,71.3,924.0,0
24421,69.05,9.08,100.0,767.0,0
64338,35.02,8.52,90.23,252.0,0
22350,54.78,9.04,55.96,709.0,0
64461,56.9,11.7,100.0,254.0,0
60140,46.62,3.79,82.22,449.0,0
44280,74.63,12.14,51.65,560.0,0
78591,51.55,3.24,100.0,315.0,0
28043,48.87,12.6,48.27,623.0,0
59182,47.23,16.9,23.17,443.0,0
1156,51.24,15.89,95.96,872.0,0
59743,58.75,12.09,63.21,353.0,0
56526,91.2,9.36,74.61,383.0,0
74220,45.26,6.6,70.03,185.0,0
9584,52.93,11.07,78.4,904.0,0
6048,62.89,17.42,75.09,949.0,0
33081,72.29,14.63,79.66,646.0,0
40623,63.26,2.94,70.38,592.0,0
96646,80.69,18.32,68.73,7.0,0
35599,55.98,3.0,100.0,657.0,0
83351,66.69,16.82,79.29,46.0,0
62849,79.09,14.77,63.41,309.0,0
14181,65.45,12.11,81.72,725.0,0
77382,66.48,9.95,72.01,275.0,0
22434,61.32,7.45,53.02,756.0,0
72515,65.65,13.26,75.45,289.0,0
44134,40.65,9.73,55.52,559.0,0
20404,49.56,6.45,100.0,776.0,0
22015,42.5,12.61,43.88,728.0,0
53905,46.75,15.81,57.05,386.0,0
89428,50.62,3.94,95.44,44.0,0
86267,63.82,8.71,64.95,106.0,0
70944,71.23,19.25,42.12,260.0,0
90020,62.93,8.48,100.0,0.0,1
95024,70.4,2.75,42.5,0.0,1
83285,54.26,15.76,53.4,99.0,0
46350,60.93,8.52,92.86,533.0,0
825,52.93,10.67,88.37,1023.0,0
10504,71.43,13.13,48.0,908.0,0
43321,53.09,8.21,58.11,526.0,0
30574,62.94,17.96,68.26,555.0,0
37029,50.16,10.9,31.74,644.0,0
55653,46.03,9.67,90.84,485.0,0
84205,29.88,1.8,75.52,11.0,0
56748,81.05,5.39,85.28,289.0,0
2211,60.8,14.61,86.61,971.0,0
67732,73.8,6.76,69.73,270.0,0
12016,61.08,16.58,47.25,803.0,0
40388,71.89,14.7,74.53,477.0,0
20718,33.91,5.64,67.58,813.0,0
28860,96.77,13.24,58.35,683.0,0
86429,65.65,15.19,61.05,39.0,0
3230,70.37,6.9,24.62,934.0,0
18234,62.12,16.86,39.29,784.0,0
86864,61.85,12.94,68.59,126.0,0
49003,65.37,4.29,87.72,509.0,0
61166,47.27,12.02,30.53,419.0,0
69933,45.23,12.3,79.0,236.0,0
50190,65.5,13.7,65.56,534.0,0
97278,67.45,11.28,40.1,0.0,1
72434,68.2,11.17,71.02,137.0,0
5418,65.92,11.55,47.82,956.0,0
21967,38.06,14.72,56.53,724.0,0
83504,37.75,0.53,65.15,137.0,0
23933,67.14,8.1,96.05,717.0,0
6840,70.09,9.03,86.22,905.0,0
52990,87.57,14.16,67.22,431.0,0
3941,68.84,8.46,44.15,958.0,0
57128,57.9,18.77,48.59,444.0,0
32178,60.1,15.0,58.25,561.0,0
79800,50.18,8.12,61.92,209.0,0
56533,41.6,8.1,78.29,443.0,0
83924,51.86,10.76,83.14,74.0,0
42321,45.59,0.13,90.16,632.0,0
55192,74.84,15.9,54.75,348.0,0
82585,54.58,6.31,80.08,174.0,0
54639,75.66,7.29,61.87,430.0,0
62350,47.72,7.11,85.73,383.0,0
37592,64.04,11.37,100.0,478.0,0
65856,65.83,12.17,77.18,214.0,0
37630,78.64,11.92,68.8,498.0,0
66637,33.49,14.79,100.0,251.0,0
6638,57.28,16.97,84.89,887.0,0
64528,55.4,10.78,64.9,311.0,0
45072,47.43,13.35,59.39,527.0,0
42736,44.3,4.29,100.0,491.0,0
64338,65.28,9.39,90.55,331.0,0
30141,77.12,7.45,68.55,665.0,0
27482,61.37,6.34,56.25,726.0,0
37616,23.68,6.43,62.35,633.0,0
84374,77.05,8.2,66.34,82.0,0
42032,61.46,4.75,74.16,576.0,0
80085,74.13,7.48,84.09,115.0,0
89585,76.36,9.15,70.92,0.0,1
20917,58.72,10.35,74.89,734.0,0
60386,62.66,12.78,70.23,361.0,0
21439,55.61,3.04,58.19,675.0,0
66098,77.36,7.96,67.34,280.0,0
86690,78.79,7.15,76.46,0.0,1
62035,61.81,10.86,75.83,341.0,0
28660,85.91,17.82,56.33,673.0,0
47577,48.55,5.53,72.24,570.0,0
7950,71.36,3.31,99.62,808.0,0
15547,56.32,12.12,99.15,771.0,0
22802,65.28,20.66,43.41,818.0,0
27529,47.95,-2.61,78.04,700.0,0
45011,62.55,9.16,62.93,529.0,0
31904,69.17,13.91,83.75,508.0,0
27577,67.39,12.34,69.42,639.0,0
66786,65.48,8.86,100.0,294.0,0
36483,75.27,7.5,94.65,500.0,0
67902,71.5,9.27,80.96,133.0,0
67849,69.2,1.96,17.61,342.0,0
87336,64.78,14.6,71.93,41.0,0
66055,60.66,14.98,89.28,265.0,0
59109,76.2,12.3,41.96,307.0,0
4243,80.37,17.29,49.03,881.0,0
75258,70.46,14.23,68.16,102.0,0
53835,52.83,18.29,96.6,408.0,0
86809,55.69,5.4,96.0,81.0,0
68589,14.18,12.46,75.26,234.0,0
14408,39.55,7.06,100.0,787.0,0
62548,57.76,12.58,92.85,247.0,0
97517,61.99,16.46,50.42,0.0,1
34235,45.12,5.22,25.52,593.0,0
65475,52.12,11.28,68.7,292.0,0
91976,46.74,18.99,73.88,106.0,0
38261,79.65,4.35,60.9,564.0,0
36540,59.98,12.74,48.1,467.0,0
37903,65.63,3.31,90.97,550.0,0
50718,67.99,3.42,29.89,490.0,0
78099,53.03,5.33,38.63,174.0,0
82421,55.03,11.64,82.69,138.0,0
73518,57.92,4.43,100.0,204.0,0
78647,88.25,7.56,51.39,49.0,0
25284,29.44,-2.22,46.77,767.0,0
38739,58.05,14.39,100.0,561.0,0
76601,67.12,9.57,53.22,152.0,0
11784,72.88,7.18,61.64,781.0,0
22954,52.04,6.74,63.0,729.0,0
44934,67.87,11.35,30.56,451.0,0
50564,26.87,1.55,47.66,483.0,0
41635,59.76,2.72,94.53,447.0,0
61899,65.97,4.73,83.0,275.0,0
71744,35.93,1.23,80.49,328.0,0
19603,48.93,20.21,89.37,799.0,0
88858,83.45,17.08,74.29,99.0,0
91663,49.94,12.21,56.04,111.0,0
63065,35.59,3.75,56.92,361.0,0
27692,40.44,19.64,58.76,549.0,0
18849,93.62,11.91,83.73,728.0,0
35417,43.75,5.36,88.51,627.0,0
33715,74.85,15.06,72.7,590.0,0
24450,58.09,17.72,76.79,702.0,0
24547,65.72,21.93,61.61,746.0,0
8567,71.3,13.62,97.32,871.0,0
43567,52.46,9.54,57.6,546.0,0
8263,31.2,10.33,64.08,930.0,0
92094,56.23,13.67,58.71,41.0,0
96253,38.26,5.3,80.86,20.0,0
50690,62.47,14.8,64.94,452.0,0
32238,77.56,17.76,100.0,612.0,0
90912,59.57,3.79,98.62,68.0,0
32585,48.56,12.33,34.78,605.0,0
87761,76.96,18.81,81.78,26.0,0
48133,74.3,0.83,57.62,445.0,0
20382,44.99,15.7,78.79,759.0,0
38964,65.11,9.8,61.74,544.0,0
81810,45.44,12.2,88.0,145.0,0
56262,41.7,10.11,84.1,440.0,0
70640,49.16,13.39,83.7,153.0,0
49517,72.21,8.35,58.54,511.0,0
7018,50.95,5.99,100.0,862.0,0
35491,72.17,10.86,72.66,580.0,0
12373,47.63,3.66,69.79,726.0,0
47716,75.53,11.06,48.94,478.0,0
54541,71.17,8.15,58.35,364.0,0
84506,80.53,6.77,99.96,132.0,0
27742,54.35,3.6,59.67,639.0,0
47373,50.04,8.66,70.81,450.0,0
54765,44.61,14.11,71.15,363.0,0
49161,62.37,9.46,70.49,457.0,0
31909,51.56,19.44,75.65,609.0,0
28959,62.3,7.26,52.16,704.0,0
73442,84.2,7.62,97.62,252.0,0
37625,60.7,3.13,100.0,644.0,0
16886,61.63,11.6,62.8,789.0,0
47094,64.24,12.67,59.17,562.0,0
20980,47.06,19.66,83.11,767.0,0
2415,74.75,3.74,96.32,966.0,0
75759,47.22,6.33,61.41,140.0,0
41354,57.83,3.66,80.4,492.0,0
31144,39.65,4.07,70.11,634.0,0
69692,60.69,16.09,76.09,260.0,0
42175,26.78,11.43,51.65,506.0,0
64837,55.46,8.62,98.46,259.0,0
91949,72.35,11.69,50.09,0.0,1
55011,50.35,0.88,75.25,351.0,0
36754,83.54,12.8,47.09,661.0,0
29093,81.11,10.83,45.46,697.0,0
61918,55.13,11.01,65.66,287.0,0
66190,61.49,2.35,44.89,328.0,0
52509,87.74,10.2,46.08,338.0,0
14855,68.16,4.79,83.85,947.0,0
34687,60.54,15.44,84.53,557.0,0
71846,33.43,12.99,76.34,307.0,0
37144,55.13,19.41,70.61,490.0,0
9131,44.78,7.45,59.1,808.0,0
1095,76.88,9.26,73.58,932.0,0
45061,71.38,12.17,76.16,428.0,0
48228,64.47,5.49,73.04,481.0,0
83143,49.11,10.61,80.23,42.0,0
36029,72.51,5.08,72.27,644.0,0
29558,85.84,9.92,59.13,645.0,0
74278,45.24,10.63,80.74,111.0,0
19759,58.86,7.0,44.98,808.0,0
13481,70.25,15.18,71.6,849.0,0
79339,71.21,5.05,64.0,243.0,0
63912,49.97,11.22,100.0,289.0,0
63533,55.42,10.24,69.73,300.0,0
47074,70.04,14.36,79.48,484.0,0
95089,85.25,11.45,50.7,14.0,0
44468,59.86,9.16,54.35,495.0,0
66289,75.34,2.54,73.09,230.0,0
81993,81.93,14.19,23.34,148.0,0
6519,45.89,12.67,85.68,821.0,0
72061,58.74,-0.31,77.25,215.0,0
36388,54.8,8.89,58.98,622.0,0
44931,32.21,8.88,51.12,527.0,0
93135,54.24,5.01,68.99,65.0,0
57195,83.73,7.79,61.19,267.0,0
76549,52.34,20.62,64.84,202.0,0
12498,45.56,-1.73,73.65,751.0,0
15713,58.46,3.85,67.95,731.0,0
84741,63.35,9.5,100.0,127.0,0
69311,56.25,-2.07,81.67,227.0,0
35065,30.26,6.53,62.21,599.0,0
50212,60.19,9.74,83.5,454.0,0
3535,50.35,9.55,55.83,912.0,0
98455,41.35,10.81,68.14,0.0,1
55112,47.08,13.1,49.52,498.0,0
57583,56.73,14.71,75.6,360.0,0
11687,72.18,7.91,84.3,810.0,0
46639,80.82,12.59,92.86,553.0,0
80064,75.37,6.49,50.23,91.0,0
92919,47.78,13.95,70.78,106.0,0
18938,69.91,17.12,41.82,733.0,0
44658,43.4,8.96,60.89,565.0,0
17492,91.71,18.45,54.54,794.0,0
54154,77.86,4.28,76.38,487.0,0
53737,78.4,17.96,91.12,374.0,0
14601,37.44,8.28,57.95,872.0,0
96606,38.27,9.65,98.18,0.0,1
82396,52.57,12.11,30.27,170.0,0
77877,61.88,5.54,74.99,148.0,0
61045,56.22,8.22,50.83,307.0,0
49552,62.0,17.36,78.03,492.0,0
76931,43.21,7.9,85.82,167.0,0
57081,54.7,12.75,85.13,345.0,0
59711,65.16,2.84,33.66,309.0,0
48717,51.0,8.93,77.81,463.0,0
61933,62.33,2.2,85.46,318.0,0
59368,50.72,8.73,82.2,356.0,0
34722,45.59,3.69,40.65,674.0,0
85031,64.61,12.17,65.51,16.0,0
99388,78.18,6.1,65.17,0.0,1
78822,44.37,3.62,69.23,294.0,0
23795,50.68,7.58,88.14,713.0,0
30085,68.61,6.03,87.4,701.0,0
69003,51.96,11.74,53.51,230.0,0
76423,40.8,15.07,56.36,220.0,0
93508,44.93,8.99,84.1,5.0,1
59636,21.6,-1.79,61.96,317.0,0
30712,40.81,5.61,45.66,648.0,0
91763,48.51,16.26,75.36,32.0,0
81267,91.21,11.67,58.83,85.0,0
14198,71.0,15.38,100.0,861.0,0
143,71.73,16.84,63.71,858.0,0
97962,50.58,8.06,70.45,0.0,1
75745,56.65,7.87,75.09,291.0,0
35737,62.1,6.95,51.49,560.0,0
11028,78.3,14.72,77.06,912.0,0
75002,73.5,2.37,61.51,265.0,0
331,72.15,12.94,69.87,960.0,0
97499,64.85,21.26,69.09,0.0,1
50453,73.94,11.38,92.02,334.0,0
44744,19.76,9.66,74.7,550.0,0
61687,68.53,10.18,74.01,228.0,0
43161,67.92,9.67,86.14,587.0,0
96700,44.14,4.29,91.6,0.0,1
32120,69.72,14.57,34.66,569.0,0
72003,39.45,10.47,80.69,267.0,0
43858,63.92,6.73,80.8,493.0,0
2913,50.85,8.56,64.72,842.0,0
49966,100.42,4.06,89.56,421.0,0
40637,68.96,9.85,51.37,537.0,0
99143,70.85,7.64,61.23,0.0,1
28448,52.05,10.55,87.34,700.0,0
34046,97.25,5.44,45.13,549.0,0
48881,54.34,7.99,100.0,378.0,0
31176,76.91,7.02,61.11,609.0,0
951,54.76,6.47,50.78,948.0,0
53558,66.36,0.52,42.36,520.0,0
30656,41.14,9.26,57.79,653.0,0
6706,90.31,9.83,100.0,838.0,0
12430,82.34,4.35,100.0,773.0,0
41976,79.89,5.02,83.08,551.0,0
938,43.08,4.22,69.92,1003.0,0
30639,73.39,9.4,82.6,618.0,0
31991,41.39,6.81,80.78,620.0,0
34095,88.64,10.31,100.0,565.0,0
87670,76.9,7.93,63.5,0.0,1
28123,36.25,7.6,53.39,724.0,0
25393,44.08,11.33,100.0,670.0,0
52238,52.26,13.79,97.89,469.0,0
9423,64.06,7.72,52.57,869.0,0
40465,75.75,7.92,59.99,494.0,0
53867,58.14,16.21,99.19,379.0,0
13669,73.39,13.15,62.45,877.0,0
56606,58.35,1.57,56.65,421.0,0
78097,47.2,1.8,64.14,215.0,0
75766,44.33,8.97,84.24,271.0,0
89822,52.35,6.53,81.46,94.0,0
81648,44.77,15.52,100.0,104.0,0
57176,70.33,8.74,43.84,315.0,0
18485,42.98,2.14,70.34,827.0,0
50419,67.09,6.96,96.41,334.0,0
32551,42.69,7.31,100.0,626.0,0
23195,36.17,21.25,62.17,613.0,0
97455,62.33,10.32,83.87,0.0,1
36582,67.65,7.42,73.7,509.0,0
97144,64.96,8.13,62.41,0.0,1
12990,50.55,8.81,50.11,765.0,0
99983,43.06,11.37,88.26,0.0,1
66684,52.92,8.43,63.83,275.0,0
63013,55.59,9.78,61.08,396.0,0
2344,76.88,9.55,88.59,946.0,0
26554,63.76,13.74,50.86,675.0,0
2660,78.04,13.81,100.0,1000.0,0
15845,54.42,2.71,100.0,847.0,0
82496,67.96,13.26,94.45,127.0,0
54080,50.91,17.8,78.79,354.0,0
98434,61.96,10.68,56.78,0.0,1
91276,62.66,16.36,66.43,102.0,0
96770,49.2,12.27,42.35,0.0,1
95932,95.56,15.57,89.48,0.0,1
80030,56.47,11.78,58.59,147.0,0
44875,65.84,5.59,68.5,493.0,0
71874,65.04,8.4,53.37,295.0,0
98756,56.33,14.13,49.72,0.0,1
48776,64.03,8.44,30.37,394.0,0
50168,61.26,14.97,75.01,398.0,0
27908,59.02,10.5,31.09,707.0,0
2036,67.03,18.18,65.34,883.0,0
81593,46.23,3.91,80.33,104.0,0
44933,50.44,-5.19,78.34,562.0,0
78788,56.37,18.3,57.92,235.0,0
96710,78.86,5.73,44.83,0.0,1
57102,69.5,13.23,91.22,349.0,0
29946,29.58,17.13,62.37,604.0,0
28818,12.81,8.02,88.69,721.0,0
85754,80.11,3.23,90.36,78.0,0
30532,41.43,8.24,27.32,618.0,0
23495,35.37,4.62,100.0,727.0,0
37463,54.95,1.14,56.31,592.0,0
40047,78.29,0.78,83.05,598.0,0
60407,59.32,4.32,100.0,331.0,0
96262,62.78,11.93,81.25,0.0,1
91585,37.41,5.47,82.96,87.0,0
23201,67.45,10.02,76.96,766.0,0
17174,80.28,13.58,100.0,818.0,0
6180,66.33,4.88,60.51,805.0,0
16544,56.72,7.23,78.67,758.0,0
7316,97.18,13.4,73.98,876.0,0
86720,51.31,12.61,71.94,144.0,0
97640,46.35,14.38,25.88,0.0,1
27361,54.88,13.53,64.33,624.0,0
48933,40.26,9.65,92.38,452.0,0
25156,43.11,11.46,48.22,693.0,0
16900,57.87,9.41,99.19,704.0,0
89137,56.73,8.73,49.2,101.0,0
65071,66.35,5.49,68.41,457.0,0
30822,47.0,14.16,27.89,620.0,0
37274,56.89,16.59,71.84,519.0,0
88229,66.11,14.74,85.71,132.0,0
46292,59.19,10.87,85.18,449.0,0
4632,64.84,6.19,43.92,884.0,0
2510,59.36,4.71,51.56,889.0,0
63209,45.83,13.15,64.22,379.0,0
76842,72.14,10.42,18.56,125.0,0
29266,57.66,6.04,96.46,660.0,0
92036,52.96,10.76,80.37,36.0,0
90969,54.76,9.18,82.89,4.0,1
92412,47.99,14.35,86.62,62.0,0
98318,75.25,15.76,83.23,0.0,1
54219,61.52,2.8,73.04,384.0,0
8726,58.39,3.89,95.95,953.0,0
40630,57.39,12.01,53.19,515.0,0
56589,73.27,8.2,67.21,388.0,0
83796,87.48,11.85,84.49,96.0,0
87166,55.52,9.12,100.0,99.0,0
36282,42.54,4.64,94.61,607.0,0
74008,57.38,7.96,83.06,154.0,0
13408,82.25,-1.82,100.0,671.0,0
77597,82.9,6.99,96.51,177.0,0
36306,71.63,11.59,45.84,601.0,0
21130,92.07,17.89,73.76,693.0,0
98783,56.82,8.68,69.65,0.0,1
28169,24.5,11.91,89.59,728.0,0
51932,73.96,1.65,89.24,550.0,0
34011,62.44,7.54,85.52,547.0,0
60612,38.82,7.5,41.34,332.0,0
24039,68.85,2.2,100.0,784.0,0
84798,72.02,9.36,22.48,174.0,0
84637,38.56,9.74,57.93,90.0,0
23672,68.16,13.39,67.45,698.0,0
94677,30.54,20.9,100.0,0.0,1
70034,49.28,4.34,80.21,254.0,0
25703,66.86,11.17,100.0,668.0,0
32672,35.75,11.4,74.06,537.0,0
41407,50.13,15.44,67.78,525.0,0
42385,77.43,6.9,66.34,471.0,0
64578,57.03,11.85,73.67,361.0,0
42752,64.98,8.56,31.06,516.0,0
88286,58.15,8.57,73.96,135.0,0
81185,73.23,12.94,96.92,104.0,0
49194,47.03,13.8,72.78,469.0,0
49556,76.3,12.56,49.98,385.0,0
22021,77.61,6.81,52.94,721.0,0
78695,60.75,13.58,49.24,136.0,0
80555,74.61,1.27,48.67,243.0,0
20346,82.87,4.39,79.0,782.0,0
23193,71.83,20.65,63.05,731.0,0
18537,67.25,-5.81,71.33,862.0,0
31539,60.05,17.14,38.68,653.0,0
63556,54.28,10.27,82.48,237.0,0
89340,34.23,12.66,61.82,158.0,0
37136,54.62,-1.97,69.42,509.0,0
19289,93.15,10.49,51.54,751.0,0
5507,41.69,16.96,70.08,940.0,0
56,67.51,-5.53,29.92,973.0,0
94167,64.29,8.15,48.31,0.0,1
38804,58.65,5.79,69.75,519.0,0
6603,61.88,10.27,90.26,887.0,0
90326,46.79,11.44,60.37,0.0,1
6651,45.78,3.53,54.29,935.0,0
77636,76.83,13.94,83.27,66.0,0
53431,74.78,15.27,100.0,367.0,0
84017,38.59,4.58,81.62,81.0,0
52685,70.6,9.25,74.25,368.0,0
77571,64.75,5.89,65.8,119.0,0
72527,70.37,11.03,82.74,284.0,0
34156,48.41,9.03,46.12,535.0,0
77679,53.64,10.82,73.04,257.0,0
10731,67.75,2.11,67.03,837.0,0
25759,74.63,11.94,26.31,702.0,0
84181,46.69,-1.24,100.0,119.0,0
89407,32.68,15.64,36.81,47.0,0
44834,52.56,10.44,96.88,532.0,0
7087,69.95,13.51,80.95,826.0,0
53178,49.04,-3.61,75.29,427.0,0
74682,84.59,8.38,100.0,170.0,0
26309,60.51,5.03,60.91,744.0,0
1043,61.28,4.77,93.7,921.0,0
2934,68.65,4.68,100.0,958.0,0
77017,67.82,8.54,54.62,183.0,0
92180,63.42,7.68,43.85,100.0,0
90742,49.72,9.61,88.7,0.0,1
45343,36.35,10.16,90.91,449.0,0
16473,79.0,12.41,100.0,825.0,0
37485,53.93,10.19,68.4,619.0,0
94556,62.44,11.0,58.29,0.0,1
21903,67.26,9.1,87.93,736.0,0
57933,44.59,14.87,77.26,406.0,0
2534,75.86,11.19,42.79,887.0,0
36093,47.87,9.5,45.61,467.0,0
45159,62.55,4.71,91.69,579.0,0
62763,78.37,7.73,73.32,314.0,0
42566,57.82,18.82,79.44,461.0,0
48864,30.13,13.92,78.22,393.0,0
40171,58.91,11.32,46.44,649.0,0
35784,65.15,4.79,67.86,624.0,0
43423,48.52,10.61,20.14,535.0,0
43971,44.88,6.34,100.0,485.0,0
18091,45.32,15.3,77.9,742.0,0
44793,34.19,12.11,0.0,626.0,0
26642,56.9,7.33,93.36,715.0,0
38912,55.58,5.04,86.39,555.0,0
12292,56.1,5.72,84.68,837.0,0
78652,39.18,8.98,36.25,164.0,0
7828,52.22,14.65,74.39,831.0,0
35924,48.39,4.69,48.72,665.0,0
38949,63.36,7.0,87.91,573.0,0
68785,86.08,8.13,55.06,281.0,0
3065,86.26,15.87,100.0,895.0,0
77450,71.31,12.44,74.83,122.0,0
87204,63.89,9.15,71.04,84.0,0
67693,32.04,7.42,100.0,327.0,0
91534,96.47,8.79,68.06,82.0,0
39217,66.65,13.67,32.02,530.0,0
93158,63.01,7.06,70.34,0.0,1
22005,63.86,11.23,70.55,681.0,0
31853,79.73,17.29,99.0,603.0,0
19508,48.34,17.8,62.46,747.0,0
66087,81.87,12.64,33.75,341.0,0
86678,85.45,17.0,11.47,25.0,0
15062,57.25,18.18,60.24,739.0,0
70477,46.07,11.92,66.59,282.0,0
26559,68.59,10.59,55.74,718.0,0
67355,37.41,13.25,87.6,296.0,0
62731,77.93,9.83,66.16,191.0,0
37338,84.46,6.35,70.28,638.0,0
64792,56.76,6.04,77.1,346.0,0
24396,72.52,16.71,71.82,625.0,0
25120,45.64,11.88,68.74,746.0,0
1778,29.4,15.89,79.68,949.0,0
4929,59.06,10.05,98.76,938.0,0
12035,45.07,5.08,70.27,801.0,0
57451,38.16,5.94,51.89,391.0,0
53682,39.22,3.73,55.84,490.0,0
93851,61.97,2.89,91.96,74.0,0
65782,43.56,11.25,94.84,314.0,0
61179,77.28,5.11,79.88,343.0,0
82395,59.08,6.44,88.04,65.0,0
86727,72.32,7.34,40.01,49.0,0
79807,86.6,12.11,52.79,187.0,0
25352,55.49,4.83,52.4,675.0,0
51242,71.6,14.18,88.93,481.0,0
57298,61.41,6.96,72.44,444.0,0
51946,61.37,6.88,38.87,350.0,0
76383,39.41,12.62,34.87,227.0,0
96203,42.33,8.66,82.78,0.0,1
45376,80.55,13.47,73.64,418.0,0
42186,80.51,4.27,66.71,639.0,0
86207,55.77,15.6,54.6,70.0,0
35472,62.97,9.28,46.79,694.0,0
10494,55.95,4.67,64.05,772.0,0
26394,51.56,9.06,62.47,628.0,0
92234,81.88,18.08,71.67,0.0,1
47024,33.3,4.2,70.71,454.0,0
80422,78.88,10.1,77.47,170.0,0
80603,54.23,10.86,66.17,209.0,0
49859,65.43,10.02,86.15,437.0,0
74175,72.84,13.27,86.58,236.0,0
24753,70.65,13.35,77.28,791.0,0
28439,55.07,7.63,61.99,672.0,0
26796,63.41,15.19,90.94,736.0,0
24583,66.14,6.12,63.56,623.0,0
32530,82.47,19.34,83.55,631.0,0
35252,57.65,-1.28,54.98,598.0,0
60347,52.12,1.67,82.32,404.0,0
85432,57.68,3.2,68.47,207.0,0
73056,72.77,7.0,28.05,174.0,0
46590,39.3,1.3,86.73,474.0,0
37270,50.24,14.94,45.61,665.0,0
37676,36.89,3.42,56.67,644.0,0
97472,36.12,10.44,87.14,30.0,0
59128,71.75,12.35,75.74,419.0,0
72464,57.73,8.99,78.15,284.0,0
27122,74.7,5.89,73.46,712.0,0
39536,66.24,10.85,51.19,461.0,0
24231,40.2,4.09,61.67,773.0,0
97783,68.27,14.56,69.53,0.0,1
27636,63.7,10.43,19.51,715.0,0
14849,60.05,6.38,100.0,724.0,0
71056,43.15,9.1,72.36,166.0,0
67908,51.23,8.22,58.1,317.0,0
91969,13.09,10.97,93.62,91.0,0
60061,36.56,10.62,100.0,380.0,0
92856,44.84,2.6,80.55,65.0,0
84307,53.19,11.22,89.29,150.0,0
13915,60.42,18.1,45.73,841.0,0
23802,58.56,10.59,57.22,732.0,0
47988,73.58,14.98,75.13,524.0,0
79042,30.29,11.9,71.38,234.0,0
29094,46.34,12.94,80.62,651.0,0
86817,86.28,14.6,99.66,0.0,1
1429,56.48,6.76,79.69,970.0,0
85473,71.26,11.12,63.28,32.0,0
42090,60.2,6.98,55.8,439.0,0
19463,75.04,7.47,61.16,787.0,0
92411,68.93,6.48,79.1,54.0,0
11664,66.03,16.72,72.35,833.0,0
91391,77.77,6.73,45.64,88.0,0
89438,44.98,2.22,39.91,30.0,0
2708,88.72,9.68,58.6,916.0,0
81486,79.06,8.71,89.46,52.0,0
3524,54.36,19.14,100.0,958.0,0
64225,60.19,13.19,50.63,384.0,0
48206,69.13,17.56,73.66,411.0,0
92830,68.52,18.17,47.29,44.0,0
77390,63.58,9.0,32.38,304.0,0
71594,63.86,10.67,65.79,127.0,0
66701,39.13,11.74,62.42,268.0,0
60803,47.16,5.44,100.0,479.0,0
22098,72.29,19.99,52.13,732.0,0
9710,35.4,13.04,78.05,905.0,0
1791,43.7,10.32,68.26,922.0,0
82197,35.57,10.41,76.41,211.0,0
21294,46.07,12.06,64.13,773.0,0
42492,60.1,4.09,34.9,492.0,0
7779,62.99,18.16,76.41,827.0,0
93871,75.67,7.13,81.83,0.0,1
78640,70.55,12.3,46.56,142.0,0
92094,61.31,7.26,62.72,57.0,0
55873,80.08,11.54,64.49,392.0,0
37372,80.94,2.16,86.41,591.0,0
64864,43.29,9.89,97.12,191.0,0
98400,59.35,5.03,77.82,0.0,1
61142,54.9,8.48,100.0,336.0,0
61503,43.1,15.63,93.5,262.0,0
78264,43.92,15.22,51.7,153.0,0
4234,68.89,13.65,69.13,907.0,0
98743,84.9,6.46,66.6,0.0,1
56634,65.67,11.02,100.0,331.0,0
21941,75.01,5.39,65.67,677.0,0
22077,62.62,13.13,82.8,783.0,0
51738,48.16,5.21,98.59,418.0,0
33199,71.28,12.65,64.4,618.0,0
70225,64.84,12.96,89.5,239.0,0
33277,77.99,11.53,66.06,640.0,0
55770,40.7,8.27,55.86,382.0,0
42458,61.3,13.28,81.76,581.0,0
85826,86.59,6.96,92.99,73.0,0
82414,60.41,11.66,60.16,77.0,0
23460,61.71,16.63,56.59,665.0,0
41641,56.57,5.81,64.86,579.0,0
6462,51.51,9.22,62.88,968.0,0
68233,81.74,16.31,100.0,206.0,0
32896,43.74,11.31,91.91,654.0,0
45672,83.67,10.61,71.56,499.0,0
63298,66.47,0.79,81.46,291.0,0
84169,48.96,9.95,73.7,114.0,0
69877,35.65,13.41,66.46,280.0,0
90336,60.21,15.55,28.24,4.0,1
27339,64.51,12.54,69.98,703.0,0
70615,64.72,12.71,70.09,223.0,0
6820,48.85,17.86,25.92,930.0,0
77226,64.99,16.74,35.47,203.0,0
62960,54.51,15.51,51.25,407.0,0
47373,56.31,3.75,69.89,487.0,0
34512,37.95,4.19,76.49,630.0,0
58468,56.35,9.68,72.45,336.0,0
15220,62.71,18.48,74.54,753.0,0
65021,74.73,8.55,75.28,308.0,0
43195,27.34,18.49,89.22,548.0,0
65694,47.45,3.11,60.07,334.0,0
64830,38.55,9.82,48.9,344.0,0
52224,54.98,6.9,69.91,421.0,0
69202,50.05,12.42,57.87,210.0,0
54306,82.55,3.13,70.35,473.0,0
92816,64.98,7.62,29.5,0.0,1
82298,49.37,1.52,37.44,145.0,0
12619,81.63,13.83,62.07,792.0,0
71987,41.49,0.09,36.19,140.0,0
82559,55.87,8.11,91.48,132.0,0
29636,58.45,12.6,18.35,658.0,0
82158,58.53,14.67,71.71,119.0,0
81227,62.94,16.12,79.01,253.0,0
66946,48.12,17.25,67.75,309.0,0
39970,57.82,3.62,100.0,594.0,0
7690,50.14,10.58,94.22,960.0,0
5948,71.06,22.35,72.62,832.0,0
53111,44.73,5.71,67.01,410.0,0
53489,52.98,3.0,38.33,484.0,0
51326,55.72,9.55,65.26,538.0,0
91438,63.25,5.1,44.03,0.0,1
80227,55.82,14.88,72.54,178.0,0
3067,40.65,5.94,51.74,990.0,0
46490,53.16,18.06,44.35,538.0,0
4042,56.01,3.79,30.71,882.0,0
14891,83.89,6.82,62.02,851.0,0
97108,77.87,9.62,100.0,0.0,1
88486,53.78,-1.53,85.67,101.0,0
53661,60.21,16.13,78.82,402.0,0
84027,53.07,6.82,64.76,118.0,0
12257,70.75,4.93,100.0,764.0,0
16477,51.31,4.1,48.76,883.0,0
30326,86.33,8.18,76.16,622.0,0
57219,46.64,10.25,86.67,432.0,0
20405,92.31,13.69,72.79,778.0,0
93357,90.49,0.94,13.73,91.0,0
72479,76.58,14.56,69.02,191.0,0
26289,55.19,16.67,79.83,711.0,0
48885,42.08,12.0,57.64,456.0,0
16794,67.92,8.37,100.0,749.0,0
14433,41.49,12.38,71.1,776.0,0
92034,61.02,7.42,90.62,0.0,1
24046,58.6,9.59,57.45,720.0,0
59287,79.12,1.45,50.46,359.0,0
67384,61.87,2.84,71.22,255.0,0
86302,52.53,6.56,64.7,23.0,0
19733,69.5,22.24,75.86,621.0,0
55228,32.88,24.53,61.16,441.0,0
8855,67.97,11.68,100.0,786.0,0
82638,75.26,-1.69,71.26,230.0,0
77635,62.35,16.0,97.12,216.0,0
41220,57.24,12.64,61.84,568.0,0
14797,67.92,6.87,84.01,818.0,0
12884,47.42,8.5,90.42,852.0,0
42871,95.33,6.66,62.69,610.0,0
11577,70.6,9.44,80.06,742.0,0
93055,61.89,15.71,65.0,0.0,1
50870,57.73,10.86,86.74,457.0,0
68895,38.93,7.73,66.24,397.0,0
93854,45.2,12.63,86.37,31.0,0
67635,47.26,7.88,74.17,251.0,0
25178,79.68,11.88,62.07,616.0,0
64909,62.2,12.24,92.61,355.0,0
21043,62.98,3.68,40.88,862.0,0
24933,90.65,15.17,48.96,675.0,0
14428,58.49,5.83,49.65,787.0,0
8131,77.15,15.9,88.26,853.0,0
64142,83.59,6.02,100.0,323.0,0
98503,41.89,7.72,100.0,8.0,0
15161,59.27,7.92,76.88,753.0,0
48459,43.45,-0.42,80.46,438.0,0
42818,75.72,7.13,25.91,592.0,0
86467,55.52,13.31,68.55,103.0,0
75677,66.62,6.74,86.99,247.0,0
89016,45.42,4.31,67.53,40.0,0
25225,61.09,5.29,72.72,689.0,0
26290,74.24,3.23,76.85,722.0,0
54518,54.61,8.22,100.0,405.0,0
95828,85.74,8.09,89.82,6.0,1
67125,58.16,9.69,63.08,264.0,0
1300,45.34,10.33,66.29,953.0,0
96818,51.09,5.72,56.23,58.0,0
46534,52.75,8.25,87.46,501.0,0
98623,47.94,12.74,47.17,15.0,0
53305,67.45,5.8,52.65,514.0,0
25431,73.18,6.8,97.4,750.0,0
32646,57.76,16.23,100.0,582.0,0
68465,42.77,17.02,54.44,185.0,0
60013,49.62,9.04,72.92,444.0,0
76574,54.31,14.44,62.65,162.0,0
36166,42.03,26.57,64.18,555.0,0
26465,74.27,2.31,75.89,750.0,0
20560,45.79,13.33,47.55,771.0,0
29295,57.86,10.46,82.83,605.0,0
30935,70.01,12.23,100.0,622.0,0
83958,39.68,11.55,49.68,72.0,0
69465,26.9,16.08,74.32,278.0,0
80254,44.67,4.49,89.14,156.0,0
16069,57.29,9.45,93.53,823.0,0
63022,52.54,12.09,82.92,334.0,0
46100,39.86,17.45,67.92,552.0,0
44797,84.03,5.98,93.25,488.0,0
15970,64.31,5.02,70.12,745.0,0
40907,46.0,1.92,77.3,655.0,0
91032,38.56,16.34,59.36,41.0,0
86655,84.29,12.44,52.93,8.0,0
44268,72.14,11.62,79.87,487.0,0
3227,72.76,11.73,44.82,904.0,0
40653,63.19,8.1,64.04,515.0,0
1626,83.85,12.36,41.71,1019.0,0
89444,56.98,7.62,42.94,54.0,0
86673,93.85,8.39,23.62,110.0,0
11512,47.55,7.14,52.24,900.0,0
46925,75.33,-0.5,70.93,497.0,0
8956,70.76,-0.54,86.57,841.0,0
68645,75.38,5.52,55.54,229.0,0
6304,53.36,4.01,57.06,909.0,0
61473,57.87,12.02,83.63,317.0,0
83274,34.34,-2.81,71.11,122.0,0
47276,68.74,6.5,29.3,512.0,0
33638,63.83,9.05,28.67,597.0,0
7721,77.84,15.44,71.55,820.0,0
87716,71.17,13.63,60.31,9.0,0
24580,40.74,8.52,44.51,780.0,0
89796,59.9,3.92,81.91,76.0,0
33110,38.69,3.85,61.69,745.0,0
95149,55.54,9.56,11.84,0.0,1
48964,24.33,4.66,63.47,439.0,0
79381,46.6,4.6,100.0,192.0,0
22434,84.55,10.21,74.09,796.0,0
51170,63.63,7.51,61.79,484.0,0
87411,69.72,7.82,62.16,59.0,0
62461,88.6,5.26,37.71,376.0,0
58200,65.53,9.22,72.5,381.0,0
71233,71.83,13.97,68.86,273.0,0
91280,63.25,10.78,59.39,68.0,0
10778,65.91,7.44,88.28,872.0,0
69439,69.78,7.25,96.25,251.0,0
33165,77.02,11.48,59.95,715.0,0
62450,68.13,9.95,69.12,270.0,0
99766,41.53,15.1,59.1,0.0,1
51303,73.84,2.5,68.54,339.0,0
49801,51.54,7.11,66.82,541.0,0
19669,45.81,5.03,90.96,816.0,0
63846,44.88,11.07,76.14,330.0,0
41198,75.03,3.89,56.05,656.0,0
53873,92.14,7.1,75.36,397.0,0
23185,58.77,4.65,84.71,716.0,0
84545,67.12,13.79,88.51,84.0,0
89268,48.95,14.18,53.78,0.0,1
75604,105.63,9.22,100.0,156.0,0
73842,61.85,7.79,58.37,197.0,0
7409,54.35,11.31,79.03,870.0,0
25160,38.03,10.6,66.03,746.0,0
54760,43.35,6.2,100.0,385.0,0
78665,41.5,6.65,50.37,150.0,0
14785,68.23,8.93,35.76,898.0,0
95290,67.23,5.52,53.53,0.0,1
96200,29.17,12.16,72.27,54.0,0
62090,66.11,8.85,60.91,331.0,0
95930,71.57,8.84,64.49,0.0,1
43820,59.96,12.69,97.32,415.0,0
19212,51.57,8.44,72.14,771.0,0
5777,68.98,12.75,80.37,922.0,0
28184,47.39,15.42,93.69,606.0,0
58730,30.03,14.2,72.75,433.0,0
8531,55.85,4.49,87.4,857.0,0
19256,74.37,6.78,68.64,715.0,0
99018,59.41,7.15,73.14,0.0,1
95011,93.36,13.21,66.33,0.0,1
77200,40.77,5.01,70.28,134.0,0
33918,82.31,9.14,87.49,674.0,0
39337,57.23,10.45,65.79,570.0,0
62199,87.74,20.33,71.2,328.0,0
83608,57.42,6.81,91.85,208.0,0
35730,38.55,14.76,70.95,588.0,0
75299,61.35,11.04,62.18,169.0,0
42351,52.97,16.47,39.03,500.0,0
55927,65.01,23.3,33.91,376.0,0
85062,47.59,12.83,60.6,141.0,0
12644,56.89,10.42,78.46,836.0,0
65263,85.24,15.24,100.0,256.0,0
14476,87.76,7.66,58.04,850.0,0
86460,61.68,9.65,90.24,117.0,0
2418,71.8,16.9,56.84,970.0,0
55635,81.79,16.6,56.22,354.0,0
66529,39.92,6.22,72.1,304.0,0
15589,66.46,7.92,33.97,795.0,0
16156,71.41,4.24,100.0,773.0,0
73279,63.18,8.26,56.53,181.0,0
69514,57.6,6.19,74.58,275.0,0
78100,82.08,15.25,75.34,138.0,0
49757,61.67,4.93,41.5,399.0,0
63658,70.74,14.41,94.5,301.0,0
80216,44.03,24.98,58.46,203.0,0
5071,43.93,4.08,37.05,913.0,0
96406,92.07,11.66,48.36,0.0,1
29065,49.17,9.43,29.04,619.0,0
17279,50.45,16.2,31.32,758.0,0
9081,70.27,17.44,66.73,873.0,0
95344,66.15,14.48,47.95,0.0,1
6096,95.18,14.61,73.48,856.0,0
86368,73.79,3.62,85.9,65.0,0
51813,35.48,11.54,81.82,420.0,0
85099,86.41,21.33,76.35,38.0,0
62768,40.16,7.96,62.84,327.0,0
53525,39.4,14.11,73.3,447.0,0
86364,34.49,15.1,64.23,130.0,0
5605,66.22,7.95,56.5,888.0,0
43559,66.54,11.95,76.19,501.0,0
19504,76.36,2.53,70.21,717.0,0
90595,33.41,13.15,52.53,123.0,0
71882,45.52,8.37,68.47,240.0,0
25470,47.07,8.46,53.11,708.0,0
21727,46.08,9.47,60.63,802.0,0
88609,55.75,12.93,61.38,37.0,0
4909,61.83,8.33,45.28,930.0,0
62620,63.27,17.61,59.82,338.0,0
83272,70.75,14.62,58.89,104.0,0
89045,55.37,8.47,74.22,71.0,0
14231,54.25,6.02,69.08,850.0,0
20351,75.76,11.85,31.87,729.0,0
11415,29.4,12.72,62.97,808.0,0
54548,40.25,8.38,85.45,430.0,0
57852,52.7,17.65,100.0,337.0,0
2428,24.61,13.0,44.04,965.0,0
62408,71.44,12.08,66.26,452.0,0
73214,81.56,2.82,71.16,246.0,0
97664,56.8,13.95,93.05,0.0,1
70785,52.03,13.92,71.9,223.0,0
46804,42.95,12.36,82.06,583.0,0
26641,61.53,3.15,67.71,646.0,0
16103,63.27,5.94,85.59,807.0,0
96886,71.9,11.09,75.15,83.0,0
49573,87.37,5.5,76.37,486.0,0
84030,56.83,10.57,96.42,150.0,0
79689,69.5,4.09,55.01,226.0,0
70168,54.39,5.92,43.56,214.0,0
30389,44.64,9.35,62.92,620.0,0
51056,39.0,7.8,70.36,424.0,0
62110,70.2,13.23,87.11,317.0,0
72797,85.83,7.52,73.68,140.0,0
87337,53.37,2.25,60.01,66.0,0
67805,66.8,12.77,70.79,310.0,0
38166,57.77,9.84,27.34,580.0,0
46354,70.17,12.07,60.78,449.0,0
4600,48.78,13.29,67.18,881.0,0
49975,71.57,3.14,76.76,353.0,0
98206,44.95,7.29,53.65,0.0,1
90126,58.73,9.41,100.0,13.0,0
50909,78.61,9.26,70.55,415.0,0
3017,80.22,6.57,87.34,965.0,0
6271,71.93,8.27,74.28,904.0,0
57778,70.18,13.79,61.24,344.0,0
57929,60.58,6.77,88.62,352.0,0
26671,58.59,6.85,79.2,745.0,0
15004,52.62,12.71,77.57,816.0,0
38888,65.54,14.16,90.2,595.0,0
77655,79.66,12.63,46.11,114.0,0
64284,75.25,3.87,100.0,355.0,0
18688,72.47,3.89,73.21,778.0,0
88436,87.12,12.36,53.64,0.0,1
34815,44.84,5.24,100.0,619.0,0
31105,37.3,10.68,91.71,670.0,0
15631,36.19,6.64,76.94,799.0,0
70442,57.0,9.84,48.84,267.0,0
26516,53.78,7.94,89.76,718.0,0
5858,68.95,9.06,42.34,922.0,0
44258,72.77,6.8,40.72,618.0,0
67890,50.07,-1.41,62.36,260.0,0
97601,78.24,5.92,56.19,0.0,1
37922,37.68,22.6,77.38,582.0,0
79780,39.44,13.26,45.39,201.0,0
95531,55.09,13.4,87.39,0.0,1
65315,46.31,16.04,78.19,284.0,0
23347,66.18,15.08,64.95,768.0,0
46513,84.73,5.45,54.96,508.0,0
62620,66.37,14.94,100.0,263.0,0
94615,64.96,10.72,39.9,0.0,1
11573,49.61,6.99,72.64,772.0,0
62026,45.37,5.64,78.21,366.0,0
68257,47.51,2.02,49.19,274.0,0
36549,65.6,5.97,50.4,570.0,0
71960,65.39,7.66,45.68,298.0,0
1484,67.41,4.1,97.22,968.0,0
24250,44.26,-1.42,84.43,762.0,0
6884,63.1,6.71,100.0,885.0,0
55935,49.3,16.54,100.0,356.0,0
15059,81.95,11.47,58.51,746.0,0
49056,53.79,4.25,57.31,472.0,0
39034,54.31,6.3,82.12,575.0,0
34511,72.37,8.1,93.68,584.0,0
94380,49.49,6.24,89.67,44.0,0
47140,74.09,4.9,100.0,578.0,0
80336,32.32,11.15,83.03,129.0,0
32992,46.93,10.73,52.14,618.0,0
6468,74.31,13.97,70.64,917.0,0
12954,67.86,6.98,56.45,896.0,0
32530,64.69,8.1,43.97,611.0,0
2981,60.38,9.34,67.41,969.0,0
85973,39.36,15.66,77.36,100.0,0
24767,90.81,9.35,66.66,625.0,0
7868,65.25,17.32,83.98,932.0,0
69889,52.97,11.68,66.99,330.0,0
17612,35.41,8.91,68.52,741.0,0
13403,48.1,13.41,80.87,827.0,0
54722,62.66,5.78,58.45,376.0,0
88452,53.93,2.17,43.36,63.0,0
19264,46.58,11.1,53.45,793.0,0
44459,70.06,16.26,66.12,490.0,0
89518,39.84,1.11,61.31,21.0,0
98866,79.58,0.09,31.18,21.0,0
61952,48.69,3.49,68.58,361.0,0
12730,51.13,15.63,67.63,1001.0,0
74886,73.0,7.88,56.46,239.0,0
46186,51.79,12.49,63.0,415.0,0
6770,51.52,15.31,75.12,886.0,0
2126,62.17,9.42,86.47,892.0,0
60086,55.13,10.02,79.19,338.0,0
30710,56.55,4.73,68.33,669.0,0
84271,55.79,11.29,66.76,70.0,0
33068,57.82,9.2,71.53,641.0,0
78572,68.04,4.19,61.34,200.0,0
57491,50.69,9.98,87.7,344.0,0
907,41.14,20.18,55.36,943.0,0
89413,66.54,4.59,88.66,76.0,0
18523,45.94,15.91,53.19,734.0,0
16184,73.77,20.31,54.42,746.0,0
76106,79.13,5.55,54.3,183.0,0
12109,60.05,3.68,65.81,821.0,0
99809,50.56,15.43,79.82,0.0,1
43665,67.65,11.5,61.02,526.0,0
36575,70.65,14.39,57.1,438.0,0
53101,82.05,6.62,100.0,475.0,0
38474,63.83,15.97,60.29,582.0,0
22604,90.65,12.41,76.92,850.0,0
84005,71.96,14.03,98.64,34.0,0
10062,53.96,10.5,80.04,847.0,0
62870,52.57,18.15,87.45,330.0,0
30596,41.28,5.12,89.69,704.0,0
20005,73.87,5.8,82.81,764.0,0
28533,40.08,15.08,43.18,704.0,0
49796,81.21,17.79,78.6,462.0,0
15294,86.87,4.53,88.38,836.0,0
30035,67.88,10.62,63.62,589.0,0
74491,44.12,9.0,60.06,227.0,0
54248,56.14,15.4,100.0,353.0,0
34044,26.53,9.12,50.97,666.0,0
97487,58.29,6.84,100.0,19.0,0
342,65.74,8.64,78.72,833.0,0
46984,55.55,5.96,66.81,455.0,0
55650,52.87,16.66,47.58,321.0,0
51800,68.57,6.17,51.64,432.0,0
72232,65.12,0.73,100.0,217.0,0
72064,76.56,4.62,83.24,226.0,0
87264,45.34,2.85,95.39,79.0,0
81362,61.41,4.44,91.81,190.0,0
91192,71.49,11.72,54.45,38.0,0
62892,70.53,16.97,92.95,261.0,0
40486,83.89,4.1,74.09,460.0,0
24302,92.92,1.61,70.12,721.0,0
95632,53.37,10.27,20.75,0.0,1
65026,47.33,4.91,67.14,286.0,0
68454,54.68,15.26,76.64,249.0,0
80200,60.89,15.93,82.82,87.0,0
59463,88.12,8.76,94.03,361.0,0
78883,37.2,8.89,100.0,151.0,0
86916,57.16,19.25,85.87,12.0,0
12294,47.27,9.71,59.42,765.0,0
33061,72.27,16.47,67.16,624.0,0
36299,53.57,13.02,93.3,594.0,0
87622,68.08,6.55,43.26,80.0,0
36994,59.82,19.17,52.17,529.0,0
30954,52.34,9.59,70.23,651.0,0
26892,73.28,6.09,72.0,653.0,0
534,31.25,7.4,92.79,958.0,0
84295,66.85,7.72,57.41,144.0,0
42291,60.64,9.33,93.07,515.0,0
38431,46.53,16.33,74.48,579.0,0
24039,85.33,12.43,85.79,702.0,0
25246,61.57,10.11,59.34,679.0,0
16013,43.79,8.82,58.64,731.0,0
46378,86.63,15.9,76.6,379.0,0
17345,43.71,2.6,47.94,738.0,0
32980,42.55,9.21,73.47,702.0,0
44365,63.07,8.62,100.0,496.0,0
69797,77.46,12.82,47.53,192.0,0
71779,82.05,14.08,35.96,235.0,0
50225,67.19,4.48,60.61,447.0,0
14060,77.84,7.05,76.43,742.0,0
99099,47.98,3.52,91.59,0.0,1
74865,50.53,14.13,99.55,137.0,0
97548,78.94,5.16,58.53,14.0,0
13402,39.52,5.74,79.49,795.0,0
96596,68.56,15.7,82.59,0.0,1
73684,54.32,11.3,49.3,269.0,0
8592,38.6,10.19,58.38,829.0,0
1643,83.39,4.65,80.2,1024.0,0
80793,87.13,11.49,57.26,26.0,0
84147,64.42,1.98,69.53,162.0,0
56602,63.7,15.23,48.49,420.0,0
16757,83.38,2.36,94.05,809.0,0
81478,67.85,10.11,25.72,115.0,0
4745,53.38,10.22,60.34,959.0,0
35688,78.38,12.77,72.01,571.0,0
28607,71.58,13.75,57.5,653.0,0
89992,72.53,5.0,55.78,7.0,0
48756,59.2,10.54,62.19,502.0,0
44464,77.39,12.82,86.4,499.0,0
64884,53.22,13.13,82.36,364.0,0
30590,60.21,15.49,58.57,627.0,0
42709,63.13,10.61,68.59,477.0,0
92460,26.11,10.15,80.46,63.0,0
92205,23.22,10.15,92.39,119.0,0
2373,82.46,15.35,84.93,980.0,0
97545,38.13,10.29,63.71,0.0,1
52354,46.46,13.08,48.05,403.0,0
90894,59.17,21.63,75.46,0.0,1
38316,62.85,11.73,75.1,621.0,0
61323,53.37,6.83,46.3,409.0,0
13057,25.36,9.22,58.48,883.0,0
88943,65.96,12.88,72.36,61.0,0
45744,67.16,9.07,85.95,472.0,0
40647,88.1,9.51,63.11,477.0,0
71869,54.28,10.18,85.37,269.0,0
35941,38.63,19.48,77.5,612.0,0
45068,61.79,9.62,68.18,481.0,0
30606,76.98,1.02,78.47,588.0,0
61651,83.69,4.7,65.14,321.0,0
73748,28.93,23.57,80.4,180.0,0
49608,47.49,14.44,71.23,441.0,0
65179,53.26,13.59,84.46,274.0,0
65007,69.57,14.41,100.0,269.0,0
4664,50.44,14.11,84.86,873.0,0
45976,36.89,8.95,75.02,493.0,0
40755,26.81,15.38,96.8,472.0,0
74060,45.77,19.06,56.62,131.0,0
77668,25.57,11.59,63.05,121.0,0
90706,81.83,8.09,56.69,6.0,1
15876,85.07,8.98,70.25,734.0,0
74447,89.5,11.44,57.36,231.0,0
41029,36.68,10.45,62.98,535.0,0
98861,81.41,9.37,100.0,0.0,1
53912,67.72,7.12,43.18,333.0,0
37970,62.24,19.69,64.14,566.0,0
55340,71.26,5.44,100.0,406.0,0
23697,91.45,8.21,100.0,763.0,0
19175,69.63,12.77,26.91,690.0,0
17966,61.56,11.73,16.82,848.0,0
58851,75.06,17.52,35.95,319.0,0
44323,98.85,24.3,66.71,441.0,0
42278,70.16,4.34,32.18,574.0,0
95845,48.55,3.05,37.08,91.0,0
27824,73.6,10.41,100.0,698.0,0
40079,33.4,5.43,75.17,585.0,0
39481,43.42,7.89,84.96,638.0,0
35234,60.87,14.41,38.57,581.0,0
45588,70.26,11.37,75.39,472.0,0
70486,60.2,8.89,46.14,195.0,0
96611,62.87,9.39,82.02,0.0,1
67700,64.08,14.53,55.93,316.0,0
57211,47.55,1.98,87.82,400.0,0
30165,47.11,19.19,67.38,693.0,0
56864,61.67,7.76,80.55,397.0,0
91628,84.33,12.84,91.88,64.0,0
90081,85.06,9.07,61.98,27.0,0
2820,45.09,16.18,49.36,909.0,0
72928,87.12,9.82,73.18,147.0,0
67231,47.56,6.82,37.55,300.0,0
89875,70.6,17.13,77.15,0.0,1
37149,42.34,11.54,33.3,532.0,0
72289,23.96,9.2,77.87,262.0,0
91853,56.78,7.31,88.01,79.0,0
89604,68.69,0.45,66.63,144.0,0
77162,65.82,21.75,85.66,157.0,0
45145,72.97,20.9,77.31,438.0,0
28478,69.77,13.23,83.95,587.0,0
40160,70.48,16.05,56.46,559.0,0
2931,51.55,7.87,38.93,830.0,0
3720,72.77,8.82,63.29,970.0,0
40243,64.22,8.75,76.18,590.0,0
28202,51.33,10.98,86.3,664.0,0
72553,93.16,6.29,100.0,186.0,0
9968,49.85,12.49,47.5,862.0,0
65178,51.61,4.96,61.18,208.0,0
59998,58.17,17.96,78.41,289.0,0
94037,86.34,5.63,19.89,0.0,1
88419,87.49,5.66,82.41,78.0,0
41882,59.01,5.2,70.99,522.0,0
77339,59.67,6.4,87.39,137.0,0
28319,68.13,8.69,68.32,641.0,0
15799,43.8,7.58,74.63,815.0,0
81121,64.19,13.08,60.85,131.0,0
69487,48.56,11.91,45.51,299.0,0
20762,52.33,4.72,56.8,702.0,0
40045,50.17,13.74,57.92,478.0,0
38864,42.67,11.52,80.43,561.0,0
96248,57.45,5.38,82.87,0.0,1
10060,50.44,12.35,61.83,852.0,0
95568,65.57,10.34,43.38,12.0,0
14214,41.28,13.71,82.89,688.0,0
68093,91.4,10.04,89.22,220.0,0
64299,78.48,17.18,68.62,293.0,0
51756,72.04,7.47,100.0,315.0,0
1868,51.51,15.91,75.83,1014.0,0
92512,51.65,2.14,49.77,0.0,1
89125,77.98,12.3,85.64,0.0,1
2821,72.1,13.87,29.82,931.0,0
7996,67.04,3.69,86.94,965.0,0
97611,65.49,10.33,73.11,0.0,1
6414,65.85,19.66,78.92,737.0,0
52696,40.73,8.34,61.9,442.0,0
17274,67.46,0.38,30.46,773.0,0
83625,94.92,6.53,83.21,192.0,0
71613,77.37,12.13,34.33,263.0,0
4009,79.8,12.47,41.16,748.0,0
49119,54.46,7.64,75.49,404.0,0
88837,73.13,12.38,88.09,82.0,0
74362,65.86,8.86,87.22,199.0,0
31592,30.3,10.53,68.69,594.0,0
48869,46.85,17.82,67.43,453.0,0
42784,59.65,13.0,63.36,464.0,0
70635,33.02,21.61,53.98,249.0,0
36343,65.02,15.41,35.92,597.0,0
71503,52.27,6.91,58.17,276.0,0
7656,83.22,7.69,96.37,862.0,0
10311,54.28,15.02,51.25,895.0,0
99898,55.81,12.9,65.0,0.0,1
56704,66.59,16.66,46.38,210.0,0
59669,69.42,18.38,53.81,313.0,0
36348,61.94,-3.28,37.86,644.0,0
56176,49.68,5.4,66.24,437.0,0
84977,66.01,8.0,89.85,89.0,0
53943,72.79,2.4,55.08,395.0,0
66818,38.28,12.61,76.68,213.0,0
78899,61.71,17.67,48.03,123.0,0
49871,53.11,12.0,40.15,483.0,0
21159,53.74,14.8,100.0,684.0,0
37123,58.9,2.59,41.51,573.0,0
26656,42.09,12.8,91.61,649.0,0
98831,63.78,9.29,83.87,0.0,1
12407,26.55,5.44,100.0,895.0,0
72804,61.71,11.3,72.06,192.0,0
31856,69.01,4.06,81.43,691.0,0
2320,49.93,6.57,88.55,907.0,0
23348,53.21,15.36,27.32,729.0,0
31551,43.4,12.45,54.26,587.0,0
4489,56.57,9.21,37.39,835.0,0
51037,72.63,14.07,100.0,379.0,0
58153,61.28,12.75,59.92,362.0,0
66490,60.55,12.44,97.31,305.0,0
17403,73.49,10.74,67.27,756.0,0
59694,64.24,13.49,66.35,304.0,0
97183,40.99,10.13,99.26,0.0,1
89974,39.96,7.32,60.8,83.0,0
92760,66.01,9.83,61.69,0.0,1
15605,49.84,4.92,40.99,832.0,0
66912,36.92,7.13,43.49,328.0,0
35697,61.17,5.91,67.97,636.0,0
77485,42.97,5.19,68.5,105.0,0
74515,67.25,7.65,90.3,148.0,0
24412,49.97,11.41,95.45,751.0,0
17942,43.04,6.72,82.83,830.0,0
22091,58.19,12.42,51.15,722.0,0
3095,85.03,14.18,100.0,825.0,0
94300,49.89,19.03,71.88,0.0,1
74597,46.5,15.62,75.63,211.0,0
38920,58.88,-1.48,95.91,651.0,0
55574,68.8,13.79,74.6,413.0,0
68453,61.14,9.8,72.97,278.0,0
41781,36.19,7.45,77.04,585.0,0
31239,76.69,9.26,53.04,626.0,0
67842,86.45,11.71,73.84,273.0,0
43378,67.37,12.38,62.23,542.0,0
25974,44.61,9.01,75.37,638.0,0
33791,39.31,16.46,76.34,615.0,0
35988,59.53,0.18,77.2,646.0,0
97834,57.09,17.04,100.0,0.0,1
83679,44.18,2.66,48.55,171.0,0
22117,59.88,15.03,66.91,812.0,0
36750,94.76,12.44,81.39,565.0,0
35136,53.35,8.64,63.7,591.0,0
12319,90.83,14.03,60.26,802.0,0
70677,52.81,6.73,72.72,245.0,0
81222,39.84,0.97,67.43,174.0,0
62930,52.64,11.89,88.8,296.0,0
94103,32.74,12.99,56.63,0.0,1
36498,51.44,14.11,37.61,531.0,0
96054,91.01,12.0,70.85,0.0,1
84673,55.7,12.77,70.18,16.0,0
20089,62.66,2.52,77.27,723.0,0
24782,41.83,8.81,84.41,768.0,0
9543,67.2,7.07,62.02,864.0,0
66806,69.39,12.38,69.97,279.0,0
78937,84.21,6.59,70.66,171.0,0
78093,46.38,17.88,52.97,183.0,0
80970,55.99,12.84,42.57,207.0,0
66297,60.33,14.05,72.4,322.0,0
64129,46.66,8.02,81.2,241.0,0
33609,49.78,10.57,100.0,607.0,0
99750,26.76,20.47,63.75,0.0,1
8928,109.5,17.2,55.65,875.0,0
70434,65.61,10.47,80.36,189.0,0
13836,64.0,11.24,78.11,849.0,0
99903,88.96,10.8,65.8,0.0,1
32556,37.18,18.32,85.5,666.0,0
77827,74.7,6.41,80.97,132.0,0
80130,53.92,-4.29,60.61,187.0,0
83771,85.13,12.81,78.2,137.0,0
58565,91.48,12.45,99.06,396.0,0
96594,58.35,4.0,81.94,60.0,0
38805,69.12,11.72,83.58,657.0,0
7638,64.48,14.09,31.33,890.0,0
78986,73.78,6.87,42.59,214.0,0
30865,40.53,12.42,100.0,636.0,0
11516,40.08,20.0,65.04,798.0,0
11512,68.94,9.1,88.77,814.0,0
74944,73.52,13.49,79.74,70.0,0
94358,70.6,8.83,93.39,178.0,0
75927,74.16,4.15,72.84,262.0,0
4149,57.26,9.12,61.67,967.0,0
20310,71.77,0.95,91.47,717.0,0
15700,46.29,6.83,61.23,789.0,0
63990,80.09,10.19,92.43,358.0,0
80483,67.19,17.71,47.16,137.0,0
47188,38.18,10.43,77.06,454.0,0
73542,46.44,12.62,67.64,199.0,0
16461,52.81,8.71,97.56,738.0,0
26440,70.59,15.05,49.12,649.0,0
86557,78.34,13.72,78.15,91.0,0
67311,46.47,11.03,75.69,259.0,0
82292,45.76,7.89,61.12,0.0,1
5322,64.54,12.79,77.37,858.0,0
80553,42.13,14.37,49.7,168.0,0
93979,77.92,10.6,48.4,38.0,0
15973,50.66,4.98,40.92,823.0,0
69831,33.93,6.75,59.03,263.0,0
19133,54.54,7.38,58.55,746.0,0
46292,59.63,11.93,69.29,461.0,0
63443,34.87,4.61,80.12,301.0,0
60743,62.33,8.26,50.38,321.0,0
18066,76.35,9.44,73.56,747.0,0
74261,57.78,8.04,65.92,199.0,0
9560,62.96,7.97,82.64,901.0,0
9162,58.55,0.08,69.77,971.0,0
39479,70.32,8.54,72.33,526.0,0
11807,68.64,10.74,100.0,825.0,0
66205,58.91,16.64,79.07,321.0,0
75796,54.54,6.41,80.69,150.0,0
7685,49.16,1.27,79.13,922.0,0
40052,36.71,10.58,82.35,499.0,0
93881,51.55,15.06,78.53,11.0,0
8458,70.41,11.19,91.44,923.0,0
96839,28.29,14.31,63.31,0.0,1
98809,73.33,8.25,38.85,0.0,1
74118,69.5,9.85,99.82,248.0,0
4143,60.88,14.41,57.85,930.0,0
72993,55.92,9.23,85.75,209.0,0
42181,93.83,0.11,79.92,513.0,0
84009,62.36,12.23,54.21,41.0,0
212,59.74,11.32,95.26,973.0,0
65726,77.81,16.0,64.41,288.0,0
61658,74.54,12.47,80.27,377.0,0
98959,67.53,14.12,72.45,0.0,1
38583,92.46,13.24,57.82,515.0,0
70520,60.08,17.74,74.67,302.0,0
48918,63.62,13.53,48.28,438.0,0
57259,61.26,11.87,87.61,275.0,0
95739,52.58,9.22,47.21,22.0,0
45496,58.47,8.93,47.56,501.0,0
5464,51.64,8.4,94.95,851.0,0
53152,35.49,12.75,53.48,464.0,0
3603,55.43,4.01,72.28,911.0,0
19209,51.07,11.9,75.92,909.0,0
40305,63.77,15.04,60.17,584.0,0
34723,46.97,6.64,69.3,561.0,0
93328,51.59,12.06,64.6,51.0,0
10564,48.32,9.55,63.38,898.0,0
2314,52.38,11.51,42.66,951.0,0
56016,53.08,14.48,48.77,406.0,0
49544,30.05,9.31,89.93,573.0,0
86681,69.67,12.19,35.93,65.0,0
71396,71.12,11.2,76.27,187.0,0
40892,50.97,13.29,100.0,554.0,0
69652,60.42,-1.83,56.37,223.0,0
80533,59.57,14.36,85.22,139.0,0
89012,53.9,-2.91,39.74,58.0,0
24943,51.64,9.35,54.22,801.0,0
17021,84.34,8.77,75.98,819.0,0
87977,50.52,9.59,90.0,151.0,0
31711,64.67,7.58,54.85,623.0,0
30778,57.4,5.87,40.61,687.0,0
81974,49.87,13.52,75.6,143.0,0
66577,57.97,1.67,100.0,301.0,0
74302,54.58,15.13,59.58,146.0,0
57154,75.67,15.04,74.82,261.0,0
66291,43.01,7.82,77.2,328.0,0
7935,82.5,9.79,78.51,872.0,0
59982,54.65,12.43,81.48,367.0,0
79073,36.53,3.41,100.0,145.0,0
14051,83.6,11.73,60.48,840.0,0
17405,80.79,2.38,100.0,723.0,0
49433,77.06,10.13,96.99,463.0,0
24906,69.9,19.97,79.02,668.0,0
73394,65.51,2.61,39.83,168.0,0
93015,73.35,5.64,61.07,66.0,0
79383,54.39,15.65,100.0,74.0,0
96310,78.44,8.57,64.31,54.0,0
50135,35.49,12.19,69.09,388.0,0
2717,40.71,4.3,62.58,896.0,0
56027,31.28,9.84,67.1,499.0,0
19514,32.44,11.72,58.94,774.0,0
70882,79.19,8.14,78.94,269.0,0
93296,72.8,1.7,58.62,52.0,0
21676,47.45,20.94,71.83,744.0,0
4088,29.36,9.06,100.0,998.0,0
57759,53.89,-3.84,55.13,349.0,0
80076,66.54,13.56,83.43,142.0,0
31860,79.61,11.27,59.72,689.0,0
19618,58.39,6.95,82.18,695.0,0
93862,49.98,-0.16,57.18,67.0,0
63660,68.56,12.35,72.59,268.0,0
34144,48.01,10.02,34.69,564.0,0
5814,66.01,10.3,82.24,898.0,0
47784,49.22,9.31,52.19,465.0,0
45012,63.78,3.42,35.17,547.0,0
43946,54.69,14.43,80.53,597.0,0
13612,64.69,0.62,90.74,828.0,0
22676,68.61,8.31,71.77,716.0,0
75721,60.57,7.31,54.74,158.0,0
68690,89.19,10.67,99.09,306.0,0
11074,63.03,13.17,75.38,820.0,0
73805,56.02,8.94,74.27,324.0,0
61686,55.34,16.23,29.9,321.0,0
19399,68.49,8.45,67.24,776.0,0
21066,54.63,12.37,68.64,770.0,0
84536,30.81,10.25,100.0,84.0,0
92273,70.32,16.94,62.71,31.0,0
20711,54.7,5.03,66.56,712.0,0
81928,70.23,3.54,90.17,128.0,0
14603,68.82,17.93,42.19,782.0,0
26509,53.8,10.9,59.32,798.0,0
52299,70.44,12.45,61.23,413.0,0
75218,68.13,3.09,100.0,152.0,0
36880,51.98,7.01,78.72,579.0,0
4991,49.26,6.68,23.69,933.0,0
90856,43.39,10.65,53.17,39.0,0
32532,62.41,13.31,51.45,574.0,0
61331,69.13,9.85,45.08,362.0,0
27507,62.11,4.7,100.0,644.0,0
31688,71.93,4.69,68.42,620.0,0
42812,81.37,12.34,81.94,564.0,0
87156,48.42,9.7,74.84,0.0,1
97591,51.27,0.6,87.35,0.0,1
38106,70.37,11.44,34.61,534.0,0
14431,70.57,7.19,60.03,773.0,0
30912,59.27,12.0,44.61,615.0,0
46176,55.83,16.4,81.96,605.0,0
21919,53.72,9.14,71.19,690.0,0
58267,86.28,12.09,100.0,272.0,0
20465,64.73,9.8,18.84,801.0,0
49317,53.12,11.15,46.24,417.0,0
39615,70.59,9.92,65.67,532.0,0
7110,55.47,12.46,79.49,861.0,0
28603,43.98,17.99,46.2,757.0,0
39229,64.64,8.49,81.62,624.0,0
44723,84.92,7.19,70.35,502.0,0
62229,58.7,12.22,80.14,325.0,0
24034,51.81,19.83,78.55,629.0,0
87658,65.85,13.06,63.59,78.0,0
51167,73.09,18.5,31.63,367.0,0
28860,52.82,15.27,60.54,605.0,0
23846,58.86,6.66,51.57,740.0,0
65918,45.48,12.23,64.07,257.0,0
23127,60.16,8.79,73.11,802.0,0
95469,63.96,3.59,82.28,40.0,0
69027,64.99,10.4,88.66,284.0,0
70843,40.88,9.31,64.52,212.0,0
80515,47.82,6.2,69.49,177.0,0
13990,51.88,14.02,39.06,801.0,0
28304,80.15,8.43,36.52,652.0,0
49532,54.93,14.97,38.36,356.0,0
80940,58.12,4.98,40.16,47.0,0
75009,85.15,7.71,60.66,256.0,0
73516,63.88,13.32,84.13,200.0,0
92858,50.36,10.96,51.9,0.0,1
74310,42.47,13.53,40.29,223.0,0
89485,77.58,3.97,57.37,14.0,0
83430,54.22,10.44,54.37,116.0,0
4429,62.19,19.35,51.49,937.0,0
13370,44.97,12.27,66.87,868.0,0
64287,52.11,20.34,81.24,278.0,0
43809,57.14,6.32,64.61,551.0,0
61368,53.81,6.99,56.16,389.0,0
19445,55.17,16.09,86.5,736.0,0
10508,65.26,5.2,72.13,855.0,0
19819,64.42,11.51,59.43,751.0,0
81634,44.39,10.4,45.64,129.0,0
41826,72.34,-2.05,75.68,550.0,0
26386,52.21,5.56,97.45,600.0,0
14147,65.19,16.7,61.71,816.0,0
58043,78.63,19.43,82.38,395.0,0
40403,62.54,7.07,68.91,608.0,0
93788,43.36,8.0,72.23,35.0,0
61162,73.02,7.61,59.29,401.0,0
20020,59.9,5.42,56.91,752.0,0
83556,38.67,21.34,62.31,77.0,0
80897,53.74,16.97,56.21,125.0,0
57694,70.12,8.17,90.22,340.0,0
38158,66.05,11.75,56.55,568.0,0
81851,70.21,4.72,100.0,191.0,0
87653,64.54,9.15,40.39,102.0,0
96322,62.63,9.77,39.37,0.0,1
64503,41.45,12.31,88.0,327.0,0
54687,75.06,11.92,69.49,335.0,0
36430,65.01,15.16,81.3,610.0,0
22722,37.92,8.45,61.32,738.0,0
29879,67.75,8.56,57.05,601.0,0
93188,50.59,15.31,20.8,62.0,0
64589,43.97,9.99,60.97,329.0,0
20479,52.47,12.87,100.0,744.0,0
17809,85.85,13.04,56.67,741.0,0
15693,75.27,3.1,57.7,758.0,0
99304,73.55,12.45,58.27,0.0,1
7384,36.69,13.09,63.16,840.0,0
18065,52.88,12.94,73.65,728.0,0
92257,55.53,17.17,95.62,40.0,0
69344,71.8,8.02,82.89,272.0,0
64432,57.06,3.42,67.9,250.0,0
77147,57.55,11.14,51.95,120.0,0
58870,50.51,1.9,54.47,460.0,0
44175,43.59,5.63,75.09,547.0,0
81766,70.89,5.05,51.64,193.0,0
21416,57.55,16.75,24.71,813.0,0
76887,44.7,10.17,51.18,173.0,0
12097,103.56,-1.52,96.91,769.0,0
55935,83.23,19.48,95.58,420.0,0
7353,82.62,7.49,79.6,896.0,0
63887,22.08,3.81,88.23,399.0,0
66635,71.47,11.41,74.92,265.0,0
43272,45.69,12.82,26.85,516.0,0
7451,35.62,11.51,66.6,905.0,0
22195,60.63,13.17,90.69,792.0,0
37466,48.93,3.66,71.94,554.0,0
24990,42.37,11.33,31.29,710.0,0
65823,48.28,5.13,51.92,413.0,0
16941,59.57,9.9,50.86,740.0,0
58386,49.46,12.13,69.17,422.0,0
5674,49.58,8.85,69.56,893.0,0
18706,61.66,7.65,49.13,822.0,0
82825,64.38,13.1,99.63,98.0,0
21935,52.45,1.08,52.5,747.0,0
902,60.4,5.07,74.63,846.0,0
18208,66.27,3.48,88.12,799.0,0
6923,26.14,10.6,74.14,917.0,0
48818,44.81,3.61,57.57,447.0,0
74672,54.76,7.35,96.4,186.0,0
29392,68.53,13.24,78.24,586.0,0
83508,56.83,6.52,93.72,123.0,0
76013,83.06,4.58,83.47,144.0,0
29542,63.2,12.58,56.93,674.0,0
84969,58.67,0.61,82.2,41.0,0
97646,50.53,12.22,86.62,25.0,0
66256,60.93,-3.85,60.99,304.0,0
17381,51.85,10.53,81.91,832.0,0
80064,62.1,9.89,84.73,106.0,0
29721,61.35,12.98,84.72,676.0,0
44716,72.55,8.16,73.42,538.0,0
99346,40.01,13.37,100.0,0.0,1
10040,49.89,12.98,66.02,841.0,0
70929,54.27,13.41,54.58,338.0,0
90830,59.04,10.34,70.51,111.0,0
85368,90.53,1.69,44.46,94.0,0
22668,74.6,12.61,66.71,722.0,0
12837,81.81,6.56,35.35,826.0,0
99098,67.72,12.09,88.88,53.0,0
58444,59.28,6.05,100.0,417.0,0
60441,47.81,6.71,58.79,343.0,0
42975,71.38,20.06,36.13,348.0,0
18082,61.85,21.38,62.63,797.0,0
95001,74.15,7.93,67.48,60.0,0
1242,62.15,20.54,60.66,997.0,0
35188,64.48,7.27,61.22,572.0,0
23829,73.47,10.49,100.0,718.0,0
97598,69.56,6.43,71.32,0.0,1
68509,81.61,8.02,74.65,247.0,0
95330,51.82,9.17,95.87,0.0,1
46336,69.38,7.5,93.85,404.0,0
12598,49.94,16.93,74.63,826.0,0
45760,96.12,8.51,72.22,416.0,0
23837,71.58,10.03,69.51,709.0,0
60286,74.56,4.36,77.33,384.0,0
62459,81.33,6.62,57.39,348.0,0
96110,40.04,11.36,66.64,5.0,1
97615,44.4,15.94,93.37,44.0,0
79082,62.14,6.45,51.79,77.0,0
28,65.62,15.34,79.42,1051.0,0
46227,71.91,11.61,79.93,493.0,0
48502,43.91,6.74,100.0,390.0,0
3610,55.77,15.95,68.37,992.0,0
64725,56.64,11.89,100.0,425.0,0
99531,67.03,13.24,73.05,0.0,1
63743,82.13,14.48,68.95,310.0,0
7152,72.34,7.73,100.0,857.0,0
46342,52.14,18.09,66.74,550.0,0
26727,68.95,14.86,62.55,607.0,0
81522,55.78,3.26,52.54,90.0,0
25639,64.86,10.84,40.62,647.0,0
81346,42.75,15.57,63.2,163.0,0
6928,50.07,12.85,66.96,879.0,0
83058,65.71,9.1,57.08,100.0,0
68235,39.03,19.25,77.67,314.0,0
57822,71.84,12.69,65.49,375.0,0
32509,54.06,-2.16,47.51,627.0,0
78974,63.76,10.87,81.89,135.0,0
27532,48.58,9.45,40.24,677.0,0
42042,30.39,9.45,36.3,572.0,0
42403,37.71,12.54,89.56,441.0,0
90497,63.98,10.69,65.69,1.0,1
93895,83.44,9.31,56.91,29.0,0
5556,59.47,0.37,63.14,919.0,0
24803,72.6,10.24,92.85,617.0,0
36186,76.41,8.45,100.0,644.0,0
41911,61.41,19.55,93.74,439.0,0
5806,59.97,8.49,76.12,877.0,0
95898,41.4,25.46,43.52,5.0,1
22595,61.5,22.36,54.53,648.0,0
79000,62.26,8.0,79.12,224.0,0
70159,46.6,11.04,40.17,260.0,0
64974,63.24,-0.11,95.83,329.0,0
6915,32.06,8.42,64.73,833.0,0
9570,64.03,21.81,100.0,845.0,0
29387,57.96,13.82,64.53,693.0,0
87146,96.33,19.64,100.0,14.0,0
67620,54.34,8.95,54.7,185.0,0
84067,78.28,11.29,59.69,93.0,0
20491,62.36,8.28,52.07,729.0,0
99411,53.22,14.01,100.0,0.0,1
2277,110.76,18.83,57.57,888.0,0
51914,41.66,11.43,60.23,454.0,0
97415,46.09,14.16,74.02,1.0,1
77509,47.07,10.74,39.56,134.0,0
78170,53.91,14.61,37.86,186.0,0
44029,48.59,14.9,78.16,590.0,0
64058,57.99,4.69,82.57,256.0,0
10418,52.44,8.34,72.78,743.0,0
5002,37.29,5.57,69.34,908.0,0
6429,58.97,13.06,71.41,932.0,0
68873,62.76,6.94,39.68,339.0,0
24594,34.79,10.46,58.29,746.0,0
36341,69.22,11.02,57.31,638.0,0
90001,77.35,18.54,53.45,0.0,1
25395,42.33,15.16,66.54,762.0,0
49446,79.75,8.17,52.14,355.0,0
46785,68.22,14.3,79.44,497.0,0
73485,55.11,8.16,69.76,261.0,0
31425,54.37,15.04,57.71,633.0,0
44045,50.24,20.6,44.48,465.0,0
96673,67.72,10.86,72.42,0.0,1
95438,72.82,2.02,91.19,0.0,1
39106,31.48,14.74,82.55,622.0,0
96843,56.92,3.09,100.0,0.0,1
97204,46.92,10.85,68.72,0.0,1
42677,46.15,11.27,71.99,495.0,0
70607,34.36,15.51,63.03,259.0,0
31481,60.99,7.96,64.11,680.0,0
93100,57.97,9.64,99.22,0.0,1
42173,55.18,19.13,97.84,481.0,0
85718,58.2,5.96,85.78,32.0,0
23073,64.32,10.6,68.46,619.0,0
89242,68.19,5.44,86.56,79.0,0
51356,50.32,9.8,46.77,434.0,0
31304,75.65,9.03,100.0,603.0,0
55066,62.6,1.55,54.85,323.0,0
7280,69.8,10.73,80.74,908.0,0
9371,52.42,8.93,74.89,894.0,0
79658,69.95,8.4,95.27,186.0,0
79921,48.81,14.05,73.96,94.0,0
77116,32.41,19.54,82.63,191.0,0
91337,54.99,13.84,100.0,49.0,0
43841,37.6,1.34,47.19,722.0,0
6545,61.88,1.25,83.86,937.0,0
49743,82.6,11.31,67.96,488.0,0
39031,60.01,11.39,98.2,575.0,0
89486,53.61,7.4,83.48,31.0,0
6161,77.64,4.7,81.35,978.0,0
28391,85.79,8.6,69.88,714.0,0
22225,54.44,9.87,100.0,676.0,0
69425,59.58,14.28,84.96,335.0,0
20923,77.65,9.81,46.45,642.0,0
62148,44.63,8.87,57.31,280.0,0
8452,65.73,9.65,75.72,904.0,0
85043,37.5,11.47,75.78,64.0,0
79955,46.17,8.8,17.66,178.0,0
46043,64.94,6.84,20.62,487.0,0
54082,62.87,17.45,58.42,393.0,0
71339,55.56,6.8,79.85,310.0,0
33934,45.44,10.14,83.79,623.0,0
18743,57.17,9.99,78.18,818.0,0
27246,23.95,13.09,86.67,721.0,0
56671,29.63,7.5,80.36,478.0,0
64389,90.99,6.61,73.38,288.0,0
87524,54.9,9.89,71.19,62.0,0
38004,62.64,9.23,53.29,553.0,0
22018,37.01,8.45,38.74,760.0,0
89900,79.06,11.05,70.21,26.0,0
69446,69.31,10.02,77.39,179.0,0
68975,82.47,4.95,95.02,325.0,0
27404,77.84,14.98,60.73,705.0,0
70790,45.64,6.11,94.49,270.0,0
78790,59.57,11.36,67.87,139.0,0
38040,50.9,11.52,77.59,563.0,0
8932,100.95,14.98,86.84,868.0,0
20435,66.24,12.47,62.06,741.0,0
89322,48.59,14.03,52.39,93.0,0
98978,56.99,16.16,94.09,23.0,0
61229,47.32,7.47,92.54,341.0,0
29191,53.74,15.21,51.84,587.0,0
55818,64.82,10.04,41.62,367.0,0
92996,68.19,16.93,73.96,0.0,1
14378,56.78,14.56,59.49,821.0,0
43415,67.08,15.45,85.82,529.0,0
80940,48.25,7.56,68.34,108.0,0
85156,66.74,10.33,80.28,147.0,0
69243,54.76,15.18,82.48,324.0,0
73887,61.89,12.51,49.83,241.0,0
59499,42.8,11.9,44.45,371.0,0
85576,44.58,5.84,99.04,120.0,0
84502,66.04,14.18,81.27,36.0,0
98805,70.64,9.03,52.06,0.0,1
39595,58.61,7.57,89.3,551.0,0
19927,63.01,16.37,69.19,765.0,0
95060,81.0,6.07,68.73,23.0,0
11752,62.12,12.71,83.95,834.0,0
36414,28.85,17.78,87.82,647.0,0
40867,52.13,7.81,63.06,540.0,0
58599,47.66,6.47,92.06,458.0,0
1754,83.62,10.64,64.02,823.0,0
88113,46.37,9.35,82.23,20.0,0
17482,76.66,9.71,75.49,807.0,0
90519,51.67,3.54,78.09,42.0,0
95180,36.27,7.91,76.87,0.0,1
32134,64.75,10.72,69.38,640.0,0
23424,93.38,1.74,69.88,781.0,0
38633,70.29,15.07,78.38,605.0,0
64915,51.1,10.28,85.69,332.0,0
42221,59.76,11.54,41.58,576.0,0
83360,46.34,0.54,81.24,141.0,0
72907,58.13,9.99,98.71,206.0,0
73775,41.76,13.14,15.6,188.0,0
63987,50.04,7.65,78.97,340.0,0
7857,55.6,12.41,75.96,820.0,0
40698,71.85,-1.55,49.0,504.0,0
33583,43.02,15.76,68.77,609.0,0
97177,55.29,5.46,72.9,2.0,1
82606,61.19,5.1,95.81,161.0,0
13136,53.61,3.49,75.82,779.0,0
32945,62.21,14.93,90.6,587.0,0
90577,58.37,11.31,71.05,43.0,0
57976,53.57,8.1,58.6,339.0,0
70372,76.71,9.88,85.31,376.0,0
79357,72.94,4.03,75.79,88.0,0
6383,40.81,14.42,100.0,800.0,0
77449,44.75,20.75,72.22,147.0,0
12465,37.87,15.46,78.74,826.0,0
7618,73.05,14.55,77.95,811.0,0
54312,68.1,22.78,68.57,320.0,0
13017,37.67,12.15,45.89,867.0,0
94555,54.04,8.18,62.42,27.0,0
46894,77.4,5.97,79.36,508.0,0
61916,53.02,-1.01,27.01,340.0,0
61114,72.66,7.12,54.37,387.0,0
31285,73.98,11.52,60.51,703.0,0
84356,50.24,14.38,94.41,60.0,0
78285,11.85,12.41,96.72,75.0,0
80811,68.74,12.51,59.92,46.0,0
32291,68.57,14.3,100.0,644.0,0
7939,51.89,9.84,50.03,824.0,0
24793,43.16,1.58,83.45,741.0,0
8957,61.43,4.63,43.05,827.0,0
58997,39.02,10.17,69.17,375.0,0
10629,59.83,4.69,83.7,856.0,0
68477,75.34,12.61,85.41,298.0,0
36281,76.66,2.42,57.69,534.0,0
19288,44.51,-0.1,91.97,809.0,0
95424,44.8,11.71,51.61,0.0,1
21519,55.05,8.86,85.04,765.0,0
56368,55.28,4.63,65.43,422.0,0
93953,23.84,15.62,74.03,0.0,1
87758,33.96,8.32,88.74,91.0,0
7263,84.2,4.87,58.83,891.0,0
53742,56.6,10.24,95.12,434.0,0
61128,50.46,15.34,69.77,311.0,0
52697,5.8,13.59,73.37,471.0,0
89680,60.22,5.32,53.84,0.0,1
72644,50.14,4.51,100.0,84.0,0
28112,82.89,18.06,61.32,665.0,0
65344,80.03,9.16,91.76,310.0,0
86077,60.3,11.23,62.61,95.0,0
62036,61.2,6.81,55.02,314.0,0
21476,81.2,16.5,68.8,598.0,0
43383,53.27,6.66,73.24,529.0,0
48389,40.84,8.64,70.59,495.0,0
87940,51.5,12.57,87.73,11.0,0
68787,46.41,18.83,94.49,314.0,0
98942,57.0,4.15,55.58,0.0,1
7767,51.51,14.36,75.83,787.0,0
83066,53.24,7.74,73.05,128.0,0
4195,66.83,2.09,50.29,869.0,0
68600,64.25,11.98,61.13,182.0,0
23973,53.57,8.46,95.75,672.0,0
89725,72.17,7.73,100.0,50.0,0
62377,50.79,-0.19,79.79,374.0,0
28397,41.59,12.72,64.04,670.0,0
11960,51.09,14.39,60.56,748.0,0
61936,96.32,14.46,98.68,370.0,0
92629,84.3,8.96,65.15,0.0,1
35086,62.83,10.65,85.0,565.0,0
48996,63.38,10.83,55.24,434.0,0
60181,56.71,10.52,59.96,365.0,0
16968,57.39,1.61,46.98,845.0,0
60893,79.39,6.68,93.0,352.0,0
35262,48.15,20.5,44.27,535.0,0
73910,68.97,20.38,30.5,208.0,0
96835,70.11,11.65,29.6,0.0,1
36999,33.1,15.35,65.94,516.0,0
35916,54.08,10.5,52.63,591.0,0
94955,44.27,9.71,58.22,6.0,1
63690,65.59,15.87,29.15,298.0,0
24409,54.29,14.64,82.36,753.0,0
24095,28.71,4.08,80.42,712.0,0
29582,67.14,14.64,89.19,624.0,0
33614,81.39,11.85,83.43,555.0,0
2215,45.07,9.1,48.45,919.0,0
63580,54.75,6.14,79.31,303.0,0
89398,70.33,10.66,87.03,0.0,1
75083,71.64,8.21,100.0,230.0,0
99285,58.28,6.18,100.0,0.0,1
70956,76.06,7.23,48.32,207.0,0
2567,50.08,3.5,50.87,985.0,0
987,43.91,12.1,47.5,952.0,0
98957,69.55,15.45,64.4,0.0,1
33696,66.22,7.5,36.36,655.0,0
31801,60.51,12.97,63.42,690.0,0
58663,59.82,14.55,87.62,366.0,0
9420,59.68,11.19,59.84,886.0,0
11016,69.75,8.13,79.17,802.0,0
92222,45.3,13.83,100.0,83.0,0
93399,45.45,15.45,100.0,24.0,0
86071,46.1,1.31,57.22,129.0,0
16661,55.81,6.22,78.14,805.0,0
45900,36.36,-0.29,53.31,552.0,0
43592,39.84,12.82,81.76,526.0,0
13713,28.64,10.59,86.7,877.0,0
16349,41.94,5.68,61.77,778.0,0
90337,58.22,8.47,53.59,30.0,0
50517,81.55,14.16,51.03,342.0,0
673,67.85,12.8,60.37,988.0,0
97670,72.27,4.98,70.82,0.0,1
37695,51.14,8.75,77.96,527.0,0
40880,70.64,16.68,34.1,532.0,0
45441,58.25,12.97,92.57,369.0,0
75556,54.22,5.17,62.08,156.0,0
12673,63.24,8.56,92.11,830.0,0
7042,70.84,10.41,57.42,879.0,0
28815,40.51,6.48,63.65,714.0,0
91186,49.89,8.89,78.08,17.0,0
74987,56.3,18.07,67.15,144.0,0
44799,47.89,10.86,74.02,579.0,0
83234,82.74,14.01,74.8,104.0,0
55558,72.61,17.74,89.51,406.0,0
32967,40.59,12.2,100.0,734.0,0
40019,50.55,10.32,93.38,535.0,0
88683,48.04,17.78,77.09,54.0,0
69993,32.02,16.07,51.99,288.0,0
35867,65.43,3.23,47.4,616.0,0
98089,48.93,6.59,66.55,0.0,1
42689,46.87,8.41,90.79,537.0,0
88415,58.06,11.55,57.74,39.0,0
31852,38.11,1.67,72.32,653.0,0
25502,56.37,8.54,54.85,639.0,0
72460,73.84,15.29,42.31,186.0,0
56617,69.22,11.38,83.53,372.0,0
87542,47.99,-0.87,52.4,111.0,0
3230,66.1,8.19,62.99,934.0,0
74139,39.46,7.04,70.39,228.0,0
35417,57.17,16.57,97.02,622.0,0
90632,83.98,13.81,48.63,81.0,0
766,59.99,5.05,87.13,996.0,0
36103,72.76,14.72,59.62,606.0,0
54102,57.66,14.53,39.65,421.0,0
67316,66.31,17.81,75.09,299.0,0
47234,61.95,10.47,89.31,419.0,0
82466,30.29,7.01,52.76,151.0,0
6191,72.13,7.97,78.81,905.0,0
66411,59.65,5.88,75.01,367.0,0
17467,25.79,9.65,79.71,872.0,0
91604,44.2,11.83,97.32,37.0,0
66988,62.14,8.29,79.92,171.0,0
18391,50.18,12.04,73.91,665.0,0
94349,75.91,5.54,85.4,0.0,1
66250,77.14,9.44,92.06,306.0,0
79384,31.48,6.97,50.73,212.0,0
9216,52.94,10.92,69.72,930.0,0
2324,70.92,5.09,71.57,840.0,0
5655,38.57,8.04,61.41,907.0,0
16143,71.06,9.15,87.96,779.0,0
40500,75.56,12.41,67.63,540.0,0
25974,44.62,7.79,100.0,802.0,0
89040,49.29,1.93,98.09,111.0,0
46183,23.57,15.55,85.09,475.0,0
88829,63.42,11.99,77.24,100.0,0
97104,69.66,16.44,20.89,0.0,1
74730,77.88,3.37,55.64,156.0,0
96204,73.32,18.05,29.67,0.0,1
80093,58.41,9.13,79.16,110.0,0
57236,77.38,5.66,42.5,376.0,0
69566,55.68,-0.35,42.61,241.0,0
75414,46.62,11.24,52.72,223.0,0
93768,54.69,4.53,60.78,0.0,1
33217,41.39,11.09,45.84,695.0,0
39427,59.91,10.3,72.57,597.0,0
17909,67.64,15.47,65.54,788.0,0
8436,35.41,9.1,84.72,885.0,0
21571,31.75,8.78,86.76,730.0,0
45909,49.19,13.58,88.83,437.0,0
43132,55.97,12.79,58.79,515.0,0
69238,68.32,14.92,90.26,242.0,0
30678,50.03,1.34,73.25,616.0,0
83146,82.73,9.04,55.86,144.0,0
75298,64.89,23.39,52.61,128.0,0
730,54.2,8.38,42.45,975.0,0
29970,67.42,8.83,60.74,629.0,0
56484,63.34,12.37,68.0,351.0,0
30221,64.85,11.82,76.91,638.0,0
28781,39.01,3.48,87.91,671.0,0
57896,50.97,7.04,78.74,343.0,0
79374,93.32,5.99,67.06,96.0,0
26438,25.19,0.07,81.87,640.0,0
10236,53.28,14.5,40.68,860.0,0
78816,59.09,9.33,77.88,151.0,0
10590,46.32,9.89,46.39,1003.0,0
74578,33.24,11.69,56.95,194.0,0
71902,67.19,15.03,100.0,173.0,0
35606,49.49,4.94,65.82,570.0,0
33143,50.06,12.9,51.97,633.0,0
64472,40.87,15.54,78.07,289.0,0
93063,42.58,9.67,98.62,0.0,1
18159,68.41,8.75,100.0,759.0,0
2379,77.27,14.06,78.13,880.0,0
44401,33.15,6.21,15.97,537.0,0
15315,70.04,10.28,71.35,725.0,0
97343,89.02,8.39,42.77,0.0,1
31998,91.23,11.57,57.66,572.0,0
64730,51.15,25.24,60.58,263.0,0
26969,47.78,13.5,22.83,702.0,0
47891,56.31,18.75,89.01,362.0,0
19586,55.25,4.28,92.92,776.0,0
73237,60.3,11.65,64.4,248.0,0
55501,43.16,15.1,60.76,415.0,0
16650,61.04,12.3,72.25,824.0,0
23162,59.45,9.14,80.91,714.0,0
74781,54.81,10.97,45.79,257.0,0
87342,57.92,9.65,75.53,106.0,0
89594,43.41,13.78,51.42,37.0,0
8229,28.41,6.72,88.94,861.0,0
96834,49.71,12.82,67.96,0.0,1
11505,58.7,0.88,90.48,849.0,0
97378,72.5,7.03,83.38,0.0,1
16546,62.59,5.27,99.17,849.0,0
47320,58.32,13.44,71.97,427.0,0
67497,51.17,10.13,54.41,308.0,0
44864,27.66,11.96,62.28,542.0,0
75491,82.03,12.92,100.0,137.0,0
4117,53.99,15.17,53.45,858.0,0
58348,57.58,-0.99,68.66,407.0,0
31623,69.76,11.54,88.97,623.0,0
93829,68.85,15.92,86.33,0.0,1
48788,66.13,7.73,59.07,528.0,0
37225,51.07,10.36,64.09,583.0,0
25173,56.54,11.64,90.02,800.0,0
37054,78.51,5.43,51.31,651.0,0
27535,66.45,2.46,46.51,735.0,0
8845,36.96,17.31,90.22,853.0,0
87217,59.74,2.83,45.26,70.0,0
83134,61.49,14.55,64.48,128.0,0
78393,79.64,18.56,72.12,104.0,0
90365,38.34,9.47,100.0,174.0,0
91860,72.67,10.5,69.69,0.0,1
90589,61.93,16.12,52.27,0.0,1
28388,70.61,7.69,71.88,620.0,0
8516,35.51,9.39,67.38,845.0,0
82252,43.33,9.93,46.82,138.0,0
78305,61.46,0.45,69.52,239.0,0
54414,46.38,18.43,35.01,360.0,0
97862,68.43,13.94,69.78,0.0,1
29585,50.35,11.8,83.99,701.0,0
56094,47.54,4.55,63.61,373.0,0
64863,63.35,15.38,82.86,248.0,0
56918,63.14,11.94,86.99,365.0,0
55858,56.03,9.46,39.07,402.0,0
13965,34.86,9.14,79.91,911.0,0
43963,73.72,18.43,77.96,509.0,0
93973,75.37,17.79,83.06,36.0,0
25731,67.24,10.41,63.41,750.0,0
27164,83.62,13.02,80.21,682.0,0
70085,27.54,0.07,89.13,213.0,0
45745,53.74,5.85,97.37,536.0,0
3423,50.72,7.71,95.16,878.0,0
59386,56.78,9.18,61.38,329.0,0
57047,75.79,13.61,80.46,319.0,0
7803,83.25,3.11,99.01,802.0,0
90290,46.08,13.7,71.52,0.0,1
87556,73.56,14.5,58.23,27.0,0
51960,78.4,10.79,75.12,469.0,0
1511,57.86,10.15,38.13,931.0,0
3254,63.42,3.9,52.81,911.0,0
49905,28.31,14.12,75.55,477.0,0
20926,68.25,10.45,72.51,630.0,0
8932,64.15,10.97,86.82,836.0,0
76643,62.11,12.64,38.56,174.0,0
47139,42.87,13.19,69.04,470.0,0
80784,44.27,11.91,55.27,170.0,0
36127,87.63,11.37,56.25,621.0,0
38741,47.38,15.42,67.66,558.0,0
36099,50.17,9.38,77.47,613.0,0
78739,68.98,2.76,67.29,217.0,0
74175,30.39,10.95,68.25,259.0,0
3366,51.2,15.25,58.98,876.0,0
2727,70.22,6.88,65.75,946.0,0
90143,48.8,10.11,14.75,97.0,0
10563,24.54,7.87,95.38,845.0,0
40634,44.11,9.99,73.37,554.0,0
1159,36.46,10.99,56.21,904.0,0
69006,77.01,6.69,95.6,187.0,0
61415,55.68,6.78,81.12,290.0,0
84855,40.65,10.49,82.53,61.0,0
13404,28.27,17.43,68.57,804.0,0
13822,42.69,20.88,100.0,710.0,0
91511,37.08,14.74,96.63,97.0,0
47727,55.38,10.5,88.67,496.0,0
16112,63.36,8.5,46.17,766.0,0
78908,64.39,11.97,58.64,151.0,0
63246,43.62,13.16,73.87,225.0,0
74019,83.93,12.29,82.54,203.0,0
45654,38.33,7.2,60.0,514.0,0
6687,78.12,8.55,84.95,932.0,0
69404,50.71,10.55,71.38,284.0,0
6313,67.52,10.18,78.15,844.0,0
51206,59.54,21.06,88.23,383.0,0
25959,41.02,10.01,87.0,732.0,0
1278,58.4,6.83,69.52,912.0,0
51957,91.9,17.16,58.57,420.0,0
65694,76.66,1.47,88.37,346.0,0
99374,33.51,9.22,29.21,61.0,0
97183,65.97,12.04,77.63,0.0,1
49502,38.77,13.98,100.0,426.0,0
33693,73.11,19.68,92.2,527.0,0
34970,61.5,4.68,51.12,636.0,0
17280,64.83,7.54,57.95,868.0,0
18941,90.51,8.09,91.9,748.0,0
78350,74.73,13.47,69.82,151.0,0
87512,55.02,19.66,89.35,111.0,0
40858,42.29,14.55,57.08,510.0,0
67493,104.78,15.53,60.77,207.0,0
93250,84.2,9.42,56.43,34.0,0
96418,65.78,13.52,72.59,0.0,1
80475,70.23,8.77,87.06,139.0,0
54475,42.0,13.06,63.11,440.0,0
17637,65.02,14.14,99.78,773.0,0
85688,81.55,13.08,86.22,142.0,0
40617,71.62,8.21,60.04,578.0,0
66854,63.36,11.29,38.36,350.0,0
30631,62.6,-0.6,65.04,704.0,0
76597,83.46,12.21,100.0,147.0,0
85031,61.81,7.09,72.55,0.0,1
2126,45.7,7.79,25.59,979.0,0
24656,40.94,-1.22,95.46,665.0,0
66038,63.52,12.97,51.56,222.0,0
44151,50.99,1.33,58.42,546.0,0
92499,44.31,3.77,55.91,0.0,1
50765,57.05,10.57,56.61,508.0,0
27361,77.79,8.63,61.2,647.0,0
55837,41.12,12.81,96.74,403.0,0
75311,57.95,4.97,63.37,135.0,0
95798,71.53,17.74,84.54,55.0,0
79202,71.52,15.18,65.83,126.0,0
9520,36.59,5.26,74.99,827.0,0
14863,70.57,6.91,41.41,796.0,0
32654,65.58,8.97,0.0,696.0,0
19112,65.11,11.47,56.61,753.0,0
83242,63.43,10.32,72.66,218.0,0
57839,60.76,11.89,50.87,397.0,0
1553,82.19,17.91,87.13,863.0,0
7110,71.05,6.93,82.2,801.0,0
19462,40.03,9.61,74.1,651.0,0
11198,56.81,14.77,69.42,770.0,0
62531,45.59,6.38,100.0,327.0,0
2423,55.08,15.6,94.4,934.0,0
57878,56.92,15.73,78.32,383.0,0
36910,47.08,14.68,67.79,451.0,0
66733,34.59,10.5,96.26,320.0,0
51731,62.43,11.12,36.25,443.0,0
25707,39.12,8.44,86.53,733.0,0
73290,57.74,6.48,57.53,281.0,0
95218,42.3,18.89,87.61,45.0,0
55024,82.4,9.83,66.92,485.0,0
12427,38.5,7.99,65.75,801.0,0
45916,61.26,8.91,35.69,573.0,0
90696,29.4,13.32,55.08,115.0,0
51493,70.35,9.41,44.59,418.0,0
1787,36.67,8.59,53.68,878.0,0
62145,52.7,6.97,57.52,360.0,0
78666,69.55,13.28,97.69,163.0,0
54132,60.23,11.67,100.0,431.0,0
60039,59.16,5.74,70.67,269.0,0
21953,61.11,13.1,82.1,767.0,0
94028,87.35,13.7,44.67,0.0,1
98124,77.65,10.93,80.88,0.0,1
18382,91.34,6.07,79.36,731.0,0
57278,48.71,5.03,51.22,383.0,0
14850,34.6,13.17,73.04,818.0,0
49374,59.33,15.65,46.23,336.0,0
99829,59.54,6.09,41.86,0.0,1
31399,73.19,8.35,75.34,622.0,0
97759,59.06,11.47,78.08,0.0,1
65839,54.82,6.32,84.42,297.0,0
87119,87.77,12.65,52.66,44.0,0
57433,51.31,20.56,36.89,295.0,0
67962,54.03,13.48,68.31,260.0,0
60818,72.78,19.9,69.77,312.0,0
58583,56.15,4.7,59.83,463.0,0
57817,73.56,9.33,47.06,371.0,0
80688,39.48,10.63,77.84,219.0,0
7157,54.8,16.28,82.54,990.0,0
1240,78.07,-2.42,81.85,943.0,0
24551,66.27,18.15,31.56,715.0,0
25925,35.69,5.64,75.77,695.0,0
97450,43.62,10.9,71.91,126.0,0
79778,53.8,2.89,85.95,180.0,0
31208,83.29,11.46,72.25,681.0,0
90985,77.85,8.19,60.17,85.0,0
70253,47.07,17.56,56.15,309.0,0
51185,93.81,8.94,83.98,450.0,0
85757,70.75,13.35,73.13,74.0,0
97400,48.95,10.19,66.57,9.0,0
49173,69.75,13.28,46.86,417.0,0
35238,60.64,3.95,95.83,594.0,0
6113,59.11,11.35,59.46,792.0,0
98630,88.26,9.87,44.71,0.0,1
56367,67.42,6.75,64.81,441.0,0
2954,86.97,5.19,50.66,923.0,0
3710,43.82,7.9,65.92,928.0,0
39975,45.36,8.24,82.71,493.0,0
82490,40.31,13.13,63.21,184.0,0
53624,48.36,7.87,66.5,415.0,0
86809,72.53,12.81,32.35,37.0,0
16769,79.93,9.2,77.77,820.0,0
93453,33.59,2.61,79.14,65.0,0
63216,55.32,16.39,92.73,245.0,0
64041,69.03,12.86,81.88,298.0,0
60083,58.85,8.29,28.81,353.0,0
93704,71.06,17.88,61.71,0.0,1
80480,33.75,12.55,63.45,117.0,0
11538,80.58,11.75,69.3,858.0,0
87453,57.44,15.1,64.13,112.0,0
70785,51.71,4.94,81.19,228.0,0
15681,57.63,5.64,72.83,725.0,0
92190,42.68,5.73,100.0,83.0,0
30294,48.83,9.87,91.33,692.0,0
54453,50.12,-0.06,70.45,496.0,0
45799,35.1,12.07,62.85,535.0,0
69243,54.98,11.63,64.07,273.0,0
29268,39.59,10.24,94.97,627.0,0
12002,65.53,1.06,97.4,821.0,0
83937,64.94,17.18,100.0,150.0,0
85807,40.95,6.24,54.82,44.0,0
95159,69.93,13.47,61.92,0.0,1
93650,51.03,11.57,49.62,8.0,0
97914,69.45,7.4,76.92,0.0,1
54291,70.4,11.05,70.88,315.0,0
37875,98.84,4.67,90.19,620.0,0
13942,55.59,8.07,63.72,815.0,0
22856,11.74,11.88,43.27,740.0,0
57539,64.47,6.2,60.66,370.0,0
10220,53.14,18.93,82.75,826.0,0
92972,92.35,11.23,78.79,0.0,1
38453,64.56,8.91,79.36,585.0,0
91797,49.41,4.22,100.0,52.0,0
38043,40.47,19.9,100.0,559.0,0
32679,42.6,8.76,84.28,649.0,0
69188,41.73,12.32,73.31,320.0,0
43985,50.44,14.46,59.8,495.0,0
49330,45.37,7.62,89.64,490.0,0
94278,61.55,0.28,60.29,0.0,1
1344,53.74,8.71,84.45,949.0,0
99655,50.33,5.78,24.72,0.0,1
31063,61.17,10.26,32.38,629.0,0
59491,74.92,3.74,49.53,424.0,0
93305,31.22,14.72,57.91,0.0,1
33587,58.61,13.0,49.8,551.0,0
57776,54.81,4.84,71.84,417.0,0
52369,59.26,11.63,65.87,420.0,0
53254,45.63,31.07,55.86,335.0,0
72178,31.19,12.39,52.69,270.0,0
66270,42.6,10.43,87.9,305.0,0
8531,60.53,8.17,100.0,901.0,0
66109,60.45,13.73,65.51,179.0,0
85439,62.84,15.38,58.76,59.0,0
93727,46.95,11.74,89.95,0.0,1
31843,62.15,14.08,77.74,520.0,0
41450,63.64,3.29,90.81,516.0,0
86134,74.59,1.16,47.89,102.0,0
43780,36.63,20.19,53.13,444.0,0
94423,63.11,10.3,15.1,0.0,1
46277,61.27,9.03,70.7,474.0,0
17341,67.72,17.46,46.13,835.0,0
92608,42.65,9.42,84.07,12.0,0
49887,43.64,15.84,83.38,434.0,0
48027,59.52,16.85,72.28,499.0,0
50708,55.42,9.97,81.18,492.0,0
69062,68.34,6.26,100.0,170.0,0
16142,44.26,-1.53,61.87,830.0,0
41217,67.16,8.23,81.54,495.0,0
26887,63.87,17.64,51.04,733.0,0
44314,62.9,3.32,77.71,522.0,0
19292,81.81,2.33,81.55,719.0,0
13764,61.4,1.91,78.2,873.0,0
23601,34.06,6.6,37.27,756.0,0
28390,46.33,4.73,55.47,605.0,0
62520,54.09,12.42,58.11,224.0,0
40962,55.96,11.15,9.55,511.0,0
64009,78.28,9.45,77.33,265.0,0
23942,81.11,14.04,100.0,661.0,0
39503,60.09,7.66,100.0,571.0,0
3042,50.8,6.47,78.34,1017.0,0
41427,73.32,22.27,64.79,501.0,0
15821,75.12,9.71,100.0,760.0,0
264,47.86,8.23,70.28,926.0,0
38779,46.38,7.31,63.12,576.0,0
49930,77.42,6.91,64.18,437.0,0
77627,58.5,12.3,85.48,119.0,0
59150,70.02,5.52,72.37,372.0,0
78877,57.08,11.37,90.87,232.0,0
38833,75.15,9.88,71.72,426.0,0
64691,47.43,9.62,48.61,307.0,0
93175,25.88,10.13,82.22,53.0,0
98255,80.75,10.01,84.89,0.0,1
41876,56.26,13.15,93.07,472.0,0
57988,73.82,8.57,32.39,366.0,0
73334,48.16,3.01,55.67,252.0,0
98898,62.59,1.93,62.66,45.0,0
52480,66.71,13.89,87.17,331.0,0
45084,62.37,22.31,46.34,521.0,0
20554,49.39,2.96,53.51,822.0,0
23497,52.41,15.42,64.0,688.0,0
61601,40.2,17.8,88.92,261.0,0
32845,46.22,12.36,85.75,611.0,0
22605,77.16,6.18,89.92,773.0,0
24737,72.36,14.65,96.5,708.0,0
58998,78.92,12.12,88.69,356.0,0
63303,36.83,8.09,89.18,327.0,0
12200,52.02,4.96,75.04,839.0,0
32123,41.49,9.2,49.82,636.0,0
12233,55.83,11.23,69.29,829.0,0
75020,51.77,13.28,79.97,259.0,0
78476,50.66,8.14,69.65,207.0,0
48415,56.85,5.99,44.99,456.0,0
25964,76.64,10.16,75.98,730.0,0
4909,54.35,6.5,70.67,889.0,0
75654,59.82,11.49,65.88,252.0,0
51821,80.11,11.38,68.24,428.0,0
37819,66.23,14.18,66.09,500.0,0
94121,53.09,16.91,100.0,0.0,1
14631,34.71,9.73,34.74,802.0,0
861,65.4,15.9,81.67,909.0,0
45426,82.99,10.92,64.9,432.0,0
58966,55.06,10.57,61.81,454.0,0
46880,61.81,14.1,52.56,526.0,0
30927,93.11,14.36,42.5,621.0,0
91994,75.4,-0.59,78.14,66.0,0
22548,55.15,4.45,58.54,781.0,0
57797,62.76,11.22,73.91,420.0,0
87199,69.37,10.79,72.08,67.0,0
35658,39.32,4.58,100.0,680.0,0
97290,57.25,13.16,72.0,0.0,1
50388,79.46,7.35,72.54,469.0,0
45093,58.87,15.96,82.78,470.0,0
41679,66.26,8.6,51.38,548.0,0
17513,33.12,2.7,68.05,742.0,0
15765,55.25,11.37,62.16,839.0,0
45050,40.58,-1.06,21.97,533.0,0
52546,74.2,11.23,72.07,326.0,0
20918,39.02,8.69,100.0,679.0,0
93650,62.62,7.4,68.81,0.0,1
79965,74.33,15.85,78.24,155.0,0
94600,63.55,11.28,96.62,0.0,1
68353,60.04,13.96,76.82,227.0,0
38308,70.84,8.7,50.36,529.0,0
93366,52.89,-1.15,73.94,11.0,0
64662,57.68,9.75,86.0,264.0,0
23768,35.38,7.88,43.04,772.0,0
88751,92.8,12.97,69.37,85.0,0
81637,62.37,2.99,100.0,126.0,0
84177,49.51,9.46,75.82,81.0,0
43462,49.05,8.54,35.6,465.0,0
91209,56.0,-0.76,86.52,71.0,0
1969,56.65,8.13,66.58,937.0,0
2791,73.69,12.54,76.17,902.0,0
93411,81.76,6.77,69.69,104.0,0
62593,67.31,17.64,48.57,326.0,0
38459,43.49,18.41,70.24,528.0,0
72031,45.44,4.71,73.92,370.0,0
28506,45.21,9.93,97.57,599.0,0
46530,75.66,8.45,56.06,493.0,0
48135,55.24,16.63,84.13,518.0,0
58521,70.58,14.42,100.0,303.0,0
48553,83.66,12.12,76.2,491.0,0
37044,51.06,4.56,80.81,579.0,0
13128,66.87,8.23,59.35,803.0,0
87501,52.02,8.42,32.68,127.0,0
67614,86.16,8.77,60.16,286.0,0
82609,83.8,4.23,55.74,198.0,0
17118,63.15,8.64,71.22,666.0,0
83531,74.92,15.23,89.17,110.0,0
97383,63.01,23.62,77.53,0.0,1
39280,49.97,8.46,57.96,530.0,0
35107,33.85,0.9,60.09,700.0,0
86512,69.21,8.94,74.26,122.0,0
20029,66.91,8.26,71.06,707.0,0
9825,51.88,-0.73,70.64,899.0,0
47636,42.02,6.14,59.65,503.0,0
39818,69.14,13.28,68.71,510.0,0
62911,64.43,7.77,62.46,378.0,0
27069,48.19,16.13,86.25,635.0,0
12947,64.47,20.29,72.04,803.0,0
24590,32.62,12.11,66.57,761.0,0
69593,63.37,0.22,39.91,243.0,0
55432,19.09,7.15,66.59,387.0,0
67865,75.78,8.35,61.8,275.0,0
24473,56.87,13.51,62.36,721.0,0
42242,48.5,11.71,40.39,503.0,0
21116,52.55,4.6,64.46,788.0,0
87381,62.78,3.0,66.23,94.0,0
33446,58.83,14.89,41.01,699.0,0
48648,61.63,14.53,79.43,473.0,0
37170,76.02,9.87,74.77,592.0,0
90357,53.8,9.64,100.0,30.0,0
35475,44.68,12.53,19.29,583.0,0
84269,80.31,6.85,50.3,60.0,0
61073,85.81,10.17,79.44,326.0,0
46695,45.51,5.22,55.33,458.0,0
68567,40.48,4.32,88.48,308.0,0
94691,55.56,20.12,100.0,0.0,1
9207,85.6,13.01,94.98,933.0,0
23947,88.03,8.85,58.35,801.0,0
21270,56.81,15.72,47.48,753.0,0
88258,33.17,12.85,79.94,82.0,0
5510,36.55,6.79,55.97,882.0,0
37793,50.75,4.62,68.3,551.0,0
18255,91.8,2.25,30.88,744.0,0
9119,88.69,12.03,65.91,799.0,0
79928,83.42,16.39,58.88,45.0,0
84630,52.14,8.66,57.22,132.0,0
80200,29.96,13.15,100.0,132.0,0
70230,92.29,17.53,44.92,211.0,0
59472,57.27,3.08,58.16,414.0,0
30835,53.56,2.09,68.85,621.0,0
72603,68.2,3.66,67.48,262.0,0
48559,48.24,14.16,69.9,387.0,0
64032,36.64,12.58,89.23,358.0,0
43216,41.29,3.73,56.71,502.0,0
85213,68.67,10.84,59.84,191.0,0
6090,55.1,6.01,52.75,928.0,0
16659,73.26,6.43,74.9,757.0,0
46924,61.5,14.03,64.11,473.0,0
31298,48.98,9.43,48.4,652.0,0
98588,43.18,3.95,59.48,0.0,1
51513,54.91,5.63,69.96,400.0,0
76142,60.17,8.38,100.0,161.0,0
3244,45.62,6.42,60.76,850.0,0
39561,40.4,12.29,67.92,488.0,0
9299,41.42,17.08,100.0,874.0,0
143,49.93,8.58,67.83,1032.0,0
7544,90.5,10.39,77.73,801.0,0
6366,75.6,7.01,83.06,865.0,0
30908,75.07,10.46,96.81,741.0,0
65893,55.6,9.66,46.82,370.0,0
12100,42.07,12.2,89.52,783.0,0
31814,73.03,21.08,100.0,644.0,0
95581,59.35,10.06,92.58,0.0,1
11432,65.25,12.05,99.73,891.0,0
69948,64.18,9.53,90.89,267.0,0
45798,67.65,11.38,75.64,529.0,0
56209,81.33,6.82,93.99,405.0,0
25605,50.91,22.0,77.21,743.0,0
41992,53.19,8.51,92.95,558.0,0
40518,35.57,17.77,56.66,606.0,0
34976,57.72,4.57,69.34,665.0,0
31683,67.13,11.46,54.11,646.0,0
43131,49.62,8.58,33.68,588.0,0
23754,54.81,8.65,47.4,691.0,0
48089,71.25,15.97,64.76,405.0,0
49023,64.69,3.18,65.36,454.0,0
10478,75.66,5.05,99.95,851.0,0
5712,62.83,7.03,95.98,911.0,0
70539,42.25,9.39,69.89,267.0,0
55275,37.21,2.11,100.0,474.0,0
55738,78.04,20.92,85.48,355.0,0
34260,81.77,11.22,46.55,601.0,0
65473,64.22,9.58,85.93,295.0,0
74240,38.62,-2.16,54.69,215.0,0
26159,79.84,7.47,69.73,729.0,0
46297,63.29,16.45,67.9,536.0,0
80479,64.37,0.2,68.95,234.0,0
3578,71.61,7.12,91.21,952.0,0
69868,44.94,1.17,69.56,292.0,0
43260,49.52,13.73,100.0,436.0,0
5798,59.59,6.56,67.95,942.0,0
20697,70.68,12.89,67.92,744.0,0
76160,58.68,7.68,20.09,247.0,0
13103,59.14,1.73,66.49,869.0,0
2033,46.59,13.35,52.03,917.0,0
10619,76.95,12.66,98.92,847.0,0
41943,58.58,5.7,51.16,547.0,0
28993,62.27,16.49,30.22,703.0,0
16052,29.57,8.22,80.66,797.0,0
952,31.98,15.45,67.83,949.0,0
84904,47.49,8.84,86.57,153.0,0
20760,66.09,6.75,95.09,687.0,0
80708,61.69,1.37,78.36,118.0,0
98917,60.23,12.22,65.88,0.0,1
64001,41.38,19.01,23.71,227.0,0
37302,64.97,12.0,54.07,627.0,0
57180,77.2,9.14,49.63,388.0,0
58051,86.86,6.71,59.48,445.0,0
79441,72.71,9.87,86.59,173.0,0
56087,75.32,11.96,40.86,453.0,0
83379,51.55,9.23,53.86,140.0,0
10807,43.34,-0.98,81.56,901.0,0
94233,50.2,6.46,80.59,0.0,1
28390,69.91,13.19,95.85,593.0,0
76182,76.31,3.22,99.7,242.0,0
68855,27.37,14.33,36.84,260.0,0
86424,76.19,11.69,51.45,62.0,0
10171,80.91,13.24,38.75,851.0,0
25086,59.65,7.91,75.27,724.0,0
10856,75.16,14.81,63.31,847.0,0
33686,52.35,7.88,54.15,642.0,0
70272,75.64,12.7,91.91,204.0,0
24173,50.93,6.04,77.56,709.0,0
2948,72.61,10.94,46.47,905.0,0
67798,72.67,13.05,100.0,350.0,0
97070,33.78,6.26,75.46,63.0,0
48421,56.87,8.42,30.49,447.0,0
38341,41.06,12.3,84.72,605.0,0
9576,49.72,2.38,91.81,899.0,0
33384,66.8,0.35,79.96,694.0,0
83183,57.44,4.07,55.96,138.0,0
27991,39.64,11.04,73.82,713.0,0
92527,44.72,13.07,65.11,0.0,1
50616,56.45,14.41,53.45,456.0,0
63221,52.3,8.62,69.82,331.0,0
69466,54.98,17.19,68.93,217.0,0
49467,53.08,4.04,64.07,413.0,0
10537,64.19,-3.06,100.0,932.0,0
8099,52.98,11.98,37.81,847.0,0
70110,51.29,15.96,100.0,215.0,0
16300,50.5,3.4,54.67,782.0,0
14145,61.8,7.37,85.22,852.0,0
30736,66.56,3.34,44.87,618.0,0
42396,35.44,12.39,90.91,571.0,0
97028,59.39,14.86,78.47,0.0,1
52911,66.3,8.55,55.44,448.0,0
71751,51.59,-1.23,72.52,243.0,0
64199,61.04,13.34,94.94,252.0,0
53440,91.88,11.18,73.68,416.0,0
74471,43.8,23.06,69.87,165.0,0
10451,34.4,16.78,54.04,729.0,0
97022,42.24,13.06,97.99,0.0,1
63626,57.27,16.59,56.98,325.0,0
19522,70.66,1.62,91.67,869.0,0
62038,59.93,8.76,92.1,353.0,0
15814,58.23,4.95,54.23,786.0,0
92554,46.3,2.49,86.13,100.0,0
69478,65.11,6.74,85.35,183.0,0
37964,58.32,10.82,97.4,576.0,0
73629,70.88,8.12,91.84,232.0,0
75337,48.33,7.11,99.1,238.0,0
7154,38.87,12.01,57.05,927.0,0
21469,63.81,5.84,100.0,748.0,0
9002,30.39,16.49,85.27,908.0,0
31388,26.87,5.39,42.74,640.0,0
20790,56.99,10.31,54.88,738.0,0
87119,67.7,19.02,46.13,80.0,0
90786,65.38,5.46,49.23,0.0,1
41929,76.09,2.04,62.37,510.0,0
41260,78.41,7.28,49.85,509.0,0
28071,72.11,17.14,31.04,623.0,0
63660,80.1,4.42,79.58,322.0,0
4857,71.02,16.22,80.72,841.0,0
69216,76.85,11.23,62.59,264.0,0
84033,61.8,13.76,87.52,68.0,0
29551,69.53,16.29,68.89,548.0,0
11212,65.64,10.89,93.31,901.0,0
34770,73.81,10.19,38.79,665.0,0
55266,58.07,8.96,81.68,448.0,0
45241,51.71,10.19,74.21,544.0,0
45642,45.63,8.26,48.62,445.0,0
1698,56.26,3.28,76.04,952.0,0
70336,52.06,8.37,100.0,280.0,0
44382,97.64,9.26,66.89,536.0,0
14950,71.84,10.82,77.85,805.0,0
12092,64.33,8.96,70.23,847.0,0
5733,82.02,6.78,100.0,955.0,0
85803,49.97,3.78,38.82,115.0,0
20911,59.01,7.79,83.11,723.0,0
26262,59.11,20.33,55.29,737.0,0
11041,68.94,11.39,96.95,883.0,0
43581,43.2,6.34,89.75,559.0,0
91733,36.15,0.38,86.87,149.0,0
75302,63.27,13.15,90.86,121.0,0
11501,56.45,12.06,89.17,804.0,0
67603,65.99,5.04,84.5,248.0,0
7015,58.86,5.61,62.13,852.0,0
61716,64.44,11.81,66.71,293.0,0
24056,63.79,10.87,90.62,671.0,0
57492,46.15,16.0,82.9,433.0,0
774,91.8,19.89,68.85,927.0,0
88237,69.07,16.22,65.87,80.0,0
42565,67.3,17.89,56.31,583.0,0
16716,42.23,13.66,55.01,829.0,0
95500,52.75,10.35,62.06,26.0,0
79202,48.16,5.52,61.09,104.0,0
98973,70.32,16.9,68.82,0.0,1
81231,79.75,1.38,36.46,113.0,0
75711,55.41,8.55,75.95,246.0,0
2812,67.01,1.81,77.73,891.0,0
25536,74.05,14.49,94.96,717.0,0
82270,70.84,5.07,68.91,110.0,0
21552,53.34,7.46,46.89,750.0,0
56849,69.42,9.1,33.72,486.0,0
36108,47.57,4.19,94.84,660.0,0
76465,62.73,11.71,57.45,192.0,0
88601,60.71,13.0,81.1,44.0,0
17108,82.39,9.63,61.97,722.0,0
67623,30.39,8.72,42.1,262.0,0
24404,28.97,18.18,72.69,644.0,0
80052,69.13,5.34,74.56,165.0,0
4193,89.04,11.57,100.0,886.0,0
65817,46.42,2.36,62.07,315.0,0
43344,89.37,13.06,47.04,536.0,0
14914,39.83,14.06,80.91,808.0,0
90891,41.34,13.0,38.46,0.0,1
44010,36.34,-3.28,38.64,538.0,0
8072,48.75,15.1,83.76,920.0,0
56153,75.48,3.06,72.94,338.0,0
2732,73.77,10.52,49.62,905.0,0
41314,54.44,18.23,56.93,472.0,0
7967,70.7,9.54,42.32,816.0,0
41996,32.34,6.02,55.98,552.0,0
32148,58.85,4.38,83.62,596.0,0
25464,36.39,12.49,77.73,659.0,0
83552,37.73,9.72,55.09,114.0,0
91200,43.04,7.3,90.23,75.0,0
92965,57.92,3.4,54.02,63.0,0
66138,84.25,16.75,83.68,263.0,0
41487,93.0,6.19,51.28,489.0,0
22532,36.97,13.06,97.39,702.0,0
71429,75.71,9.89,90.64,152.0,0
17077,68.63,6.08,84.06,776.0,0
52877,57.02,21.85,82.04,426.0,0
97529,52.08,3.41,65.99,1.0,1
45300,49.48,9.56,62.93,541.0,0
48506,72.6,7.06,78.94,469.0,0
65952,49.96,8.27,82.6,250.0,0
95136,78.4,11.64,93.11,0.0,1
59893,77.11,8.73,85.78,341.0,0
32910,48.87,2.19,90.92,660.0,0
90857,79.65,17.51,100.0,61.0,0
42090,65.66,1.87,100.0,559.0,0
15592,62.24,14.2,58.69,777.0,0
44274,78.97,13.79,86.45,426.0,0
44141,42.11,6.47,81.15,534.0,0
7539,64.63,8.59,75.32,857.0,0
22925,50.0,11.06,39.25,727.0,0
38885,47.39,4.83,59.3,569.0,0
56606,48.32,7.39,24.85,331.0,0
86271,62.4,20.85,54.27,183.0,0
5620,73.22,5.96,78.69,925.0,0
42238,46.38,14.98,83.25,570.0,0
83013,77.32,6.4,43.49,82.0,0
76003,57.76,22.92,63.53,295.0,0
75155,86.83,9.81,53.25,225.0,0
83468,65.72,11.0,85.65,105.0,0
93648,61.65,5.7,56.05,56.0,0
46953,48.49,10.81,100.0,435.0,0
79056,75.05,4.09,70.92,146.0,0
53131,88.48,5.65,52.83,458.0,0
62743,53.94,17.18,49.42,231.0,0
48584,63.42,10.48,68.1,451.0,0
21077,40.03,4.28,74.61,744.0,0
12447,42.16,9.4,91.65,889.0,0
34087,77.51,13.61,97.56,587.0,0
90732,55.77,11.33,62.29,80.0,0
36089,59.81,3.22,30.66,650.0,0
48710,54.48,13.47,78.38,474.0,0
23639,90.93,6.4,74.41,748.0,0
71022,69.14,15.77,49.78,218.0,0
8911,49.58,8.27,63.92,864.0,0
17050,49.79,7.95,49.56,789.0,0
66231,83.88,18.66,78.2,352.0,0
32260,44.01,6.6,50.59,634.0,0
20415,42.47,16.03,82.28,733.0,0
62795,64.42,-0.12,87.25,295.0,0
86864,90.19,7.56,66.92,84.0,0
33314,41.9,11.24,61.86,595.0,0
62815,47.51,3.13,66.19,282.0,0
61669,47.25,4.19,30.61,360.0,0
72408,52.5,17.65,81.88,193.0,0
96698,26.0,5.06,81.79,0.0,1
36304,68.17,16.82,73.8,563.0,0
36799,77.79,9.33,87.71,547.0,0
83025,51.21,12.17,61.54,128.0,0
54628,44.82,10.57,82.19,408.0,0
15067,57.52,10.34,100.0,813.0,0
14527,88.01,11.34,43.85,792.0,0
30096,62.49,11.08,46.14,512.0,0
11323,22.93,5.45,72.67,868.0,0
71361,43.51,14.83,88.4,239.0,0
83656,56.65,0.79,62.13,123.0,0
3267,78.84,1.04,50.96,930.0,0
66112,69.03,6.21,96.11,299.0,0
54629,53.0,20.56,68.93,316.0,0
36401,59.38,8.66,53.21,644.0,0
71481,55.04,7.37,86.27,226.0,0
29971,45.45,12.99,32.31,690.0,0
64514,53.31,18.08,57.97,337.0,0
6721,42.25,11.94,64.91,920.0,0
31568,67.0,11.46,66.96,613.0,0
32694,66.06,10.76,96.72,587.0,0
83349,51.27,7.87,77.85,185.0,0
59340,74.9,18.98,61.19,238.0,0
77768,56.95,14.96,33.11,247.0,0
35929,46.26,12.07,37.34,512.0,0
32343,65.66,9.47,69.28,599.0,0
89723,75.61,14.67,66.78,39.0,0
56199,63.77,8.67,69.07,484.0,0
82364,55.32,14.22,96.66,34.0,0
43519,52.15,16.42,100.0,442.0,0
43514,43.05,5.48,65.87,552.0,0
73859,77.85,3.86,100.0,250.0,0
84848,51.63,6.66,52.55,97.0,0
80730,46.8,1.38,86.83,223.0,0
93782,72.89,7.22,61.11,4.0,1
49886,44.78,9.28,63.24,553.0,0
88677,30.63,6.26,81.63,115.0,0
69959,64.9,10.37,44.09,265.0,0
70692,71.94,4.89,100.0,292.0,0
51507,75.38,7.32,70.53,384.0,0
54471,66.51,8.57,57.97,387.0,0
53638,62.91,18.83,98.17,352.0,0
23306,53.24,7.15,60.91,771.0,0
40158,67.71,6.04,84.05,624.0,0
34039,81.43,6.28,65.37,604.0,0
67906,67.31,2.95,80.42,348.0,0
80707,64.33,1.08,62.39,126.0,0
97951,47.89,11.16,100.0,0.0,1
29878,65.95,5.58,49.23,649.0,0
14429,35.61,4.57,73.37,758.0,0
16299,75.04,1.8,79.5,837.0,0
62396,91.22,7.2,77.77,248.0,0
45812,59.31,1.47,52.78,531.0,0
91891,53.45,10.95,100.0,76.0,0
52944,86.82,18.58,50.39,383.0,0
49551,84.13,11.07,40.66,421.0,0
38973,61.0,13.68,83.86,520.0,0
23420,80.76,9.31,79.96,719.0,0
97567,61.44,14.07,95.51,0.0,1
35587,49.97,15.44,63.8,579.0,0
30065,54.66,5.48,91.22,693.0,0
59312,76.07,17.41,67.69,405.0,0
23845,59.31,3.54,42.15,723.0,0
47724,65.43,18.76,60.53,461.0,0
45876,71.1,10.58,70.03,490.0,0
52807,78.86,17.45,98.44,311.0,0
69364,56.7,7.43,48.07,257.0,0
95168,56.49,18.39,26.24,0.0,1
35558,64.87,3.95,47.14,578.0,0
97372,55.23,15.04,41.18,0.0,1
55230,53.6,7.82,53.94,383.0,0
36561,79.0,13.93,81.36,488.0,0
89595,110.74,3.28,100.0,45.0,0
27702,56.79,7.56,55.97,700.0,0
19421,67.55,13.43,100.0,813.0,0
92906,64.02,14.69,63.71,0.0,1
60715,72.13,5.12,100.0,413.0,0
22106,65.82,8.55,67.29,735.0,0
7663,39.64,0.62,100.0,993.0,0
72668,62.1,15.69,64.32,325.0,0
37548,81.5,15.64,81.13,658.0,0
97982,82.94,5.2,79.28,7.0,0
92065,69.04,14.75,81.61,18.0,0
23722,69.96,14.41,69.65,768.0,0
27548,80.91,11.88,61.08,620.0,0
21809,43.63,3.21,55.42,721.0,0
16556,68.16,18.25,63.13,700.0,0
78286,68.48,9.67,70.37,145.0,0
53212,37.73,4.31,48.1,468.0,0
46254,56.34,18.16,93.62,449.0,0
5495,32.23,13.28,100.0,917.0,0
40490,77.69,7.3,77.67,545.0,0
91559,60.67,0.88,99.94,0.0,1
18640,53.01,11.4,78.35,667.0,0
55512,87.67,14.14,68.69,391.0,0
72168,55.37,16.32,85.55,173.0,0
93340,31.41,14.91,75.73,77.0,0
94096,68.15,15.35,62.28,0.0,1
77470,70.45,17.21,62.72,129.0,0
10135,75.26,4.29,86.57,860.0,0
74348,43.18,18.15,69.78,209.0,0
80496,62.53,12.21,67.45,140.0,0
19867,37.18,14.06,85.24,730.0,0
27775,43.59,6.43,87.95,703.0,0
7039,32.07,4.29,44.12,889.0,0
68515,55.61,6.23,64.82,305.0,0
52140,66.34,10.93,72.26,386.0,0
79828,64.62,3.82,87.61,188.0,0
39800,51.12,11.58,95.85,555.0,0
65439,71.46,4.12,64.61,310.0,0
9112,57.26,18.49,100.0,811.0,0
55274,72.31,9.99,63.54,312.0,0
52788,64.92,5.21,63.94,560.0,0
27361,85.0,8.26,69.91,715.0,0
65380,81.32,8.93,55.63,203.0,0
50502,67.96,9.13,71.71,521.0,0
15625,58.86,5.28,100.0,844.0,0
33089,69.96,11.13,93.49,655.0,0
20435,69.54,5.5,54.41,725.0,0
7357,98.31,3.89,52.31,827.0,0
8550,41.47,4.64,93.39,896.0,0
63127,36.65,0.16,69.5,388.0,0
85450,82.51,9.05,100.0,67.0,0
44461,88.42,10.48,85.22,485.0,0
19593,49.57,19.77,88.76,707.0,0
12680,63.18,0.4,99.59,839.0,0
59790,47.35,9.57,97.85,415.0,0
23067,83.86,7.74,87.85,697.0,0
24795,40.54,11.97,100.0,644.0,0
9804,80.53,11.26,74.7,861.0,0
24720,44.77,13.81,56.45,717.0,0
84480,56.82,7.44,62.4,80.0,0
47420,40.13,17.36,60.79,482.0,0
45088,34.93,8.61,82.32,533.0,0
46471,60.14,3.84,68.09,556.0,0
17640,59.37,11.14,79.65,829.0,0
72904,47.67,5.39,44.54,383.0,0
79682,48.99,12.51,28.06,142.0,0
24807,71.98,10.82,28.66,670.0,0
91410,72.43,13.27,71.6,0.0,1
30228,77.24,11.77,72.45,580.0,0
52245,92.94,-0.34,68.27,466.0,0
19128,77.95,12.98,74.45,618.0,0
21575,61.8,11.02,58.8,705.0,0
89583,73.79,17.32,73.52,68.0,0
90519,53.29,13.78,90.99,52.0,0
29190,57.95,7.7,45.83,560.0,0
79836,71.1,4.71,71.69,155.0,0
57972,83.02,4.34,66.58,348.0,0
91718,41.09,11.28,28.41,23.0,0
38496,62.93,9.75,85.53,599.0,0
82555,60.19,-0.18,42.14,36.0,0
22332,75.82,12.66,96.52,789.0,0
39746,54.82,9.51,90.61,491.0,0
57324,77.13,13.47,72.25,336.0,0
88793,57.73,9.54,72.66,104.0,0
79790,76.84,11.85,89.39,175.0,0
69310,46.61,12.36,69.06,246.0,0
89797,71.08,14.97,51.21,33.0,0
91301,57.9,15.28,75.13,31.0,0
51342,81.34,9.03,80.31,450.0,0
8526,77.97,15.11,86.05,795.0,0
50438,60.8,5.64,78.67,462.0,0
6562,40.75,-0.83,65.7,964.0,0
91940,62.24,7.64,50.43,149.0,0
5478,27.51,11.46,90.09,840.0,0
43569,23.18,5.2,57.21,503.0,0
20316,87.75,5.42,59.59,781.0,0
315,57.91,12.89,83.88,905.0,0
364,66.38,15.37,86.58,959.0,0
83010,51.69,4.53,48.15,234.0,0
28223,56.65,15.69,64.26,692.0,0
54710,69.08,19.83,54.69,380.0,0
76721,57.16,8.64,68.3,237.0,0
16725,53.49,5.11,80.36,832.0,0
83342,71.21,11.5,27.74,137.0,0
20087,59.91,7.93,69.88,731.0,0
59960,67.42,15.48,58.36,387.0,0
31631,58.06,10.68,100.0,657.0,0
65970,39.15,21.4,73.41,288.0,0
4043,68.91,13.6,81.14,925.0,0
67632,65.42,0.09,82.24,200.0,0
35577,92.29,13.52,97.53,595.0,0
27612,78.38,8.97,100.0,641.0,0
16383,63.26,17.89,100.0,833.0,0
52171,50.47,7.23,57.54,448.0,0
50479,57.38,14.41,100.0,369.0,0
119,69.44,15.06,82.76,939.0,0
68471,57.0,16.36,40.77,247.0,0
23976,42.73,-1.22,44.02,745.0,0
65257,36.9,15.45,88.37,176.0,0
99638,50.64,6.26,93.51,20.0,0
62148,69.13,11.54,40.79,295.0,0
63112,46.77,5.99,78.54,297.0,0
91920,88.53,13.64,52.46,25.0,0
23421,49.18,4.26,75.72,670.0,0
99808,66.26,4.55,60.04,0.0,1
26634,60.8,7.25,39.49,722.0,0
6181,66.29,-0.03,41.13,879.0,0
84302,55.28,13.2,52.27,153.0,0
32932,58.06,3.35,60.08,544.0,0
94638,76.54,14.22,56.4,0.0,1
62454,58.6,13.73,76.3,333.0,0
82783,71.32,12.08,61.53,122.0,0
56502,97.03,6.41,66.69,289.0,0
96086,73.5,7.87,79.68,0.0,1
41013,60.19,13.87,65.79,500.0,0
17174,68.55,14.24,46.59,848.0,0
97607,58.08,7.67,77.8,6.0,1
72461,57.96,13.37,76.58,243.0,0
51497,66.7,11.48,75.63,411.0,0
30869,86.47,6.46,77.61,660.0,0
96097,79.88,19.1,92.73,0.0,1
98394,60.6,12.77,96.18,0.0,1
46562,72.27,13.48,100.0,507.0,0
31977,67.61,4.46,68.48,684.0,0
49707,49.18,6.89,100.0,415.0,0
85256,65.57,-1.76,36.8,52.0,0
41880,54.19,4.87,59.43,618.0,0
27952,63.69,11.47,100.0,640.0,0
7344,59.0,3.16,58.17,916.0,0
86525,66.97,21.57,69.92,77.0,0
45125,29.1,15.07,79.04,455.0,0
57444,65.03,8.25,78.17,335.0,0
77528,22.58,11.65,85.26,275.0,0
46945,67.19,10.81,52.37,519.0,0
26580,43.12,15.36,53.22,731.0,0
40975,84.52,7.07,71.76,509.0,0
57784,70.21,5.49,43.52,389.0,0
9802,74.91,3.59,77.98,896.0,0
23686,36.58,4.47,100.0,739.0,0
43406,57.9,14.45,59.95,493.0,0
2470,42.08,4.56,64.66,872.0,0
62058,61.62,3.08,29.81,396.0,0
87924,63.86,4.48,82.15,82.0,0
23989,63.35,14.36,37.58,640.0,0
16421,87.36,1.59,58.82,813.0,0
54021,56.93,10.36,100.0,380.0,0
36963,44.51,10.6,83.12,531.0,0
12415,54.18,14.89,100.0,885.0,0
23458,62.28,6.82,76.55,680.0,0
22152,68.25,7.64,63.58,779.0,0
98148,46.84,6.06,100.0,0.0,1
12616,60.03,10.82,81.68,818.0,0
69354,52.82,2.59,50.79,241.0,0
50594,68.0,2.78,92.77,460.0,0
65543,54.98,21.78,100.0,225.0,0
57672,62.53,14.42,66.76,432.0,0
5872,66.46,10.51,100.0,868.0,0
92085,57.3,6.69,71.37,29.0,0
92566,53.27,12.05,46.81,0.0,1
12474,67.03,6.61,28.6,787.0,0
2538,64.92,10.57,80.35,939.0,0
44807,78.34,14.93,85.47,489.0,0
35625,70.75,-1.63,48.76,617.0,0
23793,66.31,6.78,36.82,724.0,0
90662,58.51,15.19,74.07,74.0,0
45234,54.76,17.45,91.02,500.0,0
77755,60.92,15.61,74.8,86.0,0
66548,36.96,3.81,37.36,324.0,0
59759,76.03,17.62,63.44,297.0,0
71225,59.04,13.88,83.04,224.0,0
72016,91.98,10.37,69.45,239.0,0
12335,62.04,12.66,62.66,888.0,0
3429,46.91,11.23,74.13,988.0,0
67149,66.96,12.25,91.46,286.0,0
67534,60.83,-0.3,50.96,334.0,0
87027,42.3,3.56,92.0,111.0,0
66793,79.72,7.99,100.0,359.0,0
89546,55.81,10.93,72.78,63.0,0
84845,52.32,14.44,16.61,38.0,0
15680,63.88,16.78,53.26,787.0,0
44042,60.84,-3.72,45.27,492.0,0
35846,42.43,6.67,71.71,579.0,0
49710,89.22,-1.36,97.43,498.0,0
59428,64.19,10.46,50.21,368.0,0
51863,88.57,9.69,36.4,531.0,0
88152,48.97,8.42,73.37,189.0,0
41417,58.02,9.34,85.65,487.0,0
96244,60.77,9.45,100.0,3.0,1
63663,42.17,8.77,79.3,296.0,0
83650,81.56,18.04,40.04,64.0,0
13219,54.44,6.23,100.0,902.0,0
70652,63.69,14.21,69.22,136.0,0
63117,48.17,7.67,61.53,250.0,0
71667,51.31,9.75,32.66,333.0,0
98364,60.72,9.58,58.3,41.0,0
77030,51.42,10.57,65.9,202.0,0
88068,46.23,10.16,49.96,18.0,0
34293,80.67,3.29,63.61,596.0,0
84107,63.86,0.67,40.71,79.0,0
58996,61.16,10.24,68.97,349.0,0
24569,71.31,7.72,100.0,673.0,0
83427,69.61,6.0,100.0,207.0,0
7772,46.04,9.74,44.38,946.0,0
65152,48.14,8.09,81.75,308.0,0
45772,37.07,2.39,70.69,562.0,0
3986,60.66,15.47,54.93,869.0,0
73151,52.73,10.31,47.03,213.0,0
18308,58.73,12.06,64.67,753.0,0
97498,46.99,12.31,89.53,0.0,1
21639,69.53,15.09,56.38,719.0,0
95679,49.82,10.12,79.83,8.0,0
83114,64.44,16.31,72.97,74.0,0
68462,44.87,10.89,65.75,302.0,0
16138,64.11,18.61,92.64,765.0,0
38466,57.44,20.02,83.0,665.0,0
32920,63.59,1.98,82.41,647.0,0
6731,78.61,4.57,60.83,939.0,0
71438,55.43,9.26,67.21,275.0,0
49804,75.33,12.95,79.06,418.0,0
27506,100.54,10.3,45.52,626.0,0
74450,44.05,10.79,57.53,231.0,0
7216,63.51,16.21,70.13,831.0,0
16454,63.99,4.92,32.16,781.0,0
65695,52.01,11.51,51.76,333.0,0
50503,50.55,9.81,64.54,453.0,0
32379,89.08,4.66,93.22,624.0,0
60987,101.16,8.73,94.66,310.0,0
14758,42.94,17.35,87.67,742.0,0
88807,44.51,17.2,33.21,106.0,0
31040,47.2,3.71,74.52,676.0,0
94140,101.48,14.42,96.08,0.0,1
22026,59.82,-0.4,25.6,752.0,0
36850,68.66,9.5,34.54,555.0,0
49001,42.67,4.42,95.26,493.0,0
60082,51.27,12.36,95.06,400.0,0
50171,51.49,11.48,97.7,339.0,0
76521,73.03,12.09,91.38,211.0,0
75427,74.29,12.19,80.25,169.0,0
71039,62.36,5.99,41.19,357.0,0
13264,39.07,18.15,56.97,822.0,0
80398,56.76,8.69,99.36,132.0,0
30275,22.63,10.91,72.02,597.0,0
5970,70.51,9.76,83.28,940.0,0
86820,92.81,6.59,51.31,16.0,0
16674,53.67,8.43,74.85,801.0,0
25242,49.39,-0.25,64.96,768.0,0
14094,92.32,17.38,52.04,720.0,0
94275,63.9,7.91,70.43,0.0,1
43031,74.96,5.97,26.24,530.0,0
73696,71.1,5.94,65.38,278.0,0
66114,25.22,7.03,42.62,399.0,0
97341,35.02,6.43,69.7,0.0,1
79927,49.93,6.29,100.0,164.0,0
99142,55.87,16.91,63.09,0.0,1
39915,47.76,13.81,87.27,572.0,0
34344,45.38,16.55,73.81,582.0,0
92678,45.56,10.21,100.0,83.0,0
18332,33.87,14.54,100.0,745.0,0
61670,43.52,11.65,76.07,287.0,0
11282,65.09,9.45,73.45,834.0,0
34044,99.33,10.26,81.88,633.0,0
99468,65.88,7.32,100.0,0.0,1
13358,43.9,11.73,90.16,770.0,0
55828,70.24,10.97,69.75,282.0,0
48712,53.21,26.5,77.01,473.0,0
40667,33.79,11.93,97.24,531.0,0
18205,52.98,7.34,41.01,818.0,0
29132,76.16,14.62,71.99,565.0,0
4034,57.91,13.07,87.79,923.0,0
95716,64.78,12.51,100.0,29.0,0
48647,64.47,8.71,42.0,400.0,0
13605,86.99,-0.25,99.4,801.0,0
48073,65.15,7.82,99.38,493.0,0
47496,43.75,5.96,52.0,495.0,0
93110,61.34,2.96,55.6,0.0,1
31210,42.87,11.94,81.66,608.0,0
8327,51.53,7.14,98.97,911.0,0
29581,69.63,7.97,49.83,677.0,0
93927,46.25,10.16,100.0,0.0,1
46216,60.11,2.99,64.38,508.0,0
83576,53.53,7.51,100.0,151.0,0
34769,67.19,11.42,88.67,620.0,0
13007,60.02,7.11,60.64,829.0,0
76426,81.87,16.13,77.65,169.0,0
76229,70.35,20.34,38.03,206.0,0
74726,51.16,4.8,90.17,234.0,0
63521,65.42,4.85,75.97,321.0,0
21914,84.25,11.71,74.35,655.0,0
71097,60.01,7.49,62.13,158.0,0
30744,72.28,11.4,93.56,701.0,0
2671,61.25,4.86,57.57,970.0,0
91428,63.35,12.04,71.02,8.0,0
55190,59.59,4.89,83.76,422.0,0
99764,56.85,6.5,52.83,18.0,0
14746,96.18,4.87,79.43,766.0,0
26539,82.16,3.25,61.99,719.0,0
73017,58.4,20.46,54.94,274.0,0
88250,30.67,4.44,63.0,49.0,0
6334,37.71,16.02,36.4,924.0,0
51845,56.23,11.78,72.89,423.0,0
33763,58.26,14.34,52.4,578.0,0
63365,59.84,13.22,31.67,272.0,0
87510,73.75,4.36,98.42,99.0,0
24539,74.92,9.76,86.2,687.0,0
87884,75.95,8.0,57.04,94.0,0
95394,68.2,9.64,69.43,32.0,0
73508,61.33,7.74,55.46,169.0,0
836,48.26,11.99,83.88,989.0,0
84916,46.3,7.15,77.8,25.0,0
46630,58.44,15.7,68.93,439.0,0
73072,75.22,7.04,52.34,184.0,0
60477,85.57,6.1,63.5,337.0,0
16569,50.59,10.02,77.24,694.0,0
14167,14.02,14.9,96.49,831.0,0
20075,43.96,18.62,50.98,769.0,0
17677,72.13,10.43,63.21,781.0,0
4620,70.32,12.8,37.59,886.0,0
71773,34.5,19.34,72.7,253.0,0
30834,69.08,11.77,47.01,635.0,0
88831,64.37,11.9,98.02,53.0,0
41955,46.65,1.95,86.75,568.0,0
65532,56.72,11.66,100.0,307.0,0
50302,60.29,6.37,42.93,489.0,0
48024,55.42,6.79,38.79,478.0,0
83062,52.18,17.79,70.55,83.0,0
50916,32.97,2.83,74.77,514.0,0
6837,61.16,7.89,77.33,824.0,0
21728,65.58,12.74,79.89,671.0,0
62673,61.89,9.72,71.42,297.0,0
12999,66.97,8.27,57.7,842.0,0
68983,41.92,10.95,51.08,278.0,0
10562,62.81,9.37,86.88,835.0,0
19583,56.82,-0.32,84.41,865.0,0
81001,77.39,4.03,62.97,131.0,0
6667,50.47,16.41,55.27,855.0,0
77540,59.89,5.31,89.22,126.0,0
18846,42.76,8.26,66.91,667.0,0
60451,49.26,9.12,80.51,300.0,0
15897,62.37,14.44,42.14,816.0,0
92000,79.95,9.09,51.6,0.0,1
77773,71.86,13.86,65.75,126.0,0
51411,46.04,11.53,90.02,376.0,0
67460,34.09,1.27,69.2,351.0,0
2260,45.25,11.05,26.1,828.0,0
81463,61.67,15.95,100.0,109.0,0
3937,56.34,14.73,97.62,894.0,0
20984,93.25,4.57,26.87,737.0,0
35621,55.59,4.57,46.31,574.0,0
6105,53.2,17.41,79.6,960.0,0
17076,58.44,9.34,100.0,752.0,0
20644,58.54,-0.26,41.43,706.0,0
50494,45.65,7.88,70.22,543.0,0
58716,61.3,10.97,58.6,365.0,0
46972,44.09,16.91,46.87,442.0,0
25055,24.38,6.73,28.28,710.0,0
54987,74.46,8.51,53.15,325.0,0
54134,65.89,-2.43,75.03,402.0,0
46062,57.64,9.83,46.53,518.0,0
98270,46.99,1.5,55.99,0.0,1
17145,64.17,8.26,66.72,753.0,0
88312,60.38,20.07,27.3,68.0,0
32620,60.33,20.37,72.75,540.0,0
66141,44.91,5.04,83.74,300.0,0
91070,58.6,0.29,88.07,88.0,0
88621,73.29,9.85,54.77,193.0,0
57281,66.51,13.68,54.28,445.0,0
15369,55.19,5.44,46.97,759.0,0
89787,41.55,6.63,100.0,151.0,0
66459,60.64,8.14,54.27,238.0,0
12423,61.4,16.16,69.08,796.0,0
29108,80.0,5.5,54.01,666.0,0
85212,64.57,-0.37,78.33,159.0,0
60878,98.75,17.11,99.74,328.0,0
74519,72.35,8.3,69.7,244.0,0
25105,68.25,9.6,62.47,705.0,0
42302,86.75,3.49,58.5,557.0,0
74887,73.89,8.81,79.09,234.0,0
93942,71.82,12.97,100.0,100.0,0
92428,73.8,11.19,47.23,0.0,1
70814,62.55,8.39,74.5,134.0,0
49521,33.34,11.49,86.23,442.0,0
3050,45.16,9.58,81.47,1005.0,0
72982,50.13,5.16,75.54,236.0,0
29765,67.0,17.6,82.15,707.0,0
62827,48.09,8.92,47.38,333.0,0
98352,62.1,16.99,99.25,0.0,1
87479,64.98,5.03,100.0,100.0,0
85959,68.96,8.37,54.04,84.0,0
58751,67.01,9.83,75.16,334.0,0
53483,65.73,9.33,75.55,419.0,0
3114,64.14,12.04,91.69,891.0,0
191,106.25,9.78,95.24,939.0,0
24931,83.29,9.53,58.83,713.0,0
34360,59.3,5.76,62.94,574.0,0
42187,76.13,12.65,69.03,470.0,0
42526,23.7,13.3,92.09,553.0,0
64495,86.1,7.42,97.55,256.0,0
34199,41.55,-2.94,68.04,724.0,0
17944,43.98,4.98,73.91,736.0,0
31773,57.61,8.32,92.84,558.0,0
88941,51.24,15.22,67.99,161.0,0
13290,70.5,11.87,63.98,905.0,0
48917,72.71,14.98,29.99,409.0,0
91324,26.96,12.18,68.42,64.0,0
38089,41.72,7.01,60.76,621.0,0
54763,86.94,-2.86,58.83,385.0,0
89286,59.31,13.6,67.18,74.0,0
78109,52.0,12.57,100.0,138.0,0
29995,69.12,23.12,85.73,595.0,0
99243,54.75,14.78,100.0,0.0,1
10180,44.47,10.91,82.56,808.0,0
59458,52.35,21.83,57.91,248.0,0
48779,53.56,-0.46,74.7,437.0,0
89469,69.62,12.61,63.21,126.0,0
84901,50.65,5.13,84.89,181.0,0
88619,63.28,12.28,58.78,25.0,0
26629,78.12,12.17,100.0,676.0,0
26130,51.01,10.58,85.11,750.0,0
19145,64.0,11.76,86.04,751.0,0
92802,66.99,5.46,60.97,45.0,0
4409,55.13,17.35,68.97,894.0,0
25173,83.81,2.09,43.17,653.0,0
62450,37.75,13.19,100.0,373.0,0
36293,43.74,6.38,77.87,567.0,0
5203,59.6,9.38,100.0,860.0,0
96078,76.73,13.56,90.93,0.0,1
41971,61.03,12.78,80.79,519.0,0
41673,63.63,8.79,74.95,544.0,0
42763,47.54,12.33,69.94,572.0,0
94364,82.02,0.46,69.33,0.0,1
8600,66.09,0.82,94.18,838.0,0
39006,65.5,0.53,75.84,619.0,0
7792,60.49,11.69,52.62,812.0,0
58384,42.53,6.23,87.69,370.0,0
22116,64.77,9.52,94.3,729.0,0
15640,41.45,8.14,85.21,755.0,0
68289,68.46,11.5,54.45,239.0,0
82865,42.71,3.7,41.5,117.0,0
91567,61.16,21.02,100.0,0.0,1
20228,61.77,9.1,77.26,665.0,0
57269,69.71,12.7,72.16,328.0,0
82607,58.92,0.79,53.6,116.0,0
42837,76.79,17.85,52.51,521.0,0
62013,44.37,16.65,84.12,323.0,0
5765,55.19,6.05,92.8,931.0,0
19546,50.9,5.11,61.47,759.0,0
96396,74.54,-1.97,40.5,48.0,0
40372,50.98,2.93,67.93,605.0,0
21316,52.7,7.61,70.61,714.0,0
86845,78.64,-3.1,48.74,157.0,0
66108,68.76,8.81,44.39,259.0,0
73520,46.44,11.2,27.88,157.0,0
89927,74.78,14.32,80.51,0.0,1
19558,58.16,8.29,71.11,752.0,0
9328,63.29,11.49,64.58,869.0,0
67302,63.48,2.68,17.55,361.0,0
59732,57.33,17.25,21.26,406.0,0
4693,79.32,12.55,97.77,827.0,0
15795,67.31,10.74,57.52,776.0,0
42139,78.8,9.57,64.05,471.0,0
91350,76.55,14.93,39.32,21.0,0
86625,74.84,17.65,34.24,123.0,0
8861,68.51,9.34,41.02,805.0,0
83681,55.97,10.3,56.43,46.0,0
90121,79.04,9.53,82.0,49.0,0
46233,65.96,6.97,85.95,447.0,0
85336,65.54,12.48,72.88,27.0,0
89141,30.27,11.08,37.45,74.0,0
29963,68.33,11.99,68.94,660.0,0
89637,82.05,3.44,75.39,28.0,0
14560,56.12,4.29,53.64,789.0,0
13574,41.55,12.38,100.0,787.0,0
96830,87.6,21.61,92.86,19.0,0
99971,48.17,8.36,96.23,0.0,1
49311,41.62,5.22,47.52,488.0,0
8876,68.6,15.22,77.65,802.0,0
45026,89.59,12.2,76.18,479.0,0
9017,7.52,8.96,100.0,857.0,0
58449,54.95,6.09,85.33,422.0,0
96462,67.97,12.39,72.72,53.0,0
84990,40.61,11.06,63.34,132.0,0
30526,84.27,6.02,56.42,699.0,0
5433,40.71,9.79,55.5,983.0,0
39685,71.59,11.03,100.0,511.0,0
7227,72.12,0.25,67.66,871.0,0
66724,10.54,12.48,83.01,292.0,0
12041,47.05,21.1,100.0,838.0,0
50938,51.2,0.27,39.56,454.0,0
68813,60.32,-1.25,59.58,328.0,0
70790,72.11,9.57,88.46,284.0,0
22481,66.65,9.75,76.97,733.0,0
38285,102.8,12.9,97.06,581.0,0
24150,76.58,11.82,54.57,697.0,0
44765,59.29,11.34,67.43,503.0,0
38947,89.86,16.19,51.8,459.0,0
80258,70.99,9.52,74.35,140.0,0
99172,62.93,9.42,58.62,0.0,1
60860,55.93,4.4,74.83,404.0,0
33633,72.31,3.24,58.69,675.0,0
14527,29.98,20.46,74.02,654.0,0
86941,72.07,15.03,72.72,26.0,0
21791,47.25,10.95,53.88,866.0,0
53537,62.05,8.47,99.5,412.0,0
38329,66.92,12.33,70.86,509.0,0
22081,77.6,9.9,66.91,660.0,0
75611,70.48,11.6,71.02,167.0,0
90063,61.16,12.08,74.88,149.0,0
73968,66.23,8.25,57.56,270.0,0
93934,76.33,11.75,77.38,0.0,1
73565,92.5,11.18,68.86,112.0,0
31612,70.46,13.06,87.31,676.0,0
60169,52.21,8.23,55.32,352.0,0
1127,66.4,11.19,92.22,857.0,0
33574,45.21,0.74,58.69,735.0,0
73090,18.37,1.92,69.24,309.0,0
46865,48.13,10.84,88.67,475.0,0
66914,82.23,15.2,59.73,248.0,0
34771,46.0,7.96,52.49,658.0,0
17346,51.9,9.06,63.77,839.0,0
10041,78.24,5.2,90.01,824.0,0
18016,43.06,8.12,71.7,777.0,0
12815,76.45,5.05,85.62,833.0,0
83034,63.4,1.98,89.66,171.0,0
44468,47.43,18.22,65.23,613.0,0
5340,49.74,12.28,82.83,982.0,0
21525,47.42,7.69,72.51,787.0,0
87680,40.01,20.49,100.0,130.0,0
17979,54.02,11.33,51.44,734.0,0
6143,45.42,15.54,67.08,941.0,0
60111,67.38,19.89,91.95,248.0,0
89593,73.89,12.01,69.86,0.0,1
54854,73.72,16.02,53.33,352.0,0
36068,59.22,5.25,56.98,615.0,0
70443,51.39,5.71,92.53,300.0,0
32030,41.68,3.92,88.2,605.0,0
45812,57.56,7.18,67.79,516.0,0
25146,59.77,13.1,29.24,624.0,0
42780,64.97,11.0,61.69,533.0,0
75625,60.54,11.11,51.68,162.0,0
67397,72.51,15.24,63.68,273.0,0
51296,70.27,8.8,59.32,415.0,0
96086,75.92,9.95,54.95,0.0,1
29403,40.4,11.43,83.02,696.0,0
71766,75.04,8.5,74.58,229.0,0
15249,62.28,8.77,59.96,752.0,0
72008,51.69,13.24,55.99,223.0,0
73134,68.42,8.37,88.06,337.0,0
90904,48.34,9.29,42.58,86.0,0
21277,70.05,13.99,73.6,737.0,0
86087,82.19,10.89,60.6,82.0,0
46583,57.79,0.53,82.37,483.0,0
75364,77.45,14.48,71.4,97.0,0
94927,22.97,10.86,72.91,80.0,0
79553,70.3,3.13,43.14,151.0,0
32661,78.35,14.19,70.28,597.0,0
86048,62.83,3.23,35.1,183.0,0
86160,62.32,4.13,70.91,59.0,0
17069,45.44,5.86,82.17,857.0,0
76362,68.22,8.71,81.2,126.0,0
91985,59.81,8.92,40.66,29.0,0
17705,72.08,15.23,100.0,701.0,0
72594,69.72,7.57,50.21,269.0,0
8732,63.9,9.73,100.0,925.0,0
76434,58.47,8.92,75.02,228.0,0
93110,80.68,14.16,53.49,0.0,1
54458,72.99,3.67,70.56,394.0,0
1476,86.85,16.16,58.7,891.0,0
57981,57.88,16.96,67.73,349.0,0
29541,72.16,15.5,55.76,699.0,0
88895,47.71,12.51,69.06,70.0,0
63092,84.98,2.54,66.15,318.0,0
10569,52.2,12.61,44.82,830.0,0
72589,40.08,17.58,64.09,138.0,0
93838,54.79,16.12,66.77,0.0,1
89230,57.84,4.19,42.34,101.0,0
67260,72.87,20.88,42.44,275.0,0
44956,78.65,10.07,53.02,530.0,0
424,60.85,12.83,99.33,941.0,0
60435,43.1,19.14,62.95,333.0,0
22875,76.13,5.09,45.13,746.0,0
59380,68.22,4.91,48.76,348.0,0
98781,58.27,-1.14,66.33,0.0,1
62978,49.38,1.6,75.19,330.0,0
30933,58.52,10.75,68.69,711.0,0
3714,26.92,11.95,33.4,1004.0,0
39282,70.84,5.09,65.71,562.0,0
89386,62.3,11.81,77.19,176.0,0
43474,58.6,12.35,42.79,438.0,0
12437,56.75,13.01,84.38,762.0,0
65220,57.77,15.89,69.7,269.0,0
86781,69.21,10.64,69.21,104.0,0
66114,54.5,12.77,65.39,309.0,0
13093,46.44,17.77,88.35,806.0,0
8145,63.44,10.59,51.67,869.0,0
77297,67.99,13.11,75.28,150.0,0
8171,67.39,10.67,29.87,870.0,0
71354,76.36,10.86,20.63,191.0,0
93441,64.49,12.49,58.99,0.0,1
43399,39.93,14.93,40.55,534.0,0
70099,57.5,17.08,34.87,119.0,0
44091,59.34,9.3,90.88,546.0,0
56522,51.62,12.91,65.46,505.0,0
86080,67.07,10.69,100.0,106.0,0
72142,70.06,10.07,30.96,249.0,0
56571,46.86,3.97,71.25,421.0,0
20932,24.61,14.53,59.86,760.0,0
84742,51.85,9.02,51.21,147.0,0
98091,48.44,11.0,71.78,23.0,0
46668,47.59,14.61,64.43,480.0,0
12145,35.09,5.61,65.95,944.0,0
31127,66.34,13.31,76.92,554.0,0
92478,65.35,4.56,85.09,25.0,0
94940,46.47,16.56,46.99,0.0,1
90701,74.65,12.18,41.74,17.0,0
80472,51.05,6.18,36.08,115.0,0
89150,72.04,6.11,78.99,117.0,0
53623,46.04,1.21,48.19,429.0,0
2710,19.74,17.3,64.45,873.0,0
42662,60.92,-2.21,93.11,633.0,0
70075,64.59,9.1,45.49,323.0,0
71665,51.41,1.94,45.64,319.0,0
73360,46.18,14.49,72.91,292.0,0
36701,60.53,6.13,61.68,589.0,0
22723,61.99,11.69,70.51,702.0,0
36367,51.22,2.74,44.52,640.0,0
99403,79.51,8.19,68.34,0.0,1
3436,67.2,9.27,73.04,897.0,0
21251,42.42,16.14,70.26,686.0,0
5338,60.25,7.01,35.64,919.0,0
52459,72.03,5.78,100.0,493.0,0
60856,56.34,4.86,43.1,392.0,0
74337,49.89,12.86,76.74,212.0,0
49246,53.6,9.35,76.14,491.0,0
59602,43.79,0.34,45.02,366.0,0
5809,55.4,12.39,60.1,935.0,0
28705,45.12,3.59,100.0,711.0,0
85998,75.82,11.9,71.1,92.0,0
43578,65.03,11.73,87.57,555.0,0
9892,93.88,8.45,71.9,951.0,0
44195,97.37,5.05,84.8,523.0,0
84393,57.81,8.7,52.0,55.0,0
27725,77.91,11.47,71.25,611.0,0
68212,44.77,13.03,59.77,280.0,0
80814,69.09,3.84,65.45,135.0,0
70931,45.36,6.14,90.79,256.0,0
4263,51.43,4.94,65.83,902.0,0
3857,57.02,16.18,100.0,841.0,0
70150,66.68,1.04,47.58,308.0,0
45879,52.58,8.99,77.48,478.0,0
20377,44.61,7.49,69.92,761.0,0
69823,50.64,6.02,32.8,240.0,0
21281,46.81,13.54,66.39,710.0,0
28443,73.49,12.53,53.54,607.0,0
53549,33.49,14.25,29.62,403.0,0
94228,77.77,14.84,61.86,0.0,1
41029,53.58,15.2,71.48,543.0,0
54986,51.42,0.36,80.88,431.0,0
58263,65.03,18.03,93.58,384.0,0
33286,53.52,4.78,43.43,748.0,0
30672,56.86,10.92,78.56,698.0,0
87411,76.4,5.29,62.16,68.0,0
46912,31.85,10.79,70.18,434.0,0
70486,52.14,13.28,65.48,212.0,0
48664,63.13,7.75,95.45,549.0,0
68949,68.56,10.95,55.6,151.0,0
62456,54.64,15.9,71.28,326.0,0
62873,65.43,9.14,73.73,359.0,0
60090,55.03,13.04,55.41,417.0,0
90562,49.28,7.11,60.92,61.0,0
93335,65.2,16.96,33.2,0.0,1
89801,34.6,11.92,75.13,141.0,0
82724,42.23,6.94,73.91,103.0,0
90104,64.77,8.46,42.57,6.0,1
72387,54.89,2.32,100.0,267.0,0
12164,66.14,14.19,77.56,945.0,0
17670,33.65,6.7,38.03,673.0,0
25742,72.5,3.97,74.6,693.0,0
8766,47.54,11.06,60.56,864.0,0
62099,67.08,8.11,58.95,274.0,0
11578,68.41,4.45,54.33,881.0,0
18905,47.51,14.58,54.18,819.0,0
94521,85.46,9.52,43.94,0.0,1
76337,67.97,2.82,83.13,256.0,0
86225,65.67,7.34,75.68,45.0,0
25071,44.78,7.7,78.32,645.0,0
84114,88.73,11.75,75.59,121.0,0
11044,46.64,11.3,58.31,873.0,0
64626,58.47,12.39,64.62,389.0,0
74320,68.74,11.33,64.56,163.0,0
66761,81.42,4.19,79.4,291.0,0
72554,37.98,15.04,58.21,241.0,0
15805,69.05,9.95,55.63,758.0,0
24164,77.95,22.21,75.81,625.0,0
8987,67.63,2.27,55.72,921.0,0
12374,54.9,1.75,74.83,900.0,0
38352,51.85,13.02,74.04,506.0,0
29514,65.6,3.53,57.69,690.0,0
45672,79.85,13.27,96.84,480.0,0
95512,63.3,8.75,96.95,32.0,0
50603,89.78,11.35,71.76,372.0,0
85033,70.32,5.4,100.0,133.0,0
22357,75.16,12.32,39.31,731.0,0
1755,53.74,8.59,44.89,899.0,0
45980,49.06,2.65,80.08,460.0,0
93962,53.65,7.67,76.39,0.0,1
92849,48.73,4.0,65.81,42.0,0
78028,89.79,21.68,100.0,95.0,0
34684,77.07,1.91,35.36,573.0,0
40644,74.25,9.48,89.79,476.0,0
51330,10.45,12.7,64.4,485.0,0
95198,91.88,9.29,91.96,33.0,0
21332,53.2,1.04,98.67,791.0,0
90162,70.55,9.72,55.29,113.0,0
73251,53.42,11.86,67.67,221.0,0
89927,57.82,15.68,60.96,122.0,0
71196,58.92,20.3,68.06,235.0,0
59593,61.39,7.19,81.78,404.0,0
9526,87.37,8.13,80.13,841.0,0
99189,53.24,8.4,55.89,0.0,1
61540,49.85,13.52,100.0,366.0,0
24975,86.43,8.22,88.28,835.0,0
91729,70.11,9.56,57.99,65.0,0
75428,70.07,9.24,65.81,223.0,0
43205,88.75,16.88,75.94,577.0,0
37607,51.63,17.28,58.19,582.0,0
5572,65.14,13.68,89.47,816.0,0
76700,45.86,22.25,74.96,212.0,0
91952,53.2,6.31,76.1,0.0,1
5085,65.55,0.23,70.94,900.0,0
41287,69.77,11.01,61.42,463.0,0
50668,68.77,16.85,100.0,393.0,0
66019,83.08,8.94,45.16,314.0,0
78096,83.51,12.39,72.61,159.0,0
31604,55.68,6.59,63.69,782.0,0
42226,44.22,10.3,54.6,530.0,0
12882,37.87,13.91,100.0,786.0,0
26930,47.45,8.2,72.2,729.0,0
48527,39.34,21.45,65.96,522.0,0
63680,60.32,8.89,53.7,348.0,0
20568,63.06,3.54,47.34,755.0,0
6036,52.24,11.96,75.54,914.0,0
92941,63.98,10.05,100.0,0.0,1
55043,57.61,10.32,77.05,414.0,0
33866,43.65,16.21,61.9,649.0,0
23394,61.19,9.28,55.79,738.0,0
40998,53.92,6.19,70.72,454.0,0
84923,94.14,13.63,66.27,50.0,0
64273,32.05,15.07,75.79,343.0,0
85440,68.22,23.2,75.08,48.0,0
55236,51.94,4.5,77.44,370.0,0
50560,55.11,16.95,52.96,367.0,0
5522,76.0,1.77,91.99,839.0,0
7076,89.83,19.45,59.29,790.0,0
19156,61.14,14.61,79.8,771.0,0
6954,58.98,13.79,57.78,889.0,0
42348,36.32,16.7,69.98,614.0,0
60153,44.33,9.17,60.63,326.0,0
32576,34.83,3.03,96.46,559.0,0
65272,60.73,13.82,93.65,268.0,0
46414,49.85,-0.03,99.49,526.0,0
34656,41.53,1.03,58.43,643.0,0
62070,49.92,-1.68,94.99,390.0,0
35083,49.15,-6.1,69.71,632.0,0
89004,84.58,7.16,66.82,14.0,0
96829,63.9,13.66,83.65,0.0,1
94451,48.51,6.06,96.01,38.0,0
17076,59.77,11.23,83.8,837.0,0
13588,84.64,4.14,67.47,796.0,0
2133,52.62,10.02,79.84,905.0,0
18498,64.87,5.5,86.28,754.0,0
50543,46.72,11.12,54.39,419.0,0
4578,67.01,8.96,69.77,953.0,0
9739,50.36,6.05,60.15,847.0,0
7845,37.77,8.9,55.18,826.0,0
29266,56.03,10.53,70.75,624.0,0
6813,62.69,19.89,45.91,876.0,0
20255,72.89,14.34,60.91,738.0,0
39834,77.7,5.65,70.88,486.0,0
91036,52.64,7.54,92.32,68.0,0
5095,53.96,9.91,69.83,957.0,0
47990,59.37,13.18,42.16,423.0,0
23832,68.86,10.79,48.13,636.0,0
63383,60.65,13.11,41.06,266.0,0
68923,55.28,12.19,89.74,282.0,0
41893,45.02,8.03,54.44,504.0,0
84348,79.61,3.63,91.97,163.0,0
68897,50.38,8.43,100.0,180.0,0
76127,64.87,5.57,77.97,284.0,0
65760,49.55,4.25,89.97,261.0,0
63757,71.87,5.34,84.3,255.0,0
37230,93.52,6.72,90.64,617.0,0
79704,60.4,14.97,64.13,170.0,0
57950,76.78,17.66,69.21,282.0,0
20206,50.48,4.99,100.0,775.0,0
67517,53.94,9.63,54.43,228.0,0
65720,66.92,8.41,76.9,189.0,0
36959,68.25,5.81,76.13,598.0,0
37056,71.85,11.22,73.34,615.0,0
81587,65.74,11.99,63.68,133.0,0
13895,42.91,1.46,67.14,940.0,0
79736,54.26,9.25,72.92,160.0,0
60996,77.72,4.99,40.1,356.0,0
40355,62.12,11.34,72.18,513.0,0
78708,79.58,11.13,47.11,113.0,0
6862,48.88,14.73,62.96,933.0,0
22177,88.66,10.24,21.2,741.0,0
24553,68.71,8.21,83.3,762.0,0
83267,54.23,14.24,70.68,76.0,0
71328,68.95,10.33,79.62,236.0,0
41028,59.42,16.54,65.52,624.0,0
34139,58.61,9.97,43.03,591.0,0
6269,26.81,8.41,82.28,946.0,0
74496,58.82,8.52,56.23,142.0,0
54470,40.61,13.5,72.14,485.0,0
47278,69.59,19.9,66.4,437.0,0
43931,79.18,7.45,75.03,540.0,0
44192,83.78,7.37,57.43,463.0,0
65308,60.86,7.25,54.07,299.0,0
53839,78.29,20.47,76.19,390.0,0
36406,55.84,4.34,71.51,619.0,0
83196,28.23,20.99,70.19,152.0,0
27473,48.03,4.37,76.96,649.0,0
20817,74.51,12.0,54.65,765.0,0
10472,73.6,6.2,55.18,877.0,0
43459,91.63,14.53,50.41,459.0,0
13166,54.47,13.99,90.49,730.0,0
17,40.35,8.19,60.14,902.0,0
49559,44.18,6.56,59.02,521.0,0
48618,61.56,9.86,62.47,407.0,0
73266,60.95,-1.94,72.96,230.0,0
34886,72.57,7.66,51.23,567.0,0
93373,81.23,10.44,55.92,67.0,0
33251,51.4,12.2,65.59,606.0,0
16324,56.11,21.15,61.67,810.0,0
91043,86.87,13.55,67.78,0.0,1
1912,66.9,4.22,71.85,873.0,0
63456,62.73,4.25,100.0,311.0,0
40614,73.92,14.27,59.73,544.0,0
44518,69.94,13.41,100.0,519.0,0
22274,59.81,17.05,48.46,754.0,0
32446,87.18,15.34,55.9,549.0,0
89278,65.73,18.0,83.1,0.0,1
98029,45.06,11.8,64.98,0.0,1
46753,67.54,10.48,90.3,426.0,0
78941,64.62,7.52,94.32,204.0,0
158,52.92,8.1,57.54,957.0,0
4138,56.25,8.25,51.18,851.0,0
35545,54.65,21.02,54.01,557.0,0
3584,55.49,11.53,93.75,892.0,0
83638,81.0,8.18,89.75,74.0,0
41854,59.19,7.41,83.59,602.0,0
35372,62.0,5.89,68.15,613.0,0
7835,53.2,7.53,96.38,898.0,0
41324,71.79,23.29,71.95,488.0,0
93836,67.43,10.46,70.92,0.0,1
18603,59.62,18.21,79.67,699.0,0
2289,60.82,7.18,56.87,912.0,0
77453,51.7,11.48,63.67,252.0,0
3039,62.35,10.68,91.44,911.0,0
18824,60.2,14.72,50.51,696.0,0
94955,65.9,3.79,50.7,102.0,0
71604,82.88,2.53,100.0,99.0,0
8993,50.35,2.7,61.78,853.0,0
50161,41.52,15.87,76.86,485.0,0
62266,72.89,9.27,58.85,402.0,0
95944,86.43,9.66,52.42,1.0,1
13320,65.19,2.43,55.51,780.0,0
30875,59.11,7.39,46.54,602.0,0
82477,50.88,11.17,100.0,40.0,0
53649,73.24,8.23,42.84,472.0,0
34295,68.93,1.61,13.7,620.0,0
29128,62.65,8.26,67.54,740.0,0
55897,63.52,6.33,52.96,347.0,0
5625,69.89,20.03,34.29,819.0,0
60423,62.42,10.02,64.01,283.0,0
77360,35.15,17.31,87.6,175.0,0
5962,81.41,20.11,86.12,874.0,0
20006,66.68,22.96,82.56,713.0,0
57855,55.46,4.52,71.43,392.0,0
83209,63.03,16.76,53.55,124.0,0
40671,57.61,1.06,36.87,546.0,0
79464,48.37,7.34,38.59,281.0,0
7711,42.62,14.02,75.96,866.0,0
9080,75.89,7.87,76.45,877.0,0
33716,66.94,3.99,54.93,642.0,0
50819,59.13,12.43,58.18,440.0,0
7530,87.23,15.71,90.01,901.0,0
77660,61.88,8.24,30.22,166.0,0
21461,62.93,1.45,79.75,804.0,0
80119,18.41,11.38,63.33,197.0,0
7046,89.25,2.65,63.28,938.0,0
87800,32.88,7.71,86.05,103.0,0
36822,80.62,15.39,73.86,555.0,0
59998,62.74,3.7,64.93,295.0,0
80186,59.59,4.86,55.57,180.0,0
60736,72.5,7.67,65.6,311.0,0
60782,60.84,4.99,80.52,338.0,0
16588,68.06,12.51,68.98,825.0,0
80206,45.96,13.94,81.17,97.0,0
78913,58.91,10.13,86.44,201.0,0
97181,84.39,7.19,52.17,4.0,1
45787,36.53,15.67,86.91,479.0,0
4379,55.29,10.26,56.2,796.0,0
482,87.55,6.15,100.0,846.0,0
24735,76.56,11.42,86.33,597.0,0
68735,32.84,9.02,76.72,337.0,0
41817,56.91,15.37,82.67,488.0,0
69247,59.59,6.6,76.69,201.0,0
92913,35.69,9.53,46.61,0.0,1
8167,46.09,13.53,80.28,1005.0,0
48385,70.55,13.35,74.5,473.0,0
27892,61.48,13.08,24.81,578.0,0
33504,61.01,5.33,69.34,691.0,0
36171,61.95,7.27,59.36,645.0,0
15861,55.48,-1.5,67.71,841.0,0
4576,64.73,15.46,80.09,894.0,0
44197,68.65,13.27,59.5,533.0,0
10872,50.39,7.04,71.75,735.0,0
17612,66.4,14.19,72.98,764.0,0
68326,64.29,8.24,38.52,233.0,0
35411,84.46,16.95,100.0,590.0,0
4183,68.76,6.7,100.0,903.0,0
274,47.95,9.05,98.15,1029.0,0
94497,50.86,8.63,70.1,33.0,0
99690,51.12,3.57,90.88,0.0,1
15510,75.86,6.76,76.21,891.0,0
31440,64.27,5.28,61.91,698.0,0
13520,62.82,15.48,65.88,756.0,0
41100,26.36,10.53,77.24,584.0,0
87898,51.81,10.21,100.0,0.0,1
67267,45.68,6.99,69.38,318.0,0
49413,80.44,12.27,73.51,410.0,0
52628,54.0,-1.56,66.1,489.0,0
51371,87.88,10.19,72.03,506.0,0
64911,62.19,6.38,82.4,328.0,0
39169,49.27,8.14,57.51,575.0,0
32587,88.62,8.99,60.54,652.0,0
41478,62.55,18.46,100.0,433.0,0
32403,64.48,18.05,48.85,563.0,0
39476,64.63,10.04,68.95,488.0,0
37816,46.52,11.21,60.69,604.0,0
98080,64.43,10.41,40.99,0.0,1
91423,45.72,5.67,55.32,96.0,0
34612,48.25,5.97,95.18,624.0,0
84459,97.21,8.63,64.1,124.0,0
25131,52.17,6.68,88.0,659.0,0
70552,58.7,4.95,79.56,304.0,0
37963,47.95,17.63,83.25,566.0,0
40442,62.07,10.33,72.05,477.0,0
42202,49.81,5.48,40.04,480.0,0
57998,74.91,2.77,61.19,279.0,0
38683,78.22,8.59,95.62,527.0,0
15501,57.5,15.03,78.8,742.0,0
99390,68.06,15.5,82.38,0.0,1
35530,43.04,7.4,66.59,643.0,0
762,62.43,18.39,50.63,943.0,0
76080,52.81,15.99,53.01,224.0,0
12240,64.93,10.13,34.17,814.0,0
50652,38.65,7.34,63.94,501.0,0
66129,76.87,8.14,50.01,383.0,0
40822,69.43,6.02,70.08,494.0,0
16464,66.59,14.44,46.16,865.0,0
15060,85.85,18.6,48.33,795.0,0
60000,50.24,15.76,71.31,310.0,0
56417,47.01,12.34,50.01,369.0,0
18441,69.08,10.42,85.48,757.0,0
51046,73.75,6.3,79.03,513.0,0
66580,83.63,7.04,41.11,258.0,0
50926,63.97,10.05,53.88,417.0,0
23829,43.64,3.31,77.15,724.0,0
7015,72.64,4.2,44.87,876.0,0
87277,54.79,8.29,48.47,34.0,0
16868,65.04,9.78,57.87,747.0,0
85418,44.95,1.33,100.0,83.0,0
37132,28.94,8.98,68.62,547.0,0
52503,96.42,16.67,95.08,372.0,0
35261,23.7,1.77,79.27,554.0,0
80956,70.47,14.31,57.17,152.0,0
82954,57.91,8.68,61.21,191.0,0
52540,51.39,13.21,62.14,322.0,0
83446,50.74,12.32,56.66,111.0,0
46182,63.81,12.0,79.89,617.0,0
52830,90.21,1.84,75.52,420.0,0
37208,57.19,9.92,68.24,552.0,0
55582,59.14,12.61,46.87,319.0,0
63353,94.86,3.71,60.53,379.0,0
79113,56.8,12.87,93.59,42.0,0
2544,62.14,5.04,46.96,883.0,0
85068,30.17,0.99,95.35,125.0,0
35292,68.56,16.36,84.62,572.0,0
6952,78.59,19.17,45.83,872.0,0
39583,53.17,12.49,75.28,575.0,0
37863,65.36,17.32,61.15,546.0,0
15481,73.97,9.22,53.08,728.0,0
66803,103.11,2.09,80.31,231.0,0
28977,89.35,14.85,21.91,628.0,0
52366,65.8,3.39,77.28,467.0,0
80440,51.4,4.45,61.61,79.0,0
76041,54.77,6.56,52.85,190.0,0
81369,57.38,5.68,69.21,117.0,0
44836,56.92,17.34,86.01,387.0,0
51218,57.16,11.08,95.07,562.0,0
8992,60.68,15.53,54.75,775.0,0
59462,52.08,7.98,92.72,296.0,0
52319,45.6,17.63,51.79,326.0,0
18696,79.89,13.77,75.5,728.0,0
36361,54.88,8.35,57.81,584.0,0
37247,74.33,13.39,63.36,548.0,0
42035,64.69,9.82,61.24,428.0,0
88083,63.65,11.94,74.63,28.0,0
56264,86.66,16.54,78.57,433.0,0
87927,57.48,8.12,84.09,18.0,0
1986,46.74,7.88,81.68,1013.0,0
69998,55.47,18.39,93.58,274.0,0
47314,69.64,18.12,58.28,499.0,0
35217,67.28,9.81,97.49,609.0,0
31421,91.66,9.9,52.3,693.0,0
87919,58.86,11.11,33.65,66.0,0
99218,58.36,19.5,70.39,0.0,1
30480,79.18,8.62,63.21,582.0,0
51626,36.15,7.64,80.28,390.0,0
85663,30.83,3.38,63.42,81.0,0
62734,61.43,10.98,92.96,322.0,0
30683,71.7,5.34,59.63,652.0,0
86446,45.35,8.55,90.14,141.0,0
48442,29.98,4.16,39.36,521.0,0
36213,73.33,8.22,80.35,612.0,0
89998,81.73,13.51,76.42,0.0,1
85081,49.62,8.07,53.51,150.0,0
26533,71.2,12.5,69.97,667.0,0
97551,66.77,9.91,72.14,0.0,1
90500,66.67,18.99,71.99,51.0,0
66514,68.56,7.15,43.44,215.0,0
20523,95.36,8.47,58.04,782.0,0
86512,66.73,17.49,50.39,6.0,1
17069,51.38,11.41,84.46,760.0,0
41238,86.31,7.21,88.49,588.0,0
16607,52.39,0.68,36.98,851.0,0
87370,59.78,7.37,61.78,30.0,0
65611,41.46,8.48,75.86,367.0,0
19214,78.77,7.3,88.7,670.0,0
96519,53.9,10.94,80.37,39.0,0
81721,64.34,10.59,65.43,84.0,0
61552,97.67,5.2,62.77,250.0,0
16208,39.47,12.07,75.83,771.0,0
40115,52.77,1.84,75.04,542.0,0
60061,95.46,6.18,100.0,350.0,0
88876,80.98,5.97,94.17,67.0,0
51773,48.39,10.65,57.97,467.0,0
23377,58.36,13.18,58.78,695.0,0
35017,59.51,7.7,34.94,652.0,0
23144,33.51,14.31,100.0,734.0,0
28356,64.04,16.41,56.75,581.0,0
88296,87.59,10.83,96.69,51.0,0
21560,73.13,4.62,42.33,698.0,0
55394,68.6,14.62,56.93,392.0,0
86412,50.08,11.43,77.62,71.0,0
95466,66.83,7.76,71.64,0.0,1
63323,64.42,9.34,50.61,359.0,0
28595,65.04,8.89,88.41,635.0,0
1196,47.38,9.88,47.49,830.0,0
43909,88.46,16.25,75.77,370.0,0
48808,34.71,2.85,85.11,436.0,0
23325,42.97,15.73,78.99,738.0,0
45660,58.32,8.14,67.32,552.0,0
32144,95.88,6.33,73.4,637.0,0
86708,42.03,14.14,92.94,120.0,0
84627,64.38,3.12,89.85,134.0,0
74252,63.2,15.52,50.63,190.0,0
21824,41.96,13.27,55.1,766.0,0
62842,72.01,2.77,52.62,319.0,0
46373,36.09,19.94,62.98,467.0,0
98445,69.08,7.45,77.1,0.0,1
85366,41.34,15.63,56.13,76.0,0
96978,58.64,9.86,65.58,0.0,1
23990,64.11,12.5,91.38,639.0,0
39149,59.22,10.98,77.26,586.0,0
69906,84.0,20.24,64.66,194.0,0
720,60.97,20.58,71.56,887.0,0
38597,73.68,11.67,86.48,615.0,0
21048,67.4,10.22,39.63,729.0,0
3748,53.59,12.04,100.0,886.0,0
50526,48.27,2.52,93.0,485.0,0
22783,80.28,1.42,68.69,620.0,0
13747,66.73,7.7,84.4,727.0,0
89240,53.88,12.52,73.94,67.0,0
49621,84.32,10.84,62.83,483.0,0
88778,48.12,7.52,79.85,109.0,0
17933,57.26,15.75,61.34,818.0,0
81852,57.86,10.21,53.32,122.0,0
36945,48.92,18.62,100.0,628.0,0
21454,66.33,6.27,79.35,797.0,0
45637,55.22,8.84,58.98,468.0,0
83874,43.57,12.3,96.71,104.0,0
46382,59.02,8.21,97.67,494.0,0
56455,39.69,14.99,62.2,383.0,0
35457,66.56,15.69,54.81,727.0,0
95381,64.92,15.93,88.11,0.0,1
69469,33.53,1.53,52.81,241.0,0
47939,34.04,12.24,65.51,535.0,0
18874,42.62,17.96,91.39,797.0,0
69741,42.21,4.16,89.58,316.0,0
34972,56.99,16.52,85.8,625.0,0
32609,55.06,22.69,69.7,553.0,0
86541,62.54,8.85,91.54,57.0,0
67134,53.88,8.12,68.68,203.0,0
28263,70.52,13.15,37.33,676.0,0
83399,70.26,12.43,49.5,2.0,1
44271,49.2,6.24,90.29,561.0,0
52207,84.42,15.26,52.86,456.0,0
82176,54.7,9.79,63.45,65.0,0
79459,43.0,7.33,56.68,278.0,0
46890,77.35,7.76,60.06,429.0,0
6643,50.46,13.32,47.87,947.0,0
89585,81.09,14.64,62.46,83.0,0
63892,66.9,11.32,49.06,343.0,0
99176,88.02,-0.71,20.3,50.0,0
24110,71.52,17.88,75.89,652.0,0
53114,47.53,10.33,37.79,482.0,0
13505,40.1,12.76,61.4,855.0,0
6447,34.07,12.26,74.68,943.0,0
1178,44.06,1.64,66.39,919.0,0
58034,35.27,6.05,57.78,358.0,0
15434,75.69,13.3,84.16,784.0,0
83030,56.29,19.2,93.9,173.0,0
1126,45.89,17.42,71.0,831.0,0
609,52.31,19.36,100.0,952.0,0
21212,73.75,7.42,87.24,680.0,0
34819,57.12,13.72,84.3,493.0,0
34286,67.41,14.11,67.32,618.0,0
12730,37.62,9.07,85.71,768.0,0
58133,47.45,3.0,28.83,415.0,0
68811,62.77,10.6,41.61,203.0,0
45888,66.2,9.04,76.84,481.0,0
47878,57.85,9.87,84.62,394.0,0
69353,62.42,0.54,62.86,177.0,0
39316,59.26,13.01,97.7,550.0,0
45593,71.77,10.71,95.07,410.0,0
18595,62.94,6.79,95.37,798.0,0
28629,54.99,11.18,43.52,703.0,0
67021,54.38,-1.04,63.53,315.0,0
629,73.86,10.56,69.32,1057.0,0
31933,61.78,12.02,85.22,593.0,0
39,43.3,9.52,82.44,1034.0,0
94977,48.8,15.31,93.83,0.0,1
18267,55.5,1.88,100.0,780.0,0
99681,43.04,0.85,25.46,70.0,0
63995,71.26,11.48,57.81,297.0,0
67751,40.61,7.98,100.0,324.0,0
72549,30.02,4.57,67.85,167.0,0
93910,55.04,6.2,95.11,0.0,1
11983,68.19,7.45,80.06,758.0,0
19901,80.09,12.62,82.08,782.0,0
67291,43.58,13.26,62.13,246.0,0
91546,108.75,14.98,72.25,0.0,1
79076,53.88,12.37,78.39,171.0,0
78281,51.82,7.8,57.28,229.0,0
79175,66.25,16.69,62.63,19.0,0
5127,68.08,15.46,87.34,1002.0,0
33641,51.57,8.63,82.78,568.0,0
37456,48.72,9.78,70.89,525.0,0
8639,26.6,23.44,45.86,802.0,0
16330,54.65,6.78,89.72,759.0,0
58165,71.43,12.65,59.22,418.0,0
48881,58.64,17.27,74.22,375.0,0
46195,46.47,8.52,92.83,518.0,0
3525,32.2,18.13,76.97,830.0,0
66669,69.76,9.09,63.01,371.0,0
10330,66.9,12.2,67.52,901.0,0
14814,67.67,16.16,75.8,825.0,0
92768,55.29,14.83,96.44,32.0,0
46304,79.13,-2.53,65.13,479.0,0
90937,54.32,2.19,71.49,46.0,0
20542,69.01,4.75,89.48,748.0,0
98119,73.33,6.85,62.32,0.0,1
26315,67.01,18.1,80.68,590.0,0
55782,62.7,6.43,57.08,333.0,0
25289,79.83,0.81,56.13,700.0,0
33679,74.53,2.61,92.15,667.0,0
34730,63.46,1.36,65.3,603.0,0
72512,70.39,1.51,60.7,195.0,0
16608,71.64,7.35,82.96,760.0,0
97270,76.09,1.19,100.0,0.0,1
81374,89.48,3.7,64.04,141.0,0
56483,81.32,7.81,66.21,323.0,0
74767,63.42,9.84,49.47,190.0,0
97765,46.02,10.1,94.49,29.0,0
59893,69.75,4.66,38.28,389.0,0
3128,76.94,18.79,65.73,879.0,0
34213,53.39,12.68,85.6,601.0,0
74470,83.7,13.36,60.31,246.0,0
27796,70.02,7.93,77.97,638.0,0
68234,68.38,18.09,78.12,260.0,0
89186,60.84,14.34,55.81,0.0,1
46374,58.1,5.9,73.11,494.0,0
89282,63.87,21.32,59.32,0.0,1
71356,56.77,18.29,76.0,227.0,0
17880,39.55,9.4,40.72,728.0,0
210,85.7,9.33,96.61,960.0,0
20864,92.22,4.48,73.7,690.0,0
21252,71.51,11.03,66.68,732.0,0
80604,66.53,2.9,39.41,119.0,0
59854,67.46,12.1,71.22,348.0,0
68811,61.69,21.63,51.88,208.0,0
29020,66.39,4.26,87.93,719.0,0
82768,72.24,14.59,42.0,45.0,0
91465,91.79,3.58,83.9,0.0,1
60554,87.59,8.16,59.15,358.0,0
60165,62.99,17.48,63.21,250.0,0
77257,40.8,14.95,82.93,219.0,0
81456,56.99,13.56,100.0,65.0,0
61013,43.69,11.59,77.72,323.0,0
59130,57.46,7.9,42.51,343.0,0
30230,86.47,14.19,100.0,633.0,0
28369,61.54,10.81,96.51,669.0,0
58007,42.75,6.02,93.75,358.0,0
5920,48.12,6.48,92.35,884.0,0
18417,55.25,18.07,76.77,781.0,0
63168,70.27,10.83,59.01,353.0,0
25473,54.34,13.35,28.36,763.0,0
94713,49.39,3.27,38.81,0.0,1
6704,66.31,11.98,91.12,863.0,0
6729,89.86,21.38,69.5,875.0,0
83567,60.74,13.66,68.62,95.0,0
57101,78.15,7.85,67.42,371.0,0
57681,36.24,10.75,34.71,428.0,0
35615,68.51,5.18,67.64,598.0,0
66811,56.3,11.14,53.29,347.0,0
24315,53.02,9.93,76.45,766.0,0
21069,53.99,17.62,51.56,774.0,0
37969,65.65,17.66,46.61,584.0,0
82407,83.78,6.95,100.0,174.0,0
80066,60.06,11.76,94.35,183.0,0
35327,82.98,6.98,72.05,505.0,0
89893,76.23,11.7,33.95,10.0,0
12116,44.02,11.15,77.37,847.0,0
93261,72.21,8.47,59.9,62.0,0
84326,37.96,4.58,29.89,114.0,0
45266,50.17,5.49,76.65,489.0,0
82689,53.27,8.84,45.14,154.0,0
88181,45.09,8.6,60.04,23.0,0
73638,86.18,18.74,100.0,175.0,0
29072,78.01,15.19,83.42,727.0,0
21554,41.23,10.84,50.45,747.0,0
18032,65.15,17.15,91.46,821.0,0
83600,59.01,8.39,80.15,105.0,0
3680,68.07,7.19,89.19,1069.0,0
81378,69.09,14.16,55.69,70.0,0
45986,55.09,7.75,92.88,416.0,0
83553,80.5,11.62,85.28,51.0,0
83153,64.6,2.45,83.15,163.0,0
6172,36.64,7.11,87.74,889.0,0
56771,39.63,15.01,72.14,421.0,0
93274,64.78,6.35,82.52,0.0,1
58753,78.67,10.37,100.0,356.0,0
11825,55.55,5.07,42.42,757.0,0
905,43.07,1.7,64.11,1042.0,0
68769,66.78,9.44,87.35,248.0,0
12561,62.65,4.96,61.94,843.0,0
18220,64.19,11.35,86.37,844.0,0
95814,36.99,1.23,64.65,79.0,0
7979,55.37,11.24,41.49,882.0,0
7989,45.32,12.73,80.19,853.0,0
77294,33.54,3.83,60.89,226.0,0
6814,54.88,3.51,69.1,845.0,0
53734,38.53,17.64,100.0,321.0,0
64476,55.91,4.19,52.55,347.0,0
36435,97.1,2.47,64.53,598.0,0
27242,74.21,14.17,64.83,734.0,0
67227,50.39,14.34,36.41,222.0,0
2897,37.45,11.88,42.46,895.0,0
37590,87.42,12.29,76.97,544.0,0
66926,48.44,12.78,72.83,289.0,0
56032,76.54,13.65,79.61,445.0,0
25855,57.6,10.66,69.54,705.0,0
48748,70.87,13.92,73.32,389.0,0
46230,82.19,18.15,87.41,419.0,0
64329,55.32,-1.52,67.3,324.0,0
42699,58.48,2.35,45.05,540.0,0
92322,78.09,16.47,58.89,0.0,1
49027,72.83,11.47,80.95,421.0,0
76358,46.4,17.29,80.91,268.0,0
55259,60.84,9.12,37.95,338.0,0
31010,28.83,10.36,52.13,791.0,0
28212,34.57,6.35,29.3,709.0,0
44801,41.93,18.31,54.72,522.0,0
53639,65.95,20.69,64.74,295.0,0
44153,75.55,3.8,78.78,562.0,0
83237,49.14,8.69,96.48,148.0,0
27358,47.2,19.21,45.66,694.0,0
36419,47.27,4.06,88.12,556.0,0
44689,75.55,-1.39,79.71,505.0,0
99333,53.45,13.89,43.95,0.0,1
53284,49.93,9.14,93.22,421.0,0
75163,74.69,11.44,91.67,277.0,0
29104,56.14,4.48,73.43,691.0,0
53366,47.15,14.62,100.0,386.0,0
33385,45.19,18.39,90.48,587.0,0
69239,50.68,4.29,73.44,269.0,0
43746,42.25,14.06,81.43,507.0,0
4658,56.17,15.28,75.57,928.0,0
31295,51.16,10.45,47.17,632.0,0
33417,58.98,0.26,59.0,639.0,0
57924,58.06,10.84,56.26,354.0,0
78124,39.14,2.53,72.26,176.0,0
27348,73.33,6.39,26.93,662.0,0
92857,39.44,1.01,39.52,70.0,0
12599,37.93,15.74,84.91,857.0,0
49013,55.99,3.52,68.57,484.0,0
44198,47.35,5.22,80.95,546.0,0
4546,70.16,6.01,81.6,859.0,0
36354,56.93,5.0,100.0,673.0,0
92108,51.63,15.96,99.49,90.0,0
18033,82.31,9.14,76.1,658.0,0
3490,43.07,10.44,79.55,927.0,0
93514,54.79,15.96,67.99,13.0,0
77307,54.1,12.49,65.65,124.0,0
45741,53.25,12.83,83.47,528.0,0
24821,74.96,12.62,49.82,651.0,0
46123,60.01,8.93,66.46,504.0,0
97061,36.34,0.33,54.55,0.0,1
74954,48.29,10.08,79.79,200.0,0
55442,57.03,8.62,34.32,422.0,0
4826,48.13,5.42,40.34,919.0,0
86755,42.42,8.28,50.67,177.0,0
93994,70.58,10.52,83.04,0.0,1
37503,83.48,9.67,100.0,619.0,0
38861,60.98,4.82,51.25,558.0,0
84547,54.27,10.2,79.79,87.0,0
62750,69.25,11.34,63.55,310.0,0
57465,47.04,9.43,31.03,314.0,0
3318,60.1,4.25,76.23,821.0,0
61331,75.93,13.66,66.45,293.0,0
67157,80.43,8.13,61.06,262.0,0
63524,44.53,12.79,88.15,249.0,0
64656,69.28,9.26,54.57,367.0,0
47490,70.5,13.3,95.76,584.0,0
82185,69.27,20.41,89.19,75.0,0
98883,66.41,13.01,55.27,11.0,0
49010,66.42,8.43,82.13,432.0,0
69692,51.64,3.13,75.58,246.0,0
90470,17.55,12.19,100.0,114.0,0
37879,81.35,8.15,58.8,578.0,0
23098,94.95,7.08,72.14,688.0,0
79070,72.08,22.72,58.16,161.0,0
24143,66.35,6.75,36.21,648.0,0
37960,74.93,2.17,60.59,539.0,0
68147,40.37,6.1,62.08,337.0,0
31711,54.73,16.37,79.99,601.0,0
35324,56.77,13.36,89.89,559.0,0
2198,62.41,4.71,83.9,962.0,0
35893,71.81,7.54,86.39,639.0,0
51301,81.73,10.87,61.19,384.0,0
80614,47.67,9.84,78.03,88.0,0
36000,56.64,16.45,41.38,577.0,0
15916,58.98,8.2,93.0,806.0,0
95433,92.21,9.29,100.0,17.0,0
6326,93.26,8.48,51.56,930.0,0
47570,72.16,9.08,92.13,485.0,0
77243,50.17,19.15,63.22,206.0,0
1590,35.27,8.17,58.31,885.0,0
91991,54.56,12.61,64.6,38.0,0
47853,51.61,7.46,50.86,468.0,0
66234,69.73,14.57,79.39,327.0,0
59272,54.4,8.36,53.45,362.0,0
40172,71.8,10.75,66.57,520.0,0
38628,74.69,7.72,62.8,574.0,0
49846,63.12,11.5,71.12,461.0,0
98505,59.58,7.94,78.89,0.0,1
15944,52.75,6.84,40.92,722.0,0
53381,43.98,13.65,91.17,457.0,0
22997,66.4,5.47,88.26,736.0,0
14697,48.75,3.57,70.21,770.0,0
25204,53.37,18.28,46.94,687.0,0
11327,83.91,12.35,73.07,759.0,0
82251,56.69,6.71,82.23,112.0,0
35535,77.79,2.58,45.78,576.0,0
45373,75.21,6.62,78.72,474.0,0
13375,54.55,12.17,81.16,810.0,0
41799,45.73,7.09,71.64,526.0,0
52472,51.21,13.75,46.44,456.0,0
62444,70.9,9.9,47.95,286.0,0
56553,44.69,12.27,78.35,471.0,0
25054,76.83,14.82,46.32,662.0,0
27887,51.67,18.06,93.49,745.0,0
84501,72.22,10.25,69.71,28.0,0
19950,53.14,3.88,95.94,661.0,0
71194,66.53,1.03,74.57,293.0,0
70328,55.56,15.14,70.63,213.0,0
29138,62.66,7.01,33.88,706.0,0
17525,69.13,11.2,79.84,798.0,0
8251,49.4,10.88,79.26,793.0,0
88867,76.7,5.03,73.23,114.0,0
9291,46.75,3.37,17.5,911.0,0
57165,44.12,17.88,42.8,361.0,0
58230,76.47,9.78,56.26,358.0,0
72343,71.58,1.24,62.1,227.0,0
26008,84.53,9.07,25.18,641.0,0
10319,61.55,7.85,63.86,755.0,0
15572,74.44,8.85,83.45,859.0,0
15060,67.92,9.43,80.48,673.0,0
57339,38.39,11.09,71.1,429.0,0
53113,74.51,10.26,57.39,506.0,0
37627,52.87,10.1,78.55,512.0,0
57223,51.25,9.51,73.74,398.0,0
66198,60.9,10.43,84.64,314.0,0
92317,56.71,8.13,45.46,15.0,0
70233,70.41,16.11,63.73,248.0,0
83070,86.21,17.83,54.59,149.0,0
83517,58.74,2.24,42.54,79.0,0
69395,64.89,7.89,56.12,280.0,0
77663,36.25,7.3,63.2,190.0,0
91324,50.09,10.93,88.75,0.0,1
85037,46.41,4.88,61.71,193.0,0
92111,47.65,3.61,92.29,129.0,0
34343,49.45,10.64,77.25,605.0,0
62086,71.94,15.34,76.97,305.0,0
79410,67.18,11.1,68.63,124.0,0
63130,50.4,6.64,72.7,322.0,0
5531,70.26,13.41,52.11,939.0,0
91050,40.39,10.39,42.98,42.0,0
63058,64.18,12.03,100.0,310.0,0
22897,32.16,15.68,74.88,728.0,0
79464,98.28,10.57,69.31,132.0,0
28404,48.15,10.93,68.38,679.0,0
51238,55.4,7.96,88.1,546.0,0
39261,80.64,3.33,91.19,532.0,0
55905,67.31,20.2,73.91,384.0,0
48410,58.88,23.57,82.43,490.0,0
55365,66.58,8.29,60.75,471.0,0
56824,64.27,7.37,79.32,377.0,0
12863,57.53,4.82,42.63,748.0,0
28269,39.66,20.76,55.65,653.0,0
51269,87.85,3.83,83.78,415.0,0
78804,49.52,10.82,62.32,165.0,0
48949,42.78,24.05,88.47,406.0,0
29124,52.36,10.56,56.21,698.0,0
53496,87.19,1.12,86.08,434.0,0
91917,42.56,15.29,95.68,74.0,0
60482,85.44,13.53,85.91,201.0,0
90854,78.83,2.94,88.6,115.0,0
36394,67.36,10.27,78.9,558.0,0
21909,47.78,9.91,17.03,604.0,0
57480,54.91,9.73,75.14,345.0,0
18277,55.96,12.28,65.8,791.0,0
54891,57.06,14.03,75.78,356.0,0
83956,75.29,9.22,69.03,73.0,0
58633,62.34,11.73,100.0,387.0,0
1908,54.99,5.33,76.87,917.0,0
87251,77.31,19.44,72.14,50.0,0
69212,48.01,13.69,58.38,279.0,0
69743,51.3,6.76,71.43,202.0,0
68206,81.06,4.01,52.56,202.0,0
33410,79.13,11.04,46.49,587.0,0
60653,81.51,14.48,92.22,341.0,0
35844,48.06,8.99,38.74,599.0,0
97494,53.94,13.11,57.53,19.0,0
88762,64.45,9.56,100.0,21.0,0
58421,74.42,2.72,45.08,383.0,0
82407,90.65,10.04,43.45,101.0,0
5969,66.77,1.24,79.07,853.0,0
55016,46.99,12.68,59.48,365.0,0
83064,71.1,14.02,81.97,0.0,1
39303,90.45,7.89,86.43,624.0,0
76135,51.25,-0.75,68.73,202.0,0
28360,60.13,17.08,32.11,645.0,0
6549,76.97,12.03,99.65,893.0,0
60159,43.6,7.33,63.73,402.0,0
55423,55.5,11.92,73.62,287.0,0
78574,56.22,-0.34,33.88,148.0,0
47156,69.66,12.37,66.91,414.0,0
36799,53.83,10.84,89.68,594.0,0
67025,60.3,4.46,59.74,347.0,0
30372,38.4,4.78,67.1,685.0,0
6313,14.1,10.66,35.27,871.0,0
80037,54.17,10.73,100.0,111.0,0
28547,75.17,7.88,51.54,656.0,0
9848,48.04,7.27,42.55,875.0,0
68961,54.35,-2.11,39.81,182.0,0
99855,59.23,10.2,75.17,0.0,1
41553,47.94,12.58,66.07,548.0,0
25134,46.77,11.15,43.55,724.0,0
23944,53.54,12.69,38.81,712.0,0
43171,51.88,13.04,78.31,641.0,0
38747,41.41,15.25,67.5,556.0,0
79369,57.75,11.55,57.06,150.0,0
89927,67.98,6.59,73.86,0.0,1
16997,37.58,15.99,56.47,774.0,0
29437,60.92,20.62,80.15,624.0,0
58990,48.19,17.36,84.7,375.0,0
60999,67.84,15.05,57.09,308.0,0
86421,57.12,4.05,61.92,152.0,0
89767,57.72,6.54,86.03,46.0,0
41695,61.64,21.11,61.44,591.0,0
35467,53.91,5.63,92.76,636.0,0
98845,60.69,21.82,75.38,0.0,1
37672,67.53,5.83,76.39,583.0,0
58129,48.54,12.42,62.49,379.0,0
59424,72.62,20.16,51.48,379.0,0
95732,82.98,18.3,70.55,0.0,1
86905,55.64,15.31,55.64,113.0,0
64026,35.14,13.75,94.73,301.0,0
41004,60.55,8.82,60.79,556.0,0
38462,40.5,5.99,69.05,597.0,0
43868,44.5,18.34,56.4,491.0,0
10874,51.58,-0.2,66.61,835.0,0
82860,82.63,12.92,87.36,78.0,0
1176,49.31,7.4,86.1,1000.0,0
30611,60.68,10.45,62.64,727.0,0
95213,54.1,15.24,72.19,0.0,1
67192,40.05,10.1,78.76,349.0,0
27827,56.13,8.16,30.5,614.0,0
69740,57.49,5.79,74.44,215.0,0
19353,63.99,9.53,78.83,774.0,0
41767,60.44,9.18,70.45,463.0,0
11047,83.2,14.59,90.33,828.0,0
46387,79.35,-0.59,75.66,352.0,0
29505,32.68,6.63,73.87,676.0,0
26862,50.43,7.0,70.26,745.0,0
94312,87.57,16.45,48.57,20.0,0
21471,52.98,10.91,77.61,809.0,0
93554,55.39,17.5,90.63,4.0,1
99406,53.78,12.01,44.57,0.0,1
60919,54.06,18.86,75.06,342.0,0
24802,76.77,3.88,39.76,712.0,0
17993,89.35,14.14,53.22,711.0,0
19342,69.47,15.13,78.07,632.0,0
32666,83.24,3.12,99.5,607.0,0
42991,34.53,21.21,60.66,557.0,0
45706,60.85,0.63,80.14,542.0,0
24342,50.18,11.25,76.78,871.0,0
97585,71.92,6.22,98.08,0.0,1
75111,56.98,8.01,98.7,229.0,0
79819,60.28,11.39,88.75,106.0,0
34634,67.18,11.51,80.65,595.0,0
64939,56.01,20.75,64.47,252.0,0
92543,61.2,13.6,58.34,0.0,1
92533,38.68,13.91,77.55,79.0,0
65318,75.47,10.73,50.74,324.0,0
1551,81.21,11.54,67.67,845.0,0
43500,36.11,10.37,53.53,588.0,0
54251,44.14,14.6,82.33,434.0,0
4393,50.42,13.36,92.73,909.0,0
75712,33.32,16.03,39.12,189.0,0
22010,60.84,1.1,64.61,721.0,0
63307,46.89,10.41,62.04,357.0,0
73501,50.37,4.5,98.53,230.0,0
44397,81.43,9.89,72.16,565.0,0
67859,69.42,7.65,74.19,349.0,0
47228,80.37,1.31,65.35,527.0,0
74475,51.11,11.92,84.32,235.0,0
84707,109.36,18.11,20.24,49.0,0
4553,61.08,4.91,76.47,914.0,0
12467,57.1,12.07,51.91,688.0,0
35614,59.32,6.1,64.09,567.0,0
18118,61.59,-3.29,42.41,739.0,0
3032,84.24,7.19,66.18,949.0,0
29434,76.37,5.56,50.75,642.0,0
83476,45.9,15.61,46.09,153.0,0
51915,67.78,13.51,72.35,362.0,0
78418,62.78,8.49,66.65,121.0,0
52009,90.22,11.44,85.6,395.0,0
37094,50.57,10.11,57.21,598.0,0
49608,38.57,5.47,79.95,500.0,0
3197,100.61,12.11,64.04,944.0,0
5217,83.02,16.62,67.15,889.0,0
9047,70.28,17.02,56.08,768.0,0
81817,83.06,15.82,58.38,131.0,0
47726,62.67,1.35,87.98,440.0,0
24678,41.22,16.75,63.72,710.0,0
30623,85.63,6.54,65.33,630.0,0
85764,84.26,9.89,91.78,47.0,0
73708,69.95,5.07,19.8,269.0,0
95658,52.76,11.06,53.93,19.0,0
94007,42.79,5.43,100.0,27.0,0
89242,87.76,0.9,59.31,64.0,0
24537,45.24,2.96,100.0,739.0,0
33283,44.51,18.08,72.54,642.0,0
39623,62.88,-3.22,71.97,587.0,0
89852,80.74,8.11,68.86,90.0,0
71025,90.68,9.73,56.41,276.0,0
15316,59.66,8.24,76.41,852.0,0
36092,35.73,9.31,33.32,559.0,0
30611,31.2,8.97,84.21,640.0,0
42260,70.23,-0.03,69.23,459.0,0
29062,60.98,9.26,72.58,714.0,0
28756,27.66,6.22,72.44,719.0,0
38816,65.01,0.24,20.56,588.0,0
83866,58.95,4.09,98.28,156.0,0
53854,58.85,12.23,81.45,330.0,0
82830,68.47,16.0,82.1,89.0,0
55890,80.48,3.45,56.47,482.0,0
72874,78.25,13.57,100.0,205.0,0
82276,49.7,9.2,55.89,186.0,0
51319,73.25,15.05,64.75,464.0,0
29046,80.38,5.22,72.11,649.0,0
9675,39.44,3.17,87.79,881.0,0
60208,42.48,6.36,84.01,336.0,0
88484,70.9,17.77,77.16,0.0,1
63142,56.98,11.75,60.2,419.0,0
72124,68.71,8.51,87.16,194.0,0
2370,68.26,10.24,60.42,852.0,0
1418,76.19,5.87,32.78,994.0,0
94645,73.11,8.13,85.89,18.0,0
57646,67.46,25.26,100.0,331.0,0
52001,29.29,18.54,84.0,365.0,0
87738,77.16,4.15,69.97,63.0,0
72826,52.52,17.84,72.71,168.0,0
90431,48.49,7.6,79.97,87.0,0
85470,75.7,8.86,37.79,49.0,0
72015,89.53,7.71,76.12,238.0,0
15406,42.27,2.06,74.82,865.0,0
73945,68.27,15.61,68.48,212.0,0
5002,45.2,6.55,52.09,800.0,0
83103,52.66,2.71,70.7,126.0,0
852,49.61,6.74,57.09,951.0,0
27092,71.03,2.68,61.2,756.0,0
73013,31.17,11.83,60.9,247.0,0
85759,76.58,27.99,66.7,0.0,1
55552,75.47,11.2,48.75,346.0,0
14740,48.92,4.17,77.73,862.0,0
25733,68.63,16.03,88.53,647.0,0
30779,32.01,15.7,70.67,584.0,0
89741,49.56,11.41,58.47,120.0,0
12172,72.96,6.13,92.41,820.0,0
23567,57.47,11.4,85.86,695.0,0
3344,71.41,9.49,85.06,972.0,0
78481,88.35,10.46,84.84,167.0,0
62255,68.95,4.36,99.04,305.0,0
66432,53.2,14.18,0.5,252.0,0
98492,70.03,9.28,89.52,0.0,1
79841,81.03,9.63,67.15,110.0,0
49912,65.67,15.98,42.63,506.0,0
67078,51.03,-1.86,76.24,247.0,0
79511,58.33,6.67,76.6,153.0,0
34666,64.17,-3.59,65.47,753.0,0
45990,51.31,12.39,78.69,424.0,0
29354,56.77,8.91,49.63,677.0,0
49562,64.9,10.26,86.15,506.0,0
77409,66.51,5.01,51.04,164.0,0
98566,54.71,4.36,73.34,0.0,1
41106,53.74,16.9,80.93,635.0,0
35457,45.62,17.95,88.06,563.0,0
35116,51.47,1.02,80.03,552.0,0
64653,61.45,11.51,100.0,342.0,0
78578,65.42,10.61,83.14,167.0,0
3384,55.55,17.52,71.48,901.0,0
63361,75.93,19.31,65.27,258.0,0
97541,62.51,2.63,77.99,0.0,1
46166,91.84,8.15,70.6,482.0,0
55964,54.31,1.34,80.66,470.0,0
32600,56.65,10.29,78.61,643.0,0
97936,37.45,7.91,15.28,0.0,1
86903,67.2,17.79,74.53,29.0,0
24855,57.66,5.13,72.29,674.0,0
24523,68.51,13.83,77.3,676.0,0
80951,60.95,11.92,73.42,199.0,0
10293,42.56,11.45,58.29,826.0,0
63360,55.47,11.43,66.45,374.0,0
41081,42.11,16.87,88.83,550.0,0
94615,72.05,9.23,83.17,42.0,0
79328,58.19,3.75,72.83,255.0,0
89073,35.21,3.0,40.2,111.0,0
46129,37.64,18.5,84.23,573.0,0
22554,60.85,9.46,77.04,721.0,0
51666,60.83,8.75,70.88,455.0,0
99210,46.41,11.83,100.0,0.0,1
1812,66.91,4.09,46.3,944.0,0
75926,71.24,15.84,91.11,219.0,0
26,73.54,4.6,77.88,978.0,0
86100,45.15,10.39,76.16,93.0,0
10231,77.3,14.63,66.16,763.0,0
60769,73.49,4.96,48.81,380.0,0
78901,54.07,7.34,50.52,134.0,0
98851,40.08,13.07,67.67,0.0,1
22377,67.27,19.69,60.12,705.0,0
11764,47.89,10.91,49.94,848.0,0
25892,52.73,14.24,32.6,677.0,0
208,65.18,13.81,29.88,909.0,0
59115,38.34,3.68,66.31,416.0,0
64584,54.5,4.26,61.84,348.0,0
20263,94.46,3.01,100.0,759.0,0
77369,56.16,7.41,49.43,259.0,0
84298,38.21,14.62,62.43,121.0,0
91788,52.75,2.41,65.1,69.0,0
64038,60.4,0.79,59.43,395.0,0
64980,58.18,12.8,89.12,319.0,0
34491,34.01,12.35,69.21,518.0,0
56827,95.9,3.47,24.72,319.0,0
68039,53.43,9.74,65.95,334.0,0
71610,34.36,10.85,75.46,193.0,0
1950,64.91,11.14,92.84,992.0,0
24605,38.86,7.74,100.0,785.0,0
32334,55.65,8.96,78.2,593.0,0
61466,45.35,9.16,74.25,385.0,0
85283,48.86,6.05,75.9,56.0,0
48885,51.18,10.94,50.91,477.0,0
37005,76.94,15.16,83.17,593.0,0
6609,72.77,14.57,71.15,786.0,0
7426,45.66,11.99,48.66,860.0,0
41102,56.62,16.49,52.32,569.0,0
905,61.53,4.3,36.24,1016.0,0
83005,53.03,13.35,63.41,152.0,0
95802,68.89,12.27,100.0,0.0,1
85207,28.24,8.69,81.96,54.0,0
22794,61.58,7.66,71.64,688.0,0
35448,59.41,11.31,64.28,633.0,0
48228,61.99,12.74,73.01,424.0,0
11681,60.37,8.99,56.14,774.0,0
48998,72.38,8.41,66.42,393.0,0
42794,77.8,5.24,70.55,498.0,0
65129,54.07,14.3,100.0,328.0,0
86167,72.32,9.25,62.06,143.0,0
29813,61.97,11.93,94.15,675.0,0
19213,81.36,15.87,72.39,723.0,0
61071,42.79,8.72,71.51,362.0,0
49754,82.09,3.18,53.32,473.0,0
92666,55.76,12.55,62.18,35.0,0
37763,43.14,10.18,82.67,622.0,0
4462,66.39,16.79,70.87,885.0,0
960,52.47,8.14,57.3,974.0,0
81660,59.4,13.48,49.87,138.0,0
90620,84.51,4.45,88.71,58.0,0
62451,52.78,10.7,41.4,337.0,0
78775,38.06,20.83,79.16,156.0,0
7937,72.65,10.92,72.22,840.0,0
39512,51.98,15.62,26.91,712.0,0
67492,43.92,14.9,91.41,340.0,0
7563,79.58,5.72,27.52,870.0,0
66182,79.24,11.73,47.96,218.0,0
52167,43.58,6.75,58.17,454.0,0
18660,82.68,9.97,58.02,751.0,0
55848,58.84,15.95,45.8,334.0,0
82306,75.9,14.85,70.38,51.0,0
32689,44.31,10.0,81.88,655.0,0
19642,54.89,10.14,66.9,741.0,0
45926,50.24,4.77,51.6,505.0,0
1784,67.67,7.88,59.1,912.0,0
36826,53.1,5.67,75.1,583.0,0
62814,37.28,21.58,30.47,264.0,0
21686,46.72,8.17,100.0,737.0,0
73980,59.46,4.45,71.2,109.0,0
87935,88.41,14.64,83.08,33.0,0
16808,74.5,12.01,68.1,731.0,0
35701,40.41,9.02,58.2,661.0,0
54910,77.42,15.03,53.58,400.0,0
94882,78.19,11.22,65.48,20.0,0
53737,57.37,2.05,68.11,484.0,0
58046,65.53,2.22,50.17,396.0,0
59042,40.82,14.77,78.82,454.0,0
62207,62.35,15.85,58.96,340.0,0
74031,69.69,3.39,53.79,252.0,0
18077,41.91,8.63,98.53,768.0,0
74318,68.11,9.84,90.91,101.0,0
75524,70.02,16.57,57.08,160.0,0
6117,66.87,2.22,60.53,966.0,0
72955,62.09,14.89,44.82,186.0,0
22052,66.61,5.6,35.77,788.0,0
541,75.14,7.17,20.85,864.0,0
87867,33.12,8.93,63.92,49.0,0
40162,60.41,10.03,59.53,567.0,0
68902,88.11,1.1,31.57,363.0,0
70379,85.45,7.5,100.0,288.0,0
45584,81.26,12.71,78.56,460.0,0
28227,41.26,5.35,68.32,706.0,0
63461,84.74,9.16,99.58,277.0,0
46460,39.01,4.05,53.79,404.0,0
65467,73.99,9.27,65.79,259.0,0
78894,47.95,7.32,94.55,183.0,0
51710,61.24,16.96,52.35,359.0,0
95375,58.16,13.65,54.64,19.0,0
98798,50.09,3.44,75.74,51.0,0
40683,40.56,16.79,60.31,451.0,0
78649,62.29,3.0,87.27,178.0,0
99004,69.4,3.44,80.51,0.0,1
98995,24.33,8.02,46.19,0.0,1
48834,49.73,1.01,54.88,419.0,0
77924,52.53,14.13,84.71,119.0,0
72919,64.57,11.61,66.93,265.0,0
3939,31.91,7.94,73.8,927.0,0
83535,59.49,15.63,94.61,210.0,0
44927,54.35,11.48,60.59,475.0,0
46854,57.31,4.26,86.8,523.0,0
33927,82.0,12.73,55.99,565.0,0
17775,56.54,12.78,85.18,670.0,0
62049,61.25,11.52,88.96,259.0,0
98986,58.55,11.19,50.87,0.0,1
78984,75.05,11.42,39.37,151.0,0
96203,45.23,5.06,30.64,0.0,1
78712,59.24,8.99,64.11,196.0,0
38397,69.5,11.09,44.14,561.0,0
83165,64.64,23.17,88.97,115.0,0
55789,71.89,14.69,86.74,356.0,0
40998,63.54,12.87,76.52,595.0,0
19545,63.93,12.0,100.0,715.0,0
59899,52.49,3.11,74.88,414.0,0
35515,90.63,2.46,37.52,554.0,0
60149,62.21,10.21,53.51,396.0,0
16516,44.23,5.79,77.62,760.0,0
35613,36.25,4.36,78.92,652.0,0
61813,47.79,10.2,61.06,329.0,0
22204,56.68,9.85,99.66,769.0,0
69238,59.25,15.63,85.99,316.0,0
88036,65.25,-4.64,53.08,60.0,0
21074,58.25,12.31,35.72,685.0,0
46145,61.95,17.35,40.39,358.0,0
72208,78.97,6.4,45.95,216.0,0
65090,74.81,12.34,28.55,276.0,0
59743,46.15,12.32,50.43,409.0,0
51022,24.82,4.21,67.95,513.0,0
84743,46.59,14.25,71.86,145.0,0
65818,52.69,23.03,39.61,400.0,0
74384,63.03,9.6,58.47,168.0,0
52935,78.91,4.64,41.73,302.0,0
19875,56.18,17.51,75.91,760.0,0
96777,86.75,15.61,49.43,0.0,1
37967,55.87,4.28,69.48,545.0,0
22401,47.34,11.44,55.41,674.0,0
34772,54.23,15.44,100.0,606.0,0
19958,60.96,1.53,52.23,672.0,0
85508,52.0,6.06,72.74,61.0,0
18644,48.18,2.6,49.06,866.0,0
33469,64.55,2.42,73.22,601.0,0
12353,84.19,9.19,54.17,862.0,0
43815,61.33,18.73,87.86,547.0,0
27258,75.78,8.81,57.24,642.0,0
33125,56.69,5.52,83.38,657.0,0
73900,57.34,6.92,14.65,292.0,0
49339,83.28,1.57,74.73,440.0,0
93246,57.95,-1.25,48.89,89.0,0
86672,58.02,9.25,73.69,89.0,0
67424,91.69,3.75,81.82,216.0,0
36127,28.93,10.93,96.77,583.0,0
25028,67.05,14.81,79.29,742.0,0
46675,63.29,18.73,68.28,544.0,0
29905,78.47,12.01,100.0,612.0,0
79791,48.92,6.62,100.0,222.0,0
62279,54.02,7.59,88.17,323.0,0
79656,60.53,7.47,80.28,133.0,0
16058,61.51,12.22,67.81,799.0,0
83487,59.95,21.94,66.01,88.0,0
77947,58.88,12.41,98.25,188.0,0
56986,77.4,16.49,100.0,309.0,0
99289,44.73,18.69,73.93,0.0,1
33154,79.21,10.66,76.76,524.0,0
46600,56.25,13.22,63.9,447.0,0
51219,78.25,8.45,100.0,386.0,0
70692,64.53,9.24,95.1,314.0,0
41899,72.2,15.64,75.98,517.0,0
27557,67.16,8.41,74.18,660.0,0
97237,80.85,4.13,100.0,38.0,0
83929,52.7,7.76,75.42,91.0,0
46857,82.5,16.64,73.41,470.0,0
9590,63.48,7.41,100.0,837.0,0
81130,38.84,12.81,78.29,108.0,0
78094,49.56,11.92,58.24,172.0,0
73534,52.6,9.95,61.79,247.0,0
87158,39.91,3.87,46.14,66.0,0
23521,55.39,8.04,87.31,772.0,0
6474,56.23,16.95,52.78,819.0,0
29797,38.75,3.38,72.96,631.0,0
60807,57.65,14.64,44.68,303.0,0
82699,43.27,10.27,85.72,176.0,0
25281,72.99,6.86,80.65,650.0,0
1525,49.81,14.16,76.32,822.0,0
17282,53.14,15.79,86.42,832.0,0
76544,39.57,6.45,48.68,142.0,0
9778,70.04,13.13,61.77,846.0,0
9119,64.86,13.14,23.7,821.0,0
79910,101.64,11.78,62.79,84.0,0
56937,54.08,3.65,34.01,446.0,0
57632,63.75,3.54,64.37,448.0,0
77168,39.52,6.5,57.93,264.0,0
41475,71.37,11.88,46.1,587.0,0
93524,51.12,8.01,85.19,11.0,0
12668,50.47,16.62,68.97,820.0,0
67142,64.27,13.92,100.0,318.0,0
42293,28.53,15.12,58.67,401.0,0
35514,60.68,14.59,71.0,647.0,0
81513,48.3,9.47,62.57,38.0,0
64857,58.75,10.85,77.7,415.0,0
22595,40.73,15.8,78.24,633.0,0
9395,45.65,5.22,50.73,864.0,0
14363,64.91,16.85,77.52,790.0,0
3962,64.53,5.87,64.67,960.0,0
2578,57.76,7.44,40.96,941.0,0
18849,46.57,11.9,85.58,842.0,0
8907,37.71,8.3,75.29,781.0,0
65634,34.91,10.67,91.59,178.0,0
20752,50.7,-5.05,33.07,866.0,0
826,52.33,6.13,84.15,977.0,0
10075,23.6,16.51,83.92,886.0,0
16451,69.41,1.62,38.69,856.0,0
99705,36.81,4.8,75.22,24.0,0
76813,45.59,11.83,70.95,190.0,0
71867,52.13,8.14,74.24,247.0,0
4611,71.93,0.55,100.0,872.0,0
47197,59.56,14.54,90.67,455.0,0
20815,77.38,9.25,56.85,731.0,0
19536,66.24,11.43,67.66,913.0,0
34678,40.92,10.27,86.37,569.0,0
60277,58.62,19.01,86.54,319.0,0
33230,49.06,16.74,53.14,583.0,0
64842,58.93,11.46,38.65,401.0,0
34881,38.68,18.35,35.56,660.0,0
4811,55.88,15.93,84.57,879.0,0
12505,42.3,12.67,100.0,724.0,0
896,63.03,14.94,61.01,932.0,0
14686,41.05,6.07,85.9,775.0,0
49346,43.08,1.97,16.17,599.0,0
23664,83.83,7.5,37.32,713.0,0
42369,42.6,7.82,82.93,565.0,0
84981,25.39,5.71,93.78,101.0,0
37128,50.12,9.73,55.71,686.0,0
64547,80.96,11.38,66.8,302.0,0
39645,68.76,10.94,95.49,481.0,0
75493,52.63,5.87,68.97,229.0,0
94456,51.83,12.48,63.86,48.0,0
36804,42.88,18.8,92.64,524.0,0
81293,51.71,12.65,60.14,118.0,0
52802,46.5,15.18,73.53,420.0,0
17456,48.44,2.18,66.68,786.0,0
7664,79.98,10.73,100.0,887.0,0
70355,47.78,4.72,87.77,306.0,0
60335,72.46,-2.98,78.13,408.0,0
77328,77.83,1.93,99.29,119.0,0
7785,57.34,8.85,100.0,861.0,0
2155,57.99,6.75,87.19,882.0,0
22900,66.49,15.52,87.12,655.0,0
76174,80.9,5.09,96.44,187.0,0
53289,62.55,15.93,100.0,432.0,0
92786,29.69,18.53,100.0,0.0,1
5710,60.2,18.18,56.63,876.0,0
52187,50.61,13.54,51.37,329.0,0
51297,78.1,9.58,51.1,490.0,0
79256,48.39,13.43,33.36,76.0,0
64940,55.3,20.73,73.6,196.0,0
64215,59.2,2.76,89.22,378.0,0
70044,61.39,-2.28,100.0,244.0,0
65846,49.61,7.15,38.87,289.0,0
86863,41.11,10.43,93.25,76.0,0
58413,55.34,7.14,63.99,385.0,0
30829,58.33,14.43,33.75,724.0,0
46566,70.34,12.83,76.01,491.0,0
39548,67.03,11.32,65.33,535.0,0
75834,77.06,8.15,58.84,169.0,0
82731,46.86,11.81,63.56,192.0,0
70294,77.6,5.42,25.56,206.0,0
37311,59.87,12.74,52.75,566.0,0
34515,83.72,13.22,79.76,627.0,0
83042,74.39,-3.17,67.35,163.0,0
66956,84.54,18.77,27.42,327.0,0
89100,86.85,10.16,69.98,79.0,0
17519,89.1,5.72,52.37,762.0,0
96554,81.14,15.1,62.3,0.0,1
63671,84.72,10.97,24.33,326.0,0
17515,40.84,9.31,58.55,848.0,0
54249,50.53,14.74,88.55,472.0,0
14198,85.03,13.21,76.42,833.0,0
61675,52.69,14.34,87.54,267.0,0
97751,88.37,12.72,32.42,0.0,1
96757,47.08,11.7,88.57,0.0,1
84049,65.04,13.89,84.42,116.0,0
39844,52.73,6.01,37.23,479.0,0
70529,56.98,18.77,82.42,162.0,0
52118,46.2,13.22,90.82,343.0,0
73725,47.83,9.77,61.23,325.0,0
21327,57.81,1.53,79.14,760.0,0
48510,69.05,5.69,54.52,531.0,0
92643,73.13,12.37,64.96,0.0,1
45145,70.09,2.96,100.0,473.0,0
10268,67.89,15.24,63.54,829.0,0
62770,81.78,4.75,71.7,348.0,0
4145,79.96,11.53,46.2,855.0,0
54118,68.19,12.82,98.6,482.0,0
28357,32.84,13.78,100.0,768.0,0
69909,61.96,8.46,72.46,303.0,0
51037,73.7,14.09,35.35,441.0,0
8820,64.59,12.58,90.83,843.0,0
83871,62.44,15.35,100.0,56.0,0
15738,83.96,12.38,75.36,818.0,0
18816,78.04,6.4,41.36,740.0,0
63828,41.4,8.37,80.56,336.0,0
51153,79.63,9.29,79.61,551.0,0
56175,32.56,17.45,94.39,370.0,0
70304,89.66,9.56,94.72,317.0,0
99332,76.06,9.33,72.28,24.0,0
80922,62.51,9.25,83.64,95.0,0
5886,76.76,14.48,57.69,806.0,0
41761,32.36,12.6,67.06,597.0,0
20672,61.78,10.35,69.54,821.0,0
73865,55.16,10.81,64.21,203.0,0
63933,63.14,19.05,70.77,237.0,0
91002,80.95,10.38,79.58,36.0,0
30844,65.08,15.5,70.17,671.0,0
67309,60.25,12.92,34.28,196.0,0
29512,35.79,8.79,100.0,677.0,0
30719,69.98,9.31,77.14,655.0,0
40647,82.78,12.01,86.79,607.0,0
39317,60.16,12.75,89.67,684.0,0
68724,47.94,12.4,53.08,270.0,0
65116,61.64,11.2,83.48,358.0,0
59720,50.33,9.49,54.67,362.0,0
91676,67.26,4.57,38.0,142.0,0
18840,52.04,7.3,58.71,747.0,0
43876,66.46,5.29,64.47,493.0,0
28799,94.07,19.27,59.27,633.0,0
41662,49.52,16.41,46.89,570.0,0
86825,52.38,12.78,51.33,136.0,0
70921,58.92,13.21,98.85,232.0,0
43838,65.38,13.03,61.61,540.0,0
41987,76.92,6.45,80.71,504.0,0
22492,50.71,10.74,50.52,660.0,0
47050,55.5,7.53,100.0,408.0,0
61841,46.78,8.78,70.91,333.0,0
12483,62.63,8.96,69.05,841.0,0
94250,70.26,15.16,68.4,0.0,1
92059,77.29,15.5,66.56,0.0,1
75228,67.45,5.8,99.21,131.0,0
47875,58.54,4.97,49.6,480.0,0
36152,58.87,12.82,61.13,538.0,0
57982,52.41,6.13,100.0,424.0,0
49064,72.11,17.19,42.29,422.0,0
42831,74.09,4.98,66.14,495.0,0
56,62.95,13.17,58.13,902.0,0
19196,51.69,14.01,83.6,752.0,0
93003,57.8,13.62,80.67,74.0,0
19461,54.96,18.62,43.1,729.0,0
249,49.12,8.5,62.71,966.0,0
77645,71.59,4.69,75.32,151.0,0
31056,69.32,16.88,61.96,620.0,0
23948,54.36,18.43,67.28,717.0,0
20391,64.85,11.51,55.28,783.0,0
26498,55.29,13.03,72.09,586.0,0
28690,52.23,6.65,64.3,728.0,0
48035,71.56,10.91,79.01,431.0,0
77253,59.41,-0.02,79.15,217.0,0
49030,52.28,17.93,65.45,378.0,0
43467,40.96,16.45,35.34,543.0,0
73885,43.79,7.04,97.62,279.0,0
78268,70.16,11.88,51.08,57.0,0
75483,56.25,7.53,39.51,166.0,0
83937,63.86,13.03,92.67,46.0,0
56782,63.65,7.62,71.22,335.0,0
47257,46.84,7.42,81.41,469.0,0
6907,20.84,5.91,86.33,1052.0,0
88857,64.06,10.79,27.26,71.0,0
49316,54.29,5.75,76.33,529.0,0
99133,66.86,-2.49,56.48,54.0,0
37016,53.52,10.22,61.4,524.0,0
23467,65.25,13.79,74.43,744.0,0
83258,75.9,17.85,80.81,41.0,0
97693,89.2,9.96,64.91,0.0,1
27554,63.83,14.81,67.22,640.0,0
594,46.65,12.99,100.0,910.0,0
57475,70.04,9.43,31.94,336.0,0
66924,60.36,5.15,61.49,334.0,0
6845,50.6,10.21,34.55,949.0,0
50935,49.83,10.13,75.85,459.0,0
48457,78.88,4.41,79.58,423.0,0
61718,51.01,7.76,51.53,414.0,0
13571,51.61,3.54,54.62,815.0,0
42311,47.56,7.3,72.31,616.0,0
62957,78.44,9.32,80.89,339.0,0
19548,47.79,18.92,77.67,739.0,0
95088,36.53,13.43,70.78,0.0,1
65515,64.71,9.77,56.26,402.0,0
59862,38.4,10.63,53.22,304.0,0
67262,58.09,9.27,58.86,208.0,0
15104,54.42,6.51,65.33,861.0,0
99107,65.25,5.24,61.1,0.0,1
45046,59.67,6.37,100.0,460.0,0
20170,54.32,15.78,69.88,717.0,0
24771,40.78,1.53,100.0,660.0,0
25148,50.94,10.0,31.95,567.0,0
55615,68.01,5.23,35.91,410.0,0
50550,60.2,13.43,94.32,437.0,0
27650,53.1,8.84,95.35,657.0,0
94056,63.46,11.72,83.5,67.0,0
13333,48.8,7.04,40.21,778.0,0
99215,55.59,4.03,73.62,0.0,1
63089,71.33,15.85,64.09,423.0,0
26573,42.76,4.9,80.46,708.0,0
29011,75.64,9.94,44.23,700.0,0
70351,100.51,10.56,71.29,107.0,0
94981,63.73,11.35,96.41,0.0,1
83789,46.68,2.21,52.8,129.0,0
56075,60.91,17.92,84.74,427.0,0
29460,69.65,10.54,65.55,608.0,0
82937,42.72,15.75,57.77,125.0,0
23966,77.03,17.01,52.25,596.0,0
64004,49.47,12.39,65.83,340.0,0
58515,53.97,6.12,100.0,350.0,0
73135,71.11,10.34,83.34,228.0,0
11804,65.15,9.98,49.14,814.0,0
96265,84.27,11.0,65.63,0.0,1
10076,45.2,11.92,93.44,883.0,0
17408,69.85,11.83,49.34,799.0,0
47871,61.19,13.46,49.94,398.0,0
6248,91.36,11.77,82.91,839.0,0
43707,46.3,6.26,82.98,506.0,0
59295,62.1,5.23,100.0,336.0,0
8297,57.85,9.32,54.88,928.0,0
90474,63.86,14.93,43.84,75.0,0
7910,61.75,4.85,65.94,930.0,0
12197,61.32,6.89,87.58,767.0,0
24364,46.13,13.15,100.0,706.0,0
2936,65.82,4.09,71.99,887.0,0
64035,68.79,14.07,59.95,411.0,0
1232,71.24,11.38,82.8,943.0,0
34417,66.64,0.63,89.62,659.0,0
99257,71.87,9.85,66.58,0.0,1
98730,52.39,8.36,75.0,14.0,0
95963,55.67,13.96,60.93,0.0,1
12434,46.89,0.6,56.39,830.0,0
27167,78.13,16.28,85.57,602.0,0
58683,61.0,9.6,94.41,329.0,0
33485,25.92,8.05,100.0,690.0,0
99132,54.55,13.09,78.44,0.0,1
36772,63.01,6.82,47.65,647.0,0
82266,53.42,5.53,38.42,175.0,0
34050,71.24,13.48,68.04,542.0,0
94385,69.93,11.44,52.7,0.0,1
58327,51.83,13.99,38.82,328.0,0
41439,62.14,13.46,91.34,508.0,0
67410,47.42,1.02,69.41,300.0,0
20615,58.9,4.66,84.04,789.0,0
63783,64.59,13.57,76.19,280.0,0
38242,67.79,12.59,100.0,498.0,0
77669,70.61,15.37,86.25,170.0,0
88560,95.6,17.85,74.4,0.0,1
74234,55.4,10.54,65.93,211.0,0
44171,72.93,11.77,56.0,538.0,0
92056,55.99,13.59,46.36,29.0,0
22330,40.14,9.69,23.25,646.0,0
10088,57.43,15.7,41.36,787.0,0
26630,43.07,4.82,72.02,635.0,0
13757,61.74,17.03,9.94,812.0,0
14380,68.2,8.82,64.93,761.0,0
33838,67.02,6.73,94.19,636.0,0
72070,58.89,13.78,60.71,207.0,0
87190,66.17,15.92,93.25,79.0,0
85437,43.1,10.16,68.33,195.0,0
25966,53.28,4.9,100.0,752.0,0
60249,79.53,2.78,34.55,330.0,0
81083,64.55,4.96,100.0,110.0,0
76170,40.32,9.01,88.32,237.0,0
88273,61.3,8.82,100.0,38.0,0
7116,77.41,13.73,40.57,827.0,0
48070,58.78,13.62,57.37,503.0,0
19761,61.49,5.02,39.67,746.0,0
90736,81.77,11.34,74.65,99.0,0
18365,77.72,5.7,86.5,789.0,0
44948,60.32,6.4,77.29,441.0,0
61534,63.02,9.71,77.49,315.0,0
44631,38.5,12.6,100.0,534.0,0
95928,80.11,-1.7,80.21,105.0,0
37574,45.22,10.49,72.1,570.0,0
30697,54.33,16.55,31.3,721.0,0
15595,49.4,1.56,43.73,791.0,0
29228,67.72,5.13,44.47,600.0,0
36378,75.35,8.6,77.1,603.0,0
42128,52.9,7.72,71.01,512.0,0
96720,53.18,15.47,100.0,0.0,1
15623,57.26,14.26,100.0,808.0,0
27482,71.2,12.96,65.26,641.0,0
8203,43.67,9.78,57.93,857.0,0
48861,71.75,14.7,70.28,401.0,0
87668,80.14,9.2,81.35,42.0,0
27270,70.8,12.08,91.2,662.0,0
74920,76.54,0.63,90.46,161.0,0
11478,56.22,13.71,86.38,879.0,0
81599,32.36,10.51,65.88,138.0,0
46803,58.42,13.25,78.71,468.0,0
96432,58.71,7.02,45.08,0.0,1
13684,73.32,6.17,71.69,746.0,0
74474,52.05,16.79,84.06,184.0,0
46698,58.6,4.63,99.2,510.0,0
58258,67.88,11.2,80.12,409.0,0
11203,35.08,8.07,71.3,816.0,0
90575,65.78,15.14,54.99,42.0,0
73365,42.42,-2.85,94.19,243.0,0
54950,61.38,14.8,56.72,383.0,0
80112,63.31,4.6,96.46,264.0,0
12705,46.38,12.86,59.77,870.0,0
13747,56.51,9.3,100.0,897.0,0
24682,67.94,15.43,70.42,743.0,0
66374,50.87,8.56,75.61,381.0,0
377,74.62,15.18,100.0,964.0,0
74792,57.28,18.77,87.17,201.0,0
8502,52.65,10.49,78.87,781.0,0
98002,52.4,2.78,74.36,0.0,1
23737,57.0,9.12,31.97,801.0,0
26311,63.33,3.37,43.94,697.0,0
73339,54.85,10.65,41.0,170.0,0
77349,36.31,7.27,100.0,228.0,0
59155,57.58,-3.79,69.13,305.0,0
56988,48.88,10.95,70.23,456.0,0
51182,49.72,8.96,37.24,390.0,0
34975,64.75,0.53,76.24,601.0,0
66957,45.15,13.12,72.74,255.0,0
2989,36.92,9.25,79.79,990.0,0
71666,36.85,19.14,68.49,165.0,0
29041,42.42,18.38,100.0,710.0,0
48951,69.22,6.16,69.05,471.0,0
23577,37.12,11.03,90.06,763.0,0
61638,62.84,10.69,27.94,328.0,0
89155,72.09,24.61,73.23,0.0,1
65245,63.86,19.6,56.46,222.0,0
53967,85.58,-0.55,66.17,357.0,0
78882,34.01,8.37,45.18,180.0,0
59740,91.3,4.65,92.9,393.0,0
62329,94.63,10.54,62.24,268.0,0
46514,43.33,0.25,59.73,439.0,0
18207,73.51,2.79,79.83,819.0,0
18603,72.71,6.7,79.35,790.0,0
75509,44.34,0.62,37.73,193.0,0
25979,75.54,9.03,27.73,642.0,0
46693,68.6,10.66,82.32,315.0,0
40531,56.23,9.6,85.1,554.0,0
95505,72.62,8.74,95.46,120.0,0
51227,57.42,1.37,39.04,330.0,0
82187,66.98,2.88,64.02,210.0,0
21105,31.38,18.69,63.69,766.0,0
19456,77.27,-2.49,100.0,739.0,0
54402,67.09,24.25,50.17,423.0,0
91449,78.98,11.37,91.2,0.0,1
68398,43.83,12.16,36.71,299.0,0
78466,49.04,0.65,62.45,129.0,0
9646,46.86,14.49,96.55,896.0,0
41729,60.05,1.78,97.73,603.0,0
49325,43.99,-6.4,72.79,433.0,0
70258,70.08,14.17,71.92,208.0,0
43365,70.47,9.83,20.36,499.0,0
77209,81.62,11.0,76.81,251.0,0
79820,60.6,19.32,74.18,136.0,0
7065,69.77,3.57,41.05,791.0,0
57678,51.73,16.18,33.82,406.0,0
5085,80.97,16.72,100.0,938.0,0
89843,56.6,9.54,96.63,23.0,0
91626,81.37,7.45,45.74,0.0,1
34264,70.21,10.1,62.94,607.0,0
55423,75.51,13.99,83.3,335.0,0
20822,63.35,9.7,75.91,729.0,0
64849,66.99,7.77,72.81,261.0,0
19099,60.61,14.66,100.0,788.0,0
42697,81.2,12.01,69.32,491.0,0
97829,43.69,7.48,36.25,30.0,0
16869,71.6,18.63,41.57,760.0,0
67898,67.23,15.84,44.64,205.0,0
32918,60.37,13.82,68.88,567.0,0
75532,72.28,6.74,91.87,152.0,0
52197,61.66,5.84,73.25,380.0,0
11721,46.01,3.89,61.59,842.0,0
41385,59.16,9.98,68.45,473.0,0
53320,47.96,6.95,60.61,481.0,0
19806,58.81,18.8,78.48,724.0,0
17066,38.55,4.5,72.21,824.0,0
27725,62.16,10.47,65.93,658.0,0
35229,60.31,11.87,54.19,536.0,0
4993,34.27,14.73,69.98,924.0,0
18384,48.08,7.04,50.49,707.0,0
16428,29.36,9.69,52.0,783.0,0
87047,68.34,7.85,90.0,112.0,0
54702,71.03,11.11,69.28,377.0,0
15023,57.0,3.63,65.69,836.0,0
51036,45.6,6.63,27.52,419.0,0
81263,44.43,2.48,97.16,160.0,0
67513,48.75,6.76,73.98,275.0,0
10917,62.42,17.6,55.83,816.0,0
17489,72.85,2.08,79.62,798.0,0
78280,61.11,10.1,74.19,161.0,0
15607,50.34,11.3,49.19,690.0,0
87716,75.49,13.61,90.06,80.0,0
64226,31.05,8.24,52.42,260.0,0
70782,33.35,5.44,40.93,216.0,0
35974,71.45,2.71,14.81,552.0,0
62494,63.3,5.58,54.61,323.0,0
77418,58.47,11.38,84.47,31.0,0
81691,53.51,13.12,59.79,151.0,0
97364,43.51,-2.44,88.18,39.0,0
78022,84.11,9.93,44.44,229.0,0
19386,66.87,19.86,76.12,651.0,0
99896,73.57,7.04,100.0,0.0,1
42386,40.29,8.99,62.91,478.0,0
36902,44.07,-2.88,45.85,645.0,0
23360,54.59,6.38,64.8,717.0,0
7616,60.04,13.77,83.59,875.0,0
73684,55.01,13.51,57.85,328.0,0
36178,70.65,16.76,89.57,531.0,0
97488,60.91,14.65,63.87,0.0,1
83728,81.44,13.8,62.36,131.0,0
25563,43.33,16.86,68.99,581.0,0
43175,60.83,14.5,76.39,522.0,0
13318,68.46,13.44,54.89,864.0,0
93977,62.38,7.63,96.52,38.0,0
29750,79.15,16.19,55.47,611.0,0
87233,62.76,5.22,94.06,101.0,0
21035,69.99,11.61,62.32,725.0,0
57304,51.06,2.49,76.6,524.0,0
30825,65.44,10.24,61.98,632.0,0
90099,96.92,8.65,100.0,0.0,1
38654,77.35,13.12,49.56,584.0,0
23055,73.65,8.7,28.67,745.0,0
36968,61.76,4.85,52.2,611.0,0
56088,84.2,5.16,41.13,315.0,0
36863,75.28,6.71,72.7,602.0,0
45872,43.15,9.37,86.63,547.0,0
78336,76.64,14.92,100.0,167.0,0
87695,29.95,10.73,56.49,38.0,0
96362,38.61,9.18,63.61,0.0,1
41171,60.06,9.21,79.38,652.0,0
19872,48.26,19.4,67.46,743.0,0
77914,37.53,9.54,75.03,128.0,0
43966,116.75,6.73,54.92,512.0,0
28659,42.5,9.34,86.63,668.0,0
42704,60.8,9.62,85.22,481.0,0
3810,59.4,6.81,49.35,877.0,0
95237,52.48,11.83,71.13,89.0,0
7859,40.29,0.13,38.3,898.0,0
19487,70.96,5.37,46.2,722.0,0
18076,50.74,9.39,66.57,730.0,0
375,59.63,11.11,39.71,938.0,0
45778,65.35,1.62,47.32,484.0,0
55057,72.15,10.59,66.49,343.0,0
49896,91.08,7.9,66.02,382.0,0
61193,70.69,14.63,40.42,358.0,0
80264,75.79,3.7,82.7,211.0,0
25584,62.19,10.09,41.34,632.0,0
69586,67.05,6.56,60.64,227.0,0
95870,59.89,6.2,47.66,99.0,0
24938,49.36,7.58,64.17,777.0,0
30375,54.2,13.02,77.19,652.0,0
98565,50.3,6.66,48.83,0.0,1
13568,38.02,11.06,71.65,835.0,0
66721,39.36,11.05,42.18,252.0,0
41794,39.15,24.05,99.82,482.0,0
38610,73.44,14.28,99.95,485.0,0
19153,54.16,12.0,92.95,718.0,0
88850,51.43,8.82,42.41,131.0,0
40657,53.93,13.53,87.31,552.0,0
25926,45.33,17.32,83.14,687.0,0
33413,48.37,16.79,68.23,636.0,0
23087,70.29,5.72,42.67,690.0,0
94577,49.33,8.57,49.7,21.0,0
70609,63.06,13.63,100.0,171.0,0
95878,35.99,10.05,35.35,34.0,0
87985,54.62,15.34,100.0,66.0,0
90859,35.0,11.68,91.96,78.0,0
39274,74.37,19.3,77.66,572.0,0
3165,35.4,12.21,63.33,826.0,0
76963,62.67,9.88,80.48,298.0,0
24600,56.52,6.64,83.48,685.0,0
22147,62.73,6.42,28.28,670.0,0
81834,69.01,17.58,72.54,160.0,0
43335,94.89,14.49,44.36,523.0,0
14679,72.29,15.87,78.46,770.0,0
92603,52.32,18.19,81.11,70.0,0
42991,50.87,6.88,52.84,582.0,0
3212,42.93,6.93,58.59,933.0,0
14562,66.27,12.88,45.02,818.0,0
67101,63.68,13.17,100.0,299.0,0
12358,20.42,12.48,78.68,778.0,0
85564,77.45,5.44,67.98,33.0,0
12921,49.85,9.32,96.75,902.0,0
9976,45.77,13.55,59.27,812.0,0
40176,65.2,24.92,51.45,566.0,0
77702,66.69,3.54,68.92,211.0,0
97389,32.54,10.45,57.32,0.0,1
78305,39.23,10.24,93.72,222.0,0
64213,48.0,3.4,41.96,353.0,0
9616,52.12,11.7,46.2,799.0,0
86498,54.12,18.81,66.32,129.0,0
37888,72.86,13.42,78.66,567.0,0
82562,78.22,20.68,98.94,152.0,0
71658,65.96,16.3,78.21,246.0,0
24932,69.75,7.94,97.5,762.0,0
41153,54.71,17.72,58.24,519.0,0
97554,50.96,16.66,23.67,0.0,1
81319,88.48,8.42,100.0,153.0,0
53757,52.53,4.41,100.0,456.0,0
94840,56.82,6.8,100.0,95.0,0
35934,36.84,6.79,93.36,645.0,0
76108,67.58,17.28,65.1,208.0,0
56837,58.3,12.67,59.03,315.0,0
53708,41.48,9.24,57.11,358.0,0
59613,55.23,8.29,71.62,410.0,0
47432,54.58,0.41,39.74,492.0,0
52507,88.27,5.29,78.68,343.0,0
60645,83.81,2.49,100.0,335.0,0
61469,44.03,10.07,51.39,398.0,0
49174,51.29,10.79,89.72,506.0,0
76685,49.4,13.07,98.13,200.0,0
7554,54.02,3.73,100.0,839.0,0
58833,61.45,13.15,70.81,329.0,0
95273,48.92,3.11,70.18,76.0,0
91542,74.25,11.01,69.18,59.0,0
97923,62.67,8.28,67.78,19.0,0
62311,45.92,11.95,40.4,408.0,0
74855,42.53,15.0,38.37,170.0,0
47608,57.75,5.36,76.57,464.0,0
57557,75.17,8.57,86.02,358.0,0
19923,87.03,14.92,43.59,798.0,0
50341,58.44,10.9,26.61,453.0,0
48735,60.33,4.83,59.45,457.0,0
90303,51.22,-0.23,68.35,46.0,0
62505,30.31,15.81,69.37,318.0,0
53551,57.62,7.93,99.15,510.0,0
1071,48.39,11.43,93.35,996.0,0
18530,54.59,9.83,67.19,767.0,0
21584,49.93,19.48,92.75,817.0,0
83263,51.53,10.94,55.13,71.0,0
84479,45.32,13.06,83.6,154.0,0
51842,73.18,4.33,65.21,479.0,0
10833,73.88,7.21,63.73,844.0,0
21211,46.46,10.12,31.88,679.0,0
34107,68.37,8.9,93.65,580.0,0
44885,49.62,7.12,89.25,540.0,0
72123,53.59,12.75,78.34,201.0,0
78577,40.55,8.14,90.79,99.0,0
87377,63.71,8.43,75.65,98.0,0
14164,80.94,13.06,49.04,704.0,0
72368,49.35,11.11,85.26,245.0,0
59684,59.96,7.3,37.34,384.0,0
89437,77.85,20.58,71.69,0.0,1
85852,61.39,13.58,76.72,109.0,0
12851,31.36,11.11,32.86,823.0,0
78646,64.53,9.21,64.67,187.0,0
98281,53.91,13.59,77.45,0.0,1
67741,60.81,-1.57,56.45,371.0,0
24288,54.26,10.11,88.37,751.0,0
50963,60.36,8.77,80.08,452.0,0
27785,53.74,5.4,85.83,700.0,0
28625,38.78,13.13,70.38,732.0,0
67213,63.96,9.91,100.0,400.0,0
22312,79.72,1.47,53.23,765.0,0
71738,42.06,-2.98,56.42,258.0,0
30448,40.91,10.16,70.87,646.0,0
24176,56.08,13.51,52.6,693.0,0
62637,83.16,15.27,74.87,272.0,0
24289,52.29,7.41,58.86,755.0,0
78500,57.91,14.91,72.44,126.0,0
12467,55.4,7.4,58.94,801.0,0
80838,68.26,9.36,69.1,151.0,0
85890,57.13,16.66,22.69,99.0,0
2577,57.66,21.25,70.32,869.0,0
20292,51.4,4.36,51.87,822.0,0
72081,51.11,20.23,59.72,164.0,0
5042,77.79,4.82,73.44,811.0,0
91916,47.75,9.46,87.47,36.0,0
67355,55.28,5.53,60.83,299.0,0
65865,54.59,17.28,86.65,196.0,0
98973,70.58,17.84,83.52,0.0,1
54313,70.87,19.31,84.81,322.0,0
61645,55.37,8.09,100.0,366.0,0
88751,83.71,6.27,59.15,55.0,0
7372,69.39,13.15,53.79,870.0,0
30409,55.2,7.02,93.14,588.0,0
62010,55.82,9.4,71.26,425.0,0
42197,67.48,2.24,94.3,577.0,0
38828,89.34,8.62,34.57,580.0,0
35327,95.15,5.27,84.36,565.0,0
14531,50.9,12.62,43.18,835.0,0
80372,60.26,16.42,79.21,123.0,0
40037,73.08,3.0,54.49,631.0,0
62389,54.36,10.52,64.68,373.0,0
62596,79.88,3.37,99.21,245.0,0
94972,66.24,15.13,67.3,38.0,0
24559,73.15,10.38,44.67,654.0,0
19410,54.83,6.53,83.91,804.0,0
17283,41.77,9.32,100.0,747.0,0
4337,54.73,5.46,96.88,922.0,0
90115,54.81,4.77,83.14,18.0,0
54925,59.69,17.86,89.06,379.0,0
97360,82.51,4.2,66.62,0.0,1
4952,92.61,14.0,71.26,841.0,0
9264,62.16,-2.17,77.14,898.0,0
67020,85.93,12.69,92.21,256.0,0
92462,62.89,11.02,42.8,50.0,0
88043,56.15,4.58,62.02,113.0,0
39034,76.2,11.9,42.0,492.0,0
49877,62.81,3.08,85.99,519.0,0
97987,52.19,17.44,69.37,0.0,1
72350,69.19,15.5,86.73,131.0,0
66404,38.79,12.85,90.05,238.0,0
82800,40.66,-4.71,82.35,172.0,0
25303,61.97,13.41,100.0,584.0,0
69506,77.54,16.59,93.53,222.0,0
62540,56.74,15.99,51.29,252.0,0
40356,89.61,8.56,18.65,538.0,0
35403,77.5,3.13,81.76,573.0,0
29567,73.32,6.51,59.41,651.0,0
5706,69.24,1.18,100.0,931.0,0
63715,68.17,10.29,68.66,328.0,0
7918,58.88,14.89,57.22,755.0,0
24428,91.58,12.59,78.08,666.0,0
83535,77.32,15.61,92.56,56.0,0
41470,45.48,10.04,25.81,565.0,0
97487,49.55,6.22,87.87,23.0,0
54435,65.17,1.92,55.13,432.0,0
18990,90.41,7.34,89.46,732.0,0
38830,82.15,3.75,56.18,526.0,0
47311,45.08,12.29,91.52,555.0,0
90846,60.63,4.74,84.75,0.0,1
87954,78.58,12.91,54.54,60.0,0
58476,69.92,8.63,67.18,352.0,0
62732,87.68,13.37,48.01,311.0,0
93116,53.2,9.94,96.45,0.0,1
47486,55.72,6.23,100.0,490.0,0
99626,64.1,5.42,85.07,43.0,0
8753,49.18,12.23,80.05,826.0,0
26006,30.51,13.5,94.39,721.0,0
96759,53.17,12.74,51.66,44.0,0
23557,70.01,11.93,37.69,726.0,0
52979,68.47,12.35,100.0,383.0,0
18584,71.55,4.92,43.01,761.0,0
43658,75.08,6.69,74.27,509.0,0
9932,58.51,10.72,34.38,874.0,0
1445,68.75,4.12,98.18,998.0,0
69562,49.95,9.85,89.13,196.0,0
62605,63.02,-7.02,69.77,370.0,0
73614,59.12,11.75,42.58,263.0,0
16903,67.05,5.8,63.4,780.0,0
52026,61.75,5.95,77.08,511.0,0
49447,94.5,6.16,49.97,402.0,0
17170,62.81,9.88,59.79,817.0,0
55417,56.35,15.87,82.41,445.0,0
38201,49.64,9.64,76.45,577.0,0
16675,53.56,9.65,55.06,804.0,0
81481,67.79,11.43,78.08,150.0,0
44614,55.96,8.82,64.9,564.0,0
43506,32.14,9.7,73.2,560.0,0
49708,59.58,4.2,48.62,481.0,0
42632,46.89,13.25,48.39,490.0,0
40247,54.49,13.72,58.54,561.0,0
13516,74.72,2.99,61.4,804.0,0
48397,48.13,8.12,91.03,512.0,0
17741,56.55,22.1,61.31,694.0,0
24382,67.22,5.01,53.79,743.0,0
31154,44.03,11.65,67.17,670.0,0
26453,64.01,11.81,46.76,711.0,0
35486,37.85,1.15,61.05,709.0,0
1408,63.34,9.29,65.99,974.0,0
60303,77.04,11.96,77.81,346.0,0
90466,86.59,7.58,42.99,53.0,0
77969,50.18,18.46,80.24,119.0,0
75506,61.02,11.47,88.95,171.0,0
71385,62.41,8.6,55.33,310.0,0
13925,40.88,10.49,69.74,836.0,0
81360,50.3,2.6,88.65,139.0,0
76303,56.86,10.65,59.5,81.0,0
16293,34.88,10.33,34.96,891.0,0
85241,43.72,7.95,57.59,52.0,0
96120,44.56,19.31,87.08,0.0,1
86791,43.0,12.79,52.85,82.0,0
76592,76.68,0.13,59.7,184.0,0
66557,56.63,13.3,91.3,237.0,0
43090,36.39,12.54,52.29,515.0,0
31838,57.96,14.9,53.42,648.0,0
37818,64.15,11.82,74.88,608.0,0
73588,52.18,18.44,72.29,165.0,0
4590,72.25,0.26,50.07,906.0,0
95550,56.22,13.02,92.11,0.0,1
93950,81.12,14.33,89.93,17.0,0
39414,62.46,3.54,71.41,550.0,0
72647,65.68,2.2,55.21,283.0,0
90249,71.63,-2.66,46.62,153.0,0
12583,54.07,2.86,47.29,797.0,0
40016,43.4,12.23,72.28,594.0,0
36062,70.99,15.44,60.99,629.0,0
30785,40.65,1.57,71.64,677.0,0
52456,61.24,14.62,56.73,475.0,0
82656,50.7,13.03,98.92,131.0,0
70854,49.57,4.22,37.43,330.0,0
16586,34.42,8.44,61.56,777.0,0
37613,71.81,6.7,99.31,586.0,0
48964,39.06,13.84,83.71,414.0,0
34819,80.78,2.77,85.63,580.0,0
31975,64.48,17.09,79.23,624.0,0
12490,41.62,17.67,100.0,839.0,0
19774,93.1,2.64,46.07,795.0,0
34791,73.84,9.03,34.31,674.0,0
39796,35.65,8.28,74.7,574.0,0
52459,58.04,14.14,50.26,489.0,0
6003,76.45,11.21,91.38,870.0,0
98944,62.46,16.8,37.43,0.0,1
56945,63.9,12.13,76.9,328.0,0
32684,45.18,20.15,100.0,570.0,0
47491,57.24,5.4,98.77,459.0,0
54431,56.32,8.71,86.02,449.0,0
61822,58.47,3.01,49.46,238.0,0
27371,63.81,16.07,94.45,607.0,0
46240,62.76,11.87,63.04,508.0,0
4306,68.3,7.99,79.83,801.0,0
48737,55.03,6.06,74.05,560.0,0
44102,47.97,4.09,75.12,581.0,0
81760,51.1,2.63,41.41,191.0,0
16486,79.06,3.13,77.57,791.0,0
69530,81.0,13.93,100.0,233.0,0
57773,82.37,2.52,29.87,409.0,0
76165,64.73,16.89,79.16,157.0,0
44590,57.23,-1.04,100.0,559.0,0
10997,54.59,6.92,57.35,853.0,0
87118,62.41,9.97,47.34,101.0,0
6461,42.6,5.78,73.57,863.0,0
47471,61.79,12.74,50.57,455.0,0
99965,68.69,24.02,100.0,0.0,1
39727,80.54,17.31,74.06,504.0,0
43620,57.59,9.94,73.17,565.0,0
41560,37.53,7.39,88.19,564.0,0
35773,81.89,2.89,78.91,611.0,0
13830,106.61,21.11,46.16,713.0,0
85494,70.43,2.4,76.33,157.0,0
94990,57.9,0.27,97.54,0.0,1
93275,58.17,21.7,39.09,0.0,1
5816,51.59,10.86,93.72,983.0,0
59338,49.95,17.81,66.52,226.0,0
91420,47.44,9.5,75.91,54.0,0
44486,67.21,14.47,44.49,518.0,0
36745,64.12,10.57,60.06,650.0,0
65742,76.33,17.07,51.59,317.0,0
69286,78.92,4.85,88.74,202.0,0
28434,83.51,-4.75,80.35,721.0,0
1205,60.39,8.01,95.75,907.0,0
215,39.33,14.19,58.59,957.0,0
33483,45.64,8.47,48.59,637.0,0
68187,67.81,14.84,49.75,224.0,0
25350,30.52,5.17,52.31,699.0,0
38422,52.61,17.0,64.97,601.0,0
21039,47.55,14.06,77.62,677.0,0
84800,46.94,1.71,74.65,243.0,0
1750,92.42,14.57,68.69,977.0,0
82283,56.82,12.55,79.83,115.0,0
24647,65.05,18.11,72.75,553.0,0
42378,80.62,20.57,29.59,497.0,0
89936,61.8,22.51,69.6,32.0,0
14265,74.07,9.22,85.92,807.0,0
25301,60.14,7.44,36.99,744.0,0
14870,70.57,5.89,85.45,735.0,0
98057,63.02,10.08,74.88,0.0,1
85236,51.18,10.15,39.83,60.0,0
7837,53.85,10.88,46.11,868.0,0
45664,53.09,16.95,61.71,375.0,0
575,66.02,6.4,54.11,927.0,0
13256,51.39,7.59,35.7,780.0,0
24142,59.78,7.75,83.47,735.0,0
70531,51.28,8.89,52.03,229.0,0
11040,61.55,15.19,76.96,805.0,0
56074,37.68,7.67,100.0,379.0,0
5223,68.87,3.4,80.83,926.0,0
51328,88.54,11.83,54.38,429.0,0
23149,66.09,0.15,71.23,690.0,0
8582,56.1,13.93,37.52,930.0,0
8011,65.6,5.85,76.37,900.0,0
13239,44.51,20.35,36.96,720.0,0
21346,59.8,2.74,73.77,724.0,0
40544,54.27,5.6,100.0,531.0,0
57576,57.22,18.14,77.77,327.0,0
54851,63.58,7.29,75.49,371.0,0
34400,64.39,5.16,72.69,639.0,0
34683,59.36,14.24,63.08,633.0,0
21310,68.54,8.53,79.73,706.0,0
15174,61.23,10.04,83.02,791.0,0
14177,74.6,8.99,67.08,810.0,0
57282,76.74,10.87,87.32,398.0,0
68545,84.02,7.12,83.33,351.0,0
63300,43.72,12.93,72.27,426.0,0
91627,47.97,13.04,80.2,29.0,0
31129,44.71,7.56,73.08,679.0,0
143,69.27,6.86,96.52,903.0,0
3946,56.53,14.04,73.96,883.0,0
64073,83.76,13.75,57.12,230.0,0
88766,60.78,1.85,64.67,34.0,0
24723,66.63,10.43,60.49,639.0,0
8468,70.83,12.11,53.02,857.0,0
66424,68.27,-1.2,71.03,341.0,0
60875,60.37,-1.36,71.43,400.0,0
31808,54.49,15.34,74.65,657.0,0
69946,42.65,3.09,46.92,311.0,0
7205,52.16,11.89,68.16,804.0,0
74134,61.78,16.7,70.11,199.0,0
87479,62.84,11.34,49.54,11.0,0
49188,75.65,8.35,63.88,503.0,0
32675,39.85,14.16,83.54,613.0,0
76525,55.96,10.34,50.44,139.0,0
32419,66.89,7.47,72.81,596.0,0
4893,62.37,9.7,52.25,948.0,0
38851,71.5,9.11,67.95,560.0,0
90263,66.96,21.55,91.24,0.0,1
49600,72.27,15.15,61.24,410.0,0
53638,67.68,8.69,71.97,386.0,0
64746,60.97,3.68,88.43,338.0,0
91086,38.93,6.42,68.86,186.0,0
74715,89.21,13.34,100.0,158.0,0
25735,61.88,15.15,40.65,640.0,0
44531,66.39,6.84,85.15,421.0,0
10066,56.19,5.92,42.21,827.0,0
38731,66.63,16.7,10.1,589.0,0
4154,76.5,9.52,71.01,874.0,0
36129,58.55,9.92,83.72,572.0,0
48583,56.45,10.68,64.63,509.0,0
71142,51.75,3.05,32.84,256.0,0
28517,37.61,12.18,43.15,784.0,0
73801,73.58,13.11,43.05,144.0,0
9382,55.72,8.38,95.71,871.0,0
35801,67.54,15.44,74.47,540.0,0
8509,56.07,13.84,51.76,777.0,0
95754,68.37,5.03,87.2,20.0,0
16561,48.78,1.91,44.98,831.0,0
93496,71.81,6.76,74.82,0.0,1
37818,85.4,9.4,59.03,495.0,0
79954,56.67,12.51,74.75,111.0,0
88994,61.46,20.87,83.72,0.0,1
69013,74.3,13.56,90.79,219.0,0
5964,39.54,15.6,98.67,881.0,0
16465,55.82,6.46,77.1,829.0,0
96352,80.22,10.02,90.94,0.0,1
64448,64.98,7.65,100.0,386.0,0
76335,74.47,22.49,35.75,84.0,0
47713,59.17,12.55,76.71,554.0,0
66469,37.57,18.01,74.82,240.0,0
84252,60.56,15.7,76.53,84.0,0
90865,40.71,15.77,52.46,0.0,1
56807,61.93,5.3,44.47,370.0,0
97703,33.55,2.57,86.08,0.0,1
88027,62.64,1.81,71.49,75.0,0
67532,75.59,10.61,48.63,287.0,0
55148,79.23,14.39,89.16,449.0,0
54933,80.57,2.16,28.38,375.0,0
76100,71.29,7.58,74.17,130.0,0
88500,60.33,11.07,35.18,6.0,1
92589,69.49,15.48,92.91,0.0,1
85117,65.68,11.8,100.0,115.0,0
334,43.27,10.93,53.67,958.0,0
70916,56.7,7.66,100.0,245.0,0
28725,58.93,9.76,86.28,715.0,0
81807,64.02,10.52,100.0,163.0,0
66502,61.68,6.78,82.27,277.0,0
89133,72.02,11.13,85.76,133.0,0
14979,52.14,13.09,93.65,902.0,0
51306,80.47,10.05,64.31,471.0,0
85082,65.2,4.63,75.78,127.0,0
41394,81.43,18.55,57.95,520.0,0
35254,63.63,2.43,65.82,622.0,0
86145,80.5,9.6,80.47,60.0,0
82776,90.55,16.22,93.0,70.0,0
4754,42.49,17.67,73.37,859.0,0
43248,34.57,9.07,59.34,487.0,0
49373,65.24,13.92,59.48,491.0,0
24485,79.66,15.37,100.0,709.0,0
95398,80.5,8.7,63.29,17.0,0
12718,51.81,2.25,69.46,837.0,0
45396,49.15,2.84,48.15,483.0,0
59559,68.79,10.48,68.91,339.0,0
82901,46.14,21.73,100.0,164.0,0
58623,68.68,4.8,43.34,293.0,0
22493,62.3,13.92,43.71,721.0,0
42725,55.62,7.38,56.55,473.0,0
80413,59.1,11.63,54.87,103.0,0
52473,76.79,7.97,82.4,420.0,0
73422,68.66,16.27,89.22,174.0,0
7041,58.6,-3.34,45.93,878.0,0
62687,59.72,14.05,62.02,348.0,0
59229,50.83,1.84,58.77,406.0,0
35353,63.17,3.91,94.32,697.0,0
75744,72.73,17.11,70.59,144.0,0
80682,50.87,4.17,52.62,171.0,0
41435,73.33,6.82,27.11,479.0,0
31206,42.75,24.09,57.46,580.0,0
86567,75.52,14.49,95.53,105.0,0
25490,51.08,7.55,76.81,751.0,0
74498,86.47,11.82,62.86,264.0,0
60201,61.73,18.11,48.41,305.0,0
72415,66.81,16.06,75.09,158.0,0
96112,77.13,6.66,28.04,0.0,1
13585,77.74,18.44,74.93,728.0,0
51146,67.43,3.84,68.81,522.0,0
54189,72.26,11.41,63.87,438.0,0
6642,50.15,11.35,70.34,906.0,0
98041,68.6,0.9,71.44,106.0,0
58194,58.64,10.74,90.34,327.0,0
5939,51.75,6.54,82.12,784.0,0
33980,45.12,8.3,69.9,589.0,0
78656,62.65,15.47,82.53,222.0,0
66036,66.03,17.33,82.61,261.0,0
25927,73.81,7.13,100.0,678.0,0
49513,68.46,6.94,64.01,371.0,0
5360,70.65,12.57,56.36,939.0,0
46311,45.11,11.37,93.81,441.0,0
88629,63.15,8.98,65.6,54.0,0
91940,66.47,10.42,62.2,113.0,0
35534,90.78,14.09,71.74,546.0,0
83332,65.9,9.97,34.97,100.0,0
18115,48.74,1.28,82.86,795.0,0
35914,65.16,22.8,50.58,548.0,0
11269,44.53,3.92,61.63,809.0,0
71870,76.49,4.99,62.08,219.0,0
5405,67.94,11.84,54.68,886.0,0
40438,65.52,15.89,98.96,482.0,0
99990,42.64,10.42,61.58,0.0,1
61413,40.95,4.66,46.4,358.0,0
32468,65.02,2.98,100.0,586.0,0
38588,67.15,9.32,65.34,571.0,0
99506,83.12,-4.27,45.95,0.0,1
59860,70.05,7.14,71.8,346.0,0
27719,41.94,15.48,55.51,663.0,0
44876,59.76,9.02,64.52,459.0,0
71134,63.4,5.44,59.03,243.0,0
99390,63.45,12.87,71.04,0.0,1
63082,84.72,12.97,100.0,376.0,0
84112,63.4,4.41,77.7,49.0,0
89141,67.52,12.16,100.0,0.0,1
45739,45.31,17.07,51.52,506.0,0
25190,85.54,20.55,61.74,649.0,0
59454,60.44,10.91,92.19,415.0,0
50007,88.73,4.86,69.63,449.0,0
49281,71.4,8.8,55.23,524.0,0
90634,27.92,20.93,65.85,69.0,0
49003,48.77,7.65,67.32,378.0,0
2657,78.65,4.2,57.5,968.0,0
2784,62.01,13.82,41.46,864.0,0
14720,58.53,9.26,53.75,732.0,0
43060,69.69,18.47,36.89,409.0,0
62018,61.86,7.97,18.64,301.0,0
77489,56.54,14.64,82.83,101.0,0
57298,49.41,5.37,92.24,459.0,0
83603,42.59,16.36,55.18,153.0,0
67758,51.47,12.22,77.9,295.0,0
49985,62.5,3.24,67.65,437.0,0
54418,38.12,11.19,65.86,406.0,0
83542,84.81,7.55,45.45,150.0,0
63064,64.53,9.72,72.41,377.0,0
31077,49.72,9.07,100.0,631.0,0
77508,57.88,11.31,83.91,211.0,0
15668,57.99,13.02,49.48,797.0,0
30019,38.34,11.39,100.0,623.0,0
91081,63.16,2.44,93.93,30.0,0
5859,63.48,15.29,69.86,839.0,0
73194,49.34,8.37,49.2,171.0,0
92928,57.59,16.22,63.7,63.0,0
68177,60.81,2.6,72.24,270.0,0
50544,60.38,19.28,57.36,341.0,0
18646,69.95,8.47,45.44,796.0,0
31726,52.56,10.95,75.39,643.0,0
70334,59.59,6.79,71.84,243.0,0
80486,55.56,15.86,63.91,33.0,0
53894,45.5,14.32,39.95,459.0,0
43425,66.75,8.25,32.21,489.0,0
86629,40.23,4.8,62.86,52.0,0
23629,62.84,9.84,89.08,675.0,0
85035,72.44,12.38,94.57,53.0,0
6650,37.49,12.22,68.94,886.0,0
12596,72.36,5.15,55.39,803.0,0
69977,53.07,2.62,100.0,235.0,0
42164,94.71,14.79,75.69,547.0,0
52171,58.1,8.01,74.62,430.0,0
21047,71.61,10.29,65.76,658.0,0
49271,71.47,10.22,62.04,448.0,0
55934,76.54,12.9,63.57,361.0,0
72897,77.41,1.18,95.69,220.0,0
56142,47.93,4.13,77.73,462.0,0
27213,21.46,1.5,87.12,733.0,0
48202,59.88,11.17,55.14,430.0,0
93095,81.68,19.42,67.44,0.0,1
18264,53.8,13.81,71.9,744.0,0
85737,31.57,13.33,62.06,91.0,0
66378,83.88,9.81,71.57,250.0,0
84243,63.08,7.39,72.92,173.0,0
97238,51.2,17.88,76.0,71.0,0
6041,79.34,13.51,27.73,864.0,0
1357,27.89,9.08,99.87,979.0,0
75761,44.74,8.94,62.17,240.0,0
7705,46.73,8.63,85.72,909.0,0
44813,72.75,14.76,66.51,574.0,0
30473,73.62,12.98,70.59,703.0,0
74526,76.44,5.76,35.86,193.0,0
23503,76.41,8.44,78.2,715.0,0
3306,54.45,13.94,73.79,999.0,0
29721,38.61,3.69,75.23,714.0,0
82271,55.14,9.93,65.99,117.0,0
33447,88.0,16.11,73.02,637.0,0
21453,80.36,5.66,73.43,651.0,0
53632,53.38,19.11,43.72,327.0,0
17526,55.94,10.7,80.8,767.0,0
88138,78.72,5.87,71.85,36.0,0
47466,63.73,5.47,86.44,560.0,0
20298,56.23,11.19,90.98,740.0,0
48482,63.84,8.48,46.18,476.0,0
29310,77.17,12.97,63.95,629.0,0
27069,50.56,8.38,71.44,703.0,0
31747,45.97,18.22,84.89,622.0,0
75923,59.06,4.05,67.37,139.0,0
52958,47.85,3.11,73.82,454.0,0
80159,64.2,9.98,78.3,41.0,0
7537,60.68,11.67,71.95,895.0,0
59912,51.82,5.63,72.45,419.0,0
54667,38.79,11.46,69.28,369.0,0
19816,38.4,3.08,34.89,827.0,0
74495,63.93,6.8,16.87,207.0,0
9327,42.23,10.32,85.83,786.0,0
86343,81.66,16.75,76.26,42.0,0
76193,38.47,10.94,90.22,183.0,0
49613,43.21,15.31,61.18,548.0,0
40411,65.16,11.17,93.44,580.0,0
80760,69.06,14.08,54.03,157.0,0
12045,58.43,4.89,77.34,805.0,0
46844,59.63,11.96,65.76,511.0,0
73691,62.12,15.3,72.65,221.0,0
67783,74.45,7.72,53.32,366.0,0
33637,46.91,6.06,59.99,663.0,0
68621,61.99,1.74,100.0,309.0,0
37713,62.49,10.48,100.0,654.0,0
96955,62.72,11.37,93.29,19.0,0
64529,62.0,16.13,49.7,274.0,0
68038,66.61,12.3,73.23,190.0,0
45009,46.98,3.33,59.57,566.0,0
58638,20.85,6.21,35.78,352.0,0
32840,69.39,6.75,41.91,634.0,0
70661,58.7,8.46,100.0,283.0,0
14438,36.73,10.68,74.75,845.0,0
45327,48.31,14.95,100.0,538.0,0
91465,68.19,4.69,100.0,90.0,0
62484,73.7,6.3,60.28,389.0,0
77221,62.3,10.63,84.44,235.0,0
36259,50.63,11.75,74.47,518.0,0
38575,69.97,-3.96,71.14,562.0,0
23755,65.42,16.61,70.6,725.0,0
45688,75.17,13.32,78.13,539.0,0
23091,80.23,19.68,58.43,680.0,0
29744,55.65,9.49,57.06,609.0,0
63344,70.72,-1.31,100.0,377.0,0
67886,66.48,11.28,67.96,349.0,0
44208,62.82,17.01,74.2,532.0,0
57869,57.18,17.38,84.0,319.0,0
67911,43.96,17.97,49.66,241.0,0
69005,44.18,15.59,13.0,302.0,0
2343,75.61,9.9,61.95,953.0,0
54185,86.29,12.65,78.83,416.0,0
94932,71.85,15.15,65.84,0.0,1
43122,59.47,9.02,66.39,400.0,0
76289,51.03,-8.02,70.0,132.0,0
30333,65.79,8.77,88.14,632.0,0
40179,56.62,13.98,87.01,629.0,0
22409,63.01,11.17,81.7,704.0,0
78721,66.46,6.39,79.8,247.0,0
29871,47.54,3.68,58.77,692.0,0
29217,61.89,5.02,51.25,710.0,0
55052,63.73,8.09,67.62,423.0,0
17588,55.22,5.63,58.19,773.0,0
70675,64.3,8.28,45.23,255.0,0
89066,72.86,15.92,67.33,8.0,0
96156,77.16,20.5,39.78,0.0,1
90766,61.04,14.05,49.44,72.0,0
77087,55.52,24.26,49.45,148.0,0
13508,81.38,15.8,67.54,817.0,0
17721,60.29,22.15,59.37,822.0,0
53483,74.6,3.59,46.03,481.0,0
21458,63.35,10.68,51.58,866.0,0
69841,59.64,17.57,45.99,269.0,0
3378,63.4,7.01,39.49,933.0,0
81644,72.94,13.87,45.67,77.0,0
79842,46.29,12.79,39.21,230.0,0
17655,28.08,12.14,74.19,822.0,0
21218,67.45,5.82,78.88,764.0,0
20296,92.15,15.54,100.0,609.0,0
8603,49.21,13.05,85.46,799.0,0
19673,21.17,14.09,100.0,721.0,0
9760,38.67,4.02,77.76,896.0,0
64287,34.03,8.54,89.19,310.0,0
12492,31.15,16.03,49.03,912.0,0
32397,94.17,1.98,77.94,630.0,0
71615,61.63,5.31,61.1,275.0,0
83625,41.07,0.24,70.47,13.0,0
473,68.77,9.32,79.39,971.0,0
89092,26.18,6.37,85.37,105.0,0
55594,48.33,15.4,41.63,363.0,0
99091,71.99,0.67,100.0,0.0,1
81237,45.7,5.88,66.04,111.0,0
87601,89.06,10.21,72.59,61.0,0
55998,60.24,9.98,86.15,423.0,0
96583,41.64,12.22,64.58,40.0,0
70934,52.86,5.23,49.39,204.0,0
49418,72.16,14.15,67.89,471.0,0
50614,41.76,11.63,98.45,424.0,0
8098,39.76,6.56,62.91,881.0,0
15810,48.85,6.18,43.14,880.0,0
603,73.73,6.81,67.9,889.0,0
57156,61.36,1.46,58.26,518.0,0
92608,70.48,16.9,92.94,0.0,1
86015,56.47,9.03,63.53,118.0,0
49731,59.87,7.26,59.53,457.0,0
65258,60.14,4.28,88.74,280.0,0
23228,60.75,12.94,36.64,754.0,0
3266,56.57,12.94,30.54,986.0,0
12269,51.34,8.02,95.03,882.0,0
21041,53.87,10.89,67.93,779.0,0
90247,48.04,12.58,71.07,100.0,0
13706,37.14,15.79,76.45,782.0,0
40076,39.79,11.62,65.0,616.0,0
31147,64.01,13.53,46.57,641.0,0
61675,49.29,15.9,89.14,318.0,0
61861,36.23,1.63,88.42,367.0,0
94865,60.68,2.78,63.42,35.0,0
14042,52.93,12.41,64.44,942.0,0
74241,37.17,19.28,100.0,173.0,0
95476,97.01,5.94,63.19,49.0,0
77509,49.48,8.32,72.53,160.0,0
61426,81.66,5.28,70.27,319.0,0
20410,40.55,16.98,100.0,725.0,0
82634,85.64,11.93,75.26,136.0,0
45960,65.46,-2.38,56.23,428.0,0
26065,36.37,9.33,59.29,674.0,0
97295,51.36,12.22,89.76,0.0,1
51390,70.33,11.08,68.78,369.0,0
87740,51.12,15.18,65.63,162.0,0
59947,31.72,11.34,75.88,252.0,0
53420,68.4,5.76,100.0,522.0,0
38563,59.83,14.72,68.62,631.0,0
99144,71.51,1.61,57.17,6.0,1
96919,46.87,11.45,58.69,0.0,1
39659,87.4,13.65,100.0,526.0,0
4688,59.86,12.69,60.25,874.0,0
63014,33.94,6.14,83.09,283.0,0
702,68.43,5.49,23.33,858.0,0
84301,66.79,15.63,45.89,126.0,0
79939,53.31,-1.61,91.65,155.0,0
32577,101.33,5.41,73.06,578.0,0
86125,76.87,13.03,59.77,12.0,0
54851,73.08,3.81,78.39,444.0,0
36862,86.13,5.57,71.83,581.0,0
25174,70.74,11.75,43.09,728.0,0
98605,44.43,2.14,66.26,0.0,1
26796,53.85,5.09,50.59,756.0,0
15220,61.44,13.77,54.25,878.0,0
60442,47.23,4.93,60.42,354.0,0
28649,53.67,10.34,61.81,658.0,0
79285,52.25,14.16,57.0,160.0,0
81977,57.04,5.74,20.14,152.0,0
85074,45.93,14.09,50.98,81.0,0
17740,62.62,7.99,53.08,906.0,0
70530,68.36,20.24,100.0,312.0,0
22257,48.93,12.61,61.4,756.0,0
29145,64.48,10.91,71.17,701.0,0
22316,48.85,10.26,70.78,701.0,0
61223,38.32,13.65,62.17,234.0,0
37316,92.79,12.94,77.17,625.0,0
69944,57.73,9.13,84.86,226.0,0
13628,58.95,6.84,40.79,851.0,0
83006,27.51,11.43,32.78,198.0,0
54705,46.69,17.52,81.08,453.0,0
62822,39.16,14.88,87.52,239.0,0
65876,48.32,11.95,58.41,240.0,0
13224,57.5,10.01,35.75,817.0,0
15435,67.03,15.16,75.49,709.0,0
60175,61.48,12.61,46.96,315.0,0
13071,86.74,8.97,66.6,754.0,0
34432,61.76,8.91,73.08,600.0,0
55493,38.98,11.93,100.0,296.0,0
27352,42.95,11.18,59.16,708.0,0
5209,64.08,8.15,100.0,856.0,0
42143,93.62,11.2,71.96,539.0,0
98452,35.74,9.31,45.66,0.0,1
56072,46.06,10.72,81.22,373.0,0
18221,63.69,12.34,78.05,717.0,0
71168,44.83,8.73,69.33,280.0,0
8126,58.84,2.41,82.17,865.0,0
88065,44.9,3.35,81.32,113.0,0
9253,74.4,9.17,87.73,834.0,0
69850,20.5,16.53,71.5,280.0,0
70839,81.56,3.54,76.94,263.0,0
33638,50.23,15.32,70.96,646.0,0
16136,24.34,9.66,41.57,789.0,0
23439,31.99,6.8,76.91,654.0,0
93211,68.2,8.99,100.0,0.0,1
92114,63.28,11.71,58.92,48.0,0
51363,85.57,14.72,19.21,453.0,0
77101,58.87,2.56,99.41,186.0,0
17375,49.55,10.08,58.55,806.0,0
45241,80.97,11.09,31.21,592.0,0
18169,58.89,15.49,64.36,772.0,0
86366,52.43,15.75,87.41,130.0,0
64987,33.08,13.32,59.96,314.0,0
44701,70.97,11.07,91.72,459.0,0
62496,47.01,12.6,47.28,346.0,0
37427,41.92,15.51,72.34,453.0,0
71564,76.94,13.93,91.56,247.0,0
1061,77.64,10.45,65.43,974.0,0
14477,67.91,11.48,54.39,740.0,0
6827,68.43,9.49,47.78,833.0,0
22054,70.09,14.02,77.0,721.0,0
61397,76.23,16.33,85.57,285.0,0
88890,45.57,6.74,82.94,0.0,1
4535,61.9,14.94,100.0,821.0,0
24444,67.11,-0.59,46.84,678.0,0
79562,74.41,13.52,62.1,131.0,0
50511,52.81,9.27,85.72,338.0,0
62782,73.95,4.31,81.8,336.0,0
82014,51.87,15.62,41.09,59.0,0
76035,64.21,7.97,83.18,222.0,0
97704,78.76,7.4,64.1,46.0,0
6883,49.29,10.35,69.58,901.0,0
63070,54.76,14.14,63.47,296.0,0
32845,46.54,13.77,81.55,651.0,0
51533,57.86,8.08,40.04,475.0,0
84844,59.11,16.97,72.15,35.0,0
51960,50.73,11.48,77.78,402.0,0
17737,69.84,13.99,100.0,762.0,0
7016,68.23,5.39,60.65,822.0,0
60636,62.95,4.65,43.1,362.0,0
64799,63.63,15.09,57.67,259.0,0
5268,58.35,13.03,82.41,927.0,0
72613,52.03,18.08,54.72,185.0,0
75860,71.76,9.49,89.62,152.0,0
9297,69.98,13.26,100.0,894.0,0
53301,52.0,18.44,93.22,413.0,0
4322,70.11,14.94,94.02,838.0,0
81388,85.76,12.83,37.19,68.0,0
29323,44.8,13.68,74.86,648.0,0
25404,46.99,8.79,59.29,768.0,0
72435,39.79,12.31,82.25,259.0,0
48325,39.13,10.39,86.75,540.0,0
60095,64.51,9.68,59.65,223.0,0
1228,56.0,5.59,100.0,863.0,0
32580,30.72,8.07,49.85,653.0,0
46357,70.43,11.8,63.42,578.0,0
27359,98.51,10.78,81.72,675.0,0
60962,54.45,10.82,37.45,340.0,0
73046,57.73,11.65,85.14,236.0,0
9667,63.31,0.22,29.57,982.0,0
59088,51.96,10.74,62.49,418.0,0
14258,56.5,3.13,90.52,852.0,0
35001,61.7,9.75,73.7,610.0,0
75253,54.18,3.33,69.21,204.0,0
8166,72.71,13.57,61.47,884.0,0
54710,56.2,16.62,56.82,400.0,0
52490,73.43,18.26,100.0,460.0,0
30649,63.49,9.54,40.61,682.0,0
60461,61.73,23.58,55.14,361.0,0
81668,68.87,-2.33,50.98,165.0,0
86387,65.25,7.95,87.28,155.0,0
58656,24.96,10.87,76.85,433.0,0
64498,63.53,5.41,94.96,200.0,0
30817,65.25,14.19,64.26,590.0,0
76242,77.42,10.58,59.19,239.0,0
35140,31.99,-0.91,88.84,609.0,0
28881,77.1,4.05,78.48,711.0,0
55961,27.29,17.05,99.48,460.0,0
32526,54.2,10.8,80.95,573.0,0
21441,69.45,14.88,61.91,773.0,0
82319,53.47,16.96,65.79,62.0,0
64048,58.49,10.79,64.48,372.0,0
29182,42.38,8.82,69.67,623.0,0
11598,73.17,7.06,51.14,866.0,0
57942,52.96,9.99,100.0,366.0,0
46612,63.04,9.7,61.12,535.0,0
95983,54.67,10.4,57.34,0.0,1
80080,73.14,6.67,68.45,213.0,0
50855,76.49,5.29,83.56,477.0,0
78927,46.77,10.32,75.03,166.0,0
61689,65.34,14.63,62.75,346.0,0
24623,58.67,3.88,67.46,739.0,0
57228,32.72,15.83,42.0,358.0,0
94142,84.38,7.91,91.66,0.0,1
87718,60.65,14.38,92.39,3.0,1
5538,53.63,11.63,77.4,920.0,0
5153,44.89,17.56,59.27,931.0,0
22076,59.87,19.9,68.02,632.0,0
19650,49.33,2.01,79.47,774.0,0
31410,83.63,6.8,61.72,646.0,0
65801,53.52,11.53,75.05,322.0,0
66918,62.21,7.24,78.13,284.0,0
16055,55.56,4.86,79.45,805.0,0
65304,62.23,6.33,37.23,280.0,0
36383,51.8,7.2,77.82,576.0,0
9361,81.82,18.16,51.72,910.0,0
58123,71.19,15.53,53.66,320.0,0
43868,83.62,7.72,24.97,463.0,0
31479,73.11,5.65,83.66,761.0,0
705,52.5,9.87,52.75,978.0,0
30196,67.47,13.91,85.68,631.0,0
62236,51.13,15.24,59.52,328.0,0
60023,63.08,8.56,100.0,390.0,0
48915,63.5,11.62,100.0,407.0,0
25891,69.37,11.84,40.2,679.0,0
85325,49.55,14.9,76.45,147.0,0
58268,63.49,16.02,77.93,429.0,0
56505,61.98,10.54,66.16,439.0,0
40089,55.77,9.87,63.98,546.0,0
86085,66.62,13.75,60.69,116.0,0
86128,52.64,3.85,100.0,83.0,0
74420,59.67,2.41,86.66,172.0,0
51817,45.76,10.29,76.38,456.0,0
27152,48.83,15.29,93.7,684.0,0
74775,72.42,9.44,64.66,267.0,0
56553,29.77,7.62,52.91,446.0,0
20643,83.85,17.9,62.87,735.0,0
24167,73.12,7.25,85.32,700.0,0
47612,91.52,16.24,37.64,433.0,0
77443,71.88,9.53,56.91,189.0,0
26329,76.14,8.95,54.22,681.0,0
23927,56.49,11.24,67.57,672.0,0
75735,55.63,8.61,74.76,269.0,0
75923,80.98,15.73,67.92,175.0,0
16039,43.28,14.66,100.0,785.0,0
75197,58.82,13.38,77.08,133.0,0
8090,56.46,15.25,56.54,873.0,0
61365,58.46,11.05,29.8,309.0,0
21528,37.73,6.0,80.27,753.0,0
37109,44.02,11.1,58.45,588.0,0
85179,27.27,8.65,62.47,121.0,0
31987,40.92,8.61,55.79,644.0,0
73644,79.23,4.76,100.0,315.0,0
94146,79.54,6.64,81.52,22.0,0
488,46.21,11.92,67.25,973.0,0
39492,72.97,7.65,94.99,598.0,0
21809,64.57,9.2,65.1,687.0,0
67760,39.21,20.01,52.97,222.0,0
37898,51.63,10.78,72.66,625.0,0
25793,34.54,4.04,68.59,679.0,0
99085,57.83,13.97,91.79,0.0,1
8255,66.68,8.92,47.47,851.0,0
12629,46.15,3.77,100.0,841.0,0
61527,51.35,19.43,70.79,380.0,0
87792,51.87,2.78,36.79,101.0,0
80267,64.88,11.41,88.75,201.0,0
48944,43.36,14.72,49.51,402.0,0
47855,45.48,12.77,79.26,453.0,0
82855,60.08,4.7,44.0,114.0,0
73233,37.83,2.01,77.22,144.0,0
41646,65.82,5.4,63.22,520.0,0
157,57.42,12.12,29.67,888.0,0
76010,58.18,12.7,52.19,235.0,0
12399,43.69,9.76,60.49,927.0,0
6982,79.37,13.33,88.58,902.0,0
35209,71.75,9.01,16.25,667.0,0
18955,46.09,7.76,100.0,755.0,0
98106,67.06,11.23,65.88,0.0,1
13734,69.3,7.57,53.23,756.0,0
33504,75.14,4.9,91.42,632.0,0
62835,26.28,4.59,80.04,319.0,0
29517,60.37,15.11,72.56,673.0,0
5243,71.76,17.04,50.55,861.0,0
94898,35.01,5.89,81.94,67.0,0
37009,51.95,12.15,90.73,594.0,0
7379,46.6,10.03,33.19,862.0,0
4054,81.25,14.28,46.17,840.0,0
30627,80.95,6.27,78.89,646.0,0
81725,65.05,11.05,73.92,134.0,0
3084,66.0,6.18,50.55,884.0,0
70073,78.71,2.0,42.45,239.0,0
60520,41.56,10.52,66.09,395.0,0
842,63.39,11.7,62.85,1024.0,0
29967,68.85,16.07,40.69,613.0,0
60760,57.36,10.86,55.12,416.0,0
52655,56.2,5.34,71.14,519.0,0
11575,63.98,7.63,70.11,900.0,0
47940,58.36,-0.23,55.35,460.0,0
13205,40.5,15.87,61.78,787.0,0
67698,63.7,11.43,49.52,198.0,0
3494,55.82,0.57,79.08,978.0,0
11136,62.67,11.0,59.24,783.0,0
68157,36.74,11.76,77.39,312.0,0
78694,34.06,8.91,49.69,146.0,0
52066,69.67,9.19,26.45,472.0,0
35363,81.9,5.29,36.16,647.0,0
25027,77.89,21.63,51.69,641.0,0
38062,52.79,16.85,73.15,596.0,0
48645,87.49,4.4,67.99,597.0,0
49515,49.43,6.29,88.46,494.0,0
66649,53.59,10.81,100.0,351.0,0
87478,70.53,5.33,54.98,112.0,0
57860,73.35,3.06,64.46,357.0,0
38404,84.49,8.92,76.36,501.0,0
93818,63.96,15.16,63.26,35.0,0
3263,66.1,2.27,78.41,836.0,0
68790,59.61,1.11,86.4,331.0,0
63056,66.61,9.88,63.27,384.0,0
89390,86.83,8.95,75.47,45.0,0
52958,63.39,9.44,52.05,441.0,0
35647,87.41,17.59,62.16,621.0,0
49216,57.51,7.08,73.94,521.0,0
22094,68.84,11.59,72.76,679.0,0
69619,50.73,3.18,84.63,272.0,0
37231,58.36,0.39,69.41,519.0,0
18227,52.35,5.57,54.49,755.0,0
228,67.23,1.73,8.99,930.0,0
16839,46.61,7.95,43.65,810.0,0
33929,67.34,12.73,78.26,518.0,0
83854,87.35,3.94,54.51,140.0,0
65650,80.86,17.87,82.76,241.0,0
77983,89.31,9.35,79.15,134.0,0
56081,38.18,15.06,85.27,362.0,0
13970,71.42,7.25,63.24,788.0,0
76989,50.69,9.22,45.49,145.0,0
6866,51.15,9.32,56.67,863.0,0
56310,72.28,3.3,63.46,346.0,0
74301,61.32,9.05,60.2,290.0,0
66293,69.02,13.32,92.14,332.0,0
36269,70.62,8.83,73.28,537.0,0
91760,48.05,5.04,87.77,132.0,0
95612,28.82,10.39,61.29,23.0,0
14542,35.35,4.09,66.96,905.0,0
23313,25.11,-0.42,66.51,824.0,0
7354,56.08,15.02,42.57,941.0,0
36335,66.01,9.7,40.68,624.0,0
39144,109.07,9.48,79.57,561.0,0
27847,21.68,10.25,80.99,740.0,0
70560,74.45,23.79,77.32,260.0,0
65679,54.35,8.99,88.44,381.0,0
41745,40.77,12.44,86.96,492.0,0
52984,66.72,12.39,51.16,459.0,0
63545,55.18,9.09,85.16,424.0,0
38864,52.28,8.66,58.4,545.0,0
23798,76.0,11.32,48.07,579.0,0
20150,75.32,10.74,98.7,754.0,0
74605,42.49,11.66,90.25,176.0,0
8534,18.94,8.79,78.94,868.0,0
8469,72.06,0.89,100.0,804.0,0
90796,61.71,1.39,100.0,0.0,1
14555,68.76,1.49,22.78,786.0,0
43165,66.55,6.09,100.0,510.0,0
5739,80.48,10.76,97.51,890.0,0
76049,40.04,18.56,74.35,175.0,0
77127,43.65,12.52,100.0,122.0,0
46244,45.11,7.42,36.81,476.0,0
67057,59.55,8.28,72.21,232.0,0
80093,55.56,9.9,85.76,137.0,0
16230,64.98,14.06,75.93,756.0,0
97935,62.5,10.72,75.9,1.0,1
53361,48.93,8.87,79.87,367.0,0
26044,52.78,3.57,72.32,712.0,0
47087,61.9,0.15,100.0,453.0,0
36075,64.08,9.76,71.01,549.0,0
36765,58.69,11.24,18.47,552.0,0
87632,49.09,12.76,56.52,41.0,0
31419,51.91,11.47,67.63,620.0,0
82072,61.3,11.56,98.25,101.0,0
35355,58.5,12.43,57.97,575.0,0
62643,58.2,21.56,57.79,327.0,0
87262,70.45,15.26,81.01,79.0,0
44568,42.95,8.89,100.0,506.0,0
57633,72.52,5.51,52.24,328.0,0
61402,54.06,10.55,66.69,269.0,0
94664,77.84,16.7,73.75,28.0,0
57163,51.82,19.17,87.64,355.0,0
56620,63.64,1.9,74.29,475.0,0
39395,54.97,11.81,60.4,532.0,0
71605,69.68,3.13,78.77,176.0,0
88068,32.51,15.77,45.43,45.0,0
6558,78.79,9.97,83.01,859.0,0
9369,77.55,8.92,68.63,839.0,0
27770,80.15,6.18,59.16,761.0,0
51088,67.13,10.17,53.64,387.0,0
44336,96.57,23.02,48.45,496.0,0
7054,48.02,14.49,78.09,886.0,0
97683,85.97,15.59,55.67,49.0,0
90493,36.06,15.56,63.53,40.0,0
90503,48.04,17.56,100.0,1.0,1
75899,62.56,15.84,52.26,249.0,0
65444,64.76,15.29,53.39,270.0,0
77564,80.81,9.96,62.53,151.0,0
81957,71.6,15.9,62.79,64.0,0
80187,55.44,14.18,100.0,190.0,0
17551,73.82,6.82,100.0,782.0,0
36149,53.04,9.0,21.83,595.0,0
88067,59.7,8.98,54.23,54.0,0
6758,55.5,12.56,87.42,908.0,0
36529,40.66,9.52,83.57,693.0,0
73611,56.25,7.96,84.83,172.0,0
87806,72.4,13.02,81.39,25.0,0
23097,63.61,8.74,52.07,756.0,0
198,51.57,4.65,66.51,939.0,0
72654,55.38,3.18,83.92,352.0,0
25122,63.8,-4.42,79.69,730.0,0
41434,38.37,8.57,54.17,468.0,0
67141,77.36,4.41,56.59,276.0,0
38386,25.98,4.39,78.76,619.0,0
79873,58.3,5.97,78.99,122.0,0
82503,53.84,19.06,73.01,162.0,0
90056,61.07,19.11,53.25,0.0,1
86360,59.58,5.37,65.01,93.0,0
54164,49.73,4.04,50.86,428.0,0
87599,52.57,1.75,82.91,109.0,0
29738,71.66,15.17,100.0,620.0,0
15769,91.74,12.21,90.1,826.0,0
15929,63.4,7.53,80.03,680.0,0
3147,80.29,10.03,73.23,917.0,0
23649,66.04,3.78,60.21,670.0,0
57543,57.11,3.92,86.22,421.0,0
32706,68.38,8.17,70.77,652.0,0
60170,56.09,17.74,77.59,350.0,0
64282,100.4,11.6,47.28,286.0,0
59602,71.76,12.16,100.0,398.0,0
73363,55.68,10.37,64.88,254.0,0
4547,73.06,15.34,91.57,873.0,0
44899,75.9,18.29,62.0,512.0,0
22977,57.18,11.61,72.28,668.0,0
3772,68.54,8.04,77.97,914.0,0
12767,76.23,13.12,79.09,784.0,0
21518,55.42,6.62,71.87,691.0,0
87140,63.78,20.03,74.93,75.0,0
18090,63.81,5.06,82.59,820.0,0
71299,78.9,13.29,83.82,211.0,0
29959,62.97,12.96,52.06,648.0,0
5058,50.25,9.72,21.35,936.0,0
25889,49.11,7.55,71.92,670.0,0
62537,79.12,19.68,64.26,271.0,0
21526,53.27,17.43,85.63,788.0,0
81963,71.56,6.59,89.35,271.0,0
20512,38.13,13.7,51.62,710.0,0
49425,70.17,7.28,95.92,414.0,0
736,97.82,3.14,47.93,855.0,0
12926,61.92,13.82,60.57,827.0,0
4680,74.95,10.76,41.31,872.0,0
535,50.86,10.37,100.0,953.0,0
76973,52.11,14.79,64.0,115.0,0
50104,41.25,19.49,48.3,387.0,0
73036,52.62,10.73,100.0,128.0,0
40412,58.27,13.25,63.96,478.0,0
65749,70.51,9.05,100.0,416.0,0
87980,70.87,11.41,53.86,127.0,0
96365,58.79,13.06,79.88,0.0,1
2790,54.76,11.32,54.25,879.0,0
96958,48.28,17.52,100.0,0.0,1
45234,23.29,8.56,47.76,579.0,0
34807,68.94,8.59,37.5,644.0,0
83705,60.04,10.9,52.02,141.0,0
61522,75.12,9.03,69.11,283.0,0
5743,59.32,11.12,75.5,889.0,0
36619,56.69,8.1,43.97,553.0,0
30010,60.11,10.74,51.28,563.0,0
26899,69.17,9.58,50.58,618.0,0
67479,37.67,11.17,99.03,229.0,0
93326,59.4,16.14,63.15,101.0,0
66430,78.4,7.51,77.14,263.0,0
29171,50.52,5.15,100.0,640.0,0
54562,47.37,7.5,77.02,385.0,0
75832,69.49,14.55,56.81,235.0,0
68388,71.49,6.0,59.25,349.0,0
35898,51.4,1.67,57.72,620.0,0
88683,70.84,3.74,79.0,109.0,0
67483,50.2,1.75,69.17,286.0,0
81767,80.28,15.89,36.54,132.0,0
35243,20.13,10.58,65.84,565.0,0
71739,88.12,4.92,48.6,265.0,0
75347,35.22,16.5,54.52,267.0,0
73279,72.59,11.11,38.9,189.0,0
88493,58.08,12.72,100.0,89.0,0
1985,64.39,7.4,86.26,973.0,0
66344,60.73,2.09,78.64,342.0,0
16250,62.32,12.37,69.05,770.0,0
8851,53.41,23.17,78.66,862.0,0
31066,70.23,11.12,66.91,657.0,0
23716,90.43,3.31,99.51,734.0,0
60813,43.33,15.25,72.2,364.0,0
15223,48.8,9.19,66.89,814.0,0
18737,41.48,10.67,52.52,720.0,0
44962,60.88,5.52,61.6,544.0,0
34210,95.23,10.91,64.52,693.0,0
45824,56.91,9.88,100.0,447.0,0
81510,63.81,10.45,65.73,154.0,0
28889,70.04,12.65,20.98,589.0,0
43990,44.9,15.94,78.35,469.0,0
54616,76.46,10.46,43.01,358.0,0
13787,59.71,10.81,87.15,817.0,0
78946,48.73,9.77,49.28,148.0,0
65620,56.99,13.39,70.63,316.0,0
98281,57.77,0.24,100.0,0.0,1
48690,86.15,16.96,100.0,396.0,0
18875,45.2,0.7,68.05,718.0,0
4645,50.14,7.44,50.36,908.0,0
88465,39.05,-2.06,97.94,41.0,0
22745,61.87,23.24,92.38,691.0,0
79262,53.45,6.4,72.99,189.0,0
91793,40.92,16.89,76.29,0.0,1
84118,57.21,13.17,46.43,7.0,0
58593,67.4,-0.9,71.0,393.0,0
86972,70.39,13.58,85.96,65.0,0
79913,87.91,10.46,60.02,89.0,0
16994,59.37,13.48,41.91,769.0,0
4965,51.93,11.18,79.03,888.0,0
58612,56.87,14.15,89.76,390.0,0
28708,78.77,11.24,74.13,604.0,0
12447,47.31,13.42,46.68,832.0,0
88246,59.19,11.29,70.42,43.0,0
58466,70.04,23.27,67.17,278.0,0
647,46.13,8.97,75.4,1022.0,0
50824,58.23,17.51,44.37,445.0,0
83594,94.09,17.74,63.46,151.0,0
75222,59.52,12.54,65.59,160.0,0
85180,70.77,6.74,80.69,153.0,0
1021,79.03,7.66,94.71,890.0,0
68735,54.92,13.88,78.26,248.0,0
64698,55.48,7.16,87.99,299.0,0
15005,59.06,4.63,36.29,839.0,0
50021,23.85,12.16,80.93,413.0,0
47394,60.92,10.4,69.28,469.0,0
75313,62.04,9.49,63.48,177.0,0
2368,50.61,6.34,56.79,999.0,0
66992,64.76,8.42,64.13,346.0,0
30374,48.47,4.44,51.21,590.0,0
57028,23.11,9.57,57.58,334.0,0
85184,61.92,4.65,70.98,102.0,0
35875,42.22,13.81,44.2,643.0,0
35749,68.27,12.03,47.61,628.0,0
76339,39.84,4.8,92.14,173.0,0
37472,64.12,5.96,29.81,694.0,0
55022,103.36,13.96,76.89,413.0,0
30531,90.73,16.83,62.04,622.0,0
48867,50.01,11.09,62.88,511.0,0
85327,53.29,1.84,76.45,80.0,0
77448,70.89,9.55,47.75,241.0,0
29696,65.7,10.78,79.36,614.0,0
52591,44.4,10.54,82.0,391.0,0
66472,65.78,11.8,58.53,310.0,0
65809,63.03,14.59,77.78,332.0,0
74924,32.35,4.38,60.57,184.0,0
83509,46.62,19.58,71.1,119.0,0
21005,33.43,-1.6,67.76,762.0,0
39398,44.16,12.37,74.7,479.0,0
58780,51.87,7.77,38.11,430.0,0
86059,66.18,13.55,65.62,176.0,0
69254,41.7,11.58,50.03,223.0,0
83414,37.79,16.45,68.22,211.0,0
20431,49.39,8.12,75.02,745.0,0
66623,61.63,6.57,62.25,361.0,0
40966,87.03,0.62,46.04,482.0,0
30682,48.32,2.07,77.37,654.0,0
92533,38.12,10.94,84.8,22.0,0
72912,45.96,8.94,67.0,258.0,0
40874,78.15,-1.24,63.66,531.0,0
51958,66.08,6.38,72.67,481.0,0
30434,68.94,12.84,46.35,621.0,0
49819,58.53,6.19,86.22,399.0,0
69530,46.67,3.39,29.35,211.0,0
85370,57.83,7.92,60.43,126.0,0
49912,47.73,-3.26,80.96,529.0,0
20507,88.58,10.53,97.05,793.0,0
34613,38.42,8.14,66.82,574.0,0
70717,67.52,4.46,50.17,261.0,0
70943,53.46,18.9,42.75,246.0,0
9059,85.63,13.5,89.41,810.0,0
61729,50.29,8.81,72.4,269.0,0
78939,21.37,4.53,65.44,235.0,0
42351,72.87,15.93,88.32,562.0,0
99450,66.2,6.56,61.71,0.0,1
51520,80.81,10.96,83.41,397.0,0
10048,45.07,4.74,75.06,857.0,0
92492,32.35,11.65,80.85,51.0,0
57339,77.76,14.33,58.2,373.0,0
12754,63.96,5.44,63.7,879.0,0
2267,90.78,14.38,36.46,928.0,0
23946,72.59,18.98,62.32,747.0,0
73426,46.94,7.57,84.76,209.0,0
39037,29.46,8.15,71.49,641.0,0
30965,65.15,3.86,100.0,692.0,0
15250,67.65,14.33,95.47,766.0,0
95527,45.78,3.96,84.3,0.0,1
24133,51.56,8.91,67.81,680.0,0
74766,40.94,7.2,60.36,204.0,0
54257,64.36,10.69,56.67,410.0,0
97827,57.91,12.68,74.19,0.0,1
36316,56.71,2.72,60.77,647.0,0
95391,58.53,6.78,72.85,13.0,0
32438,86.58,12.74,27.1,588.0,0
75250,64.36,6.69,62.1,212.0,0
58135,58.91,5.14,51.87,406.0,0
35618,53.79,20.05,63.25,575.0,0
48785,28.18,5.57,63.52,498.0,0
65908,60.25,13.06,87.81,391.0,0
71258,78.19,6.24,38.33,202.0,0
65053,84.98,17.24,85.49,377.0,0
56901,76.43,10.66,69.93,331.0,0
28680,52.69,11.44,65.52,563.0,0
94822,58.51,14.61,87.75,0.0,1
142,46.11,9.12,60.05,922.0,0
19723,60.9,9.02,46.59,773.0,0
78076,74.28,14.26,62.2,140.0,0
52831,39.85,14.81,57.12,369.0,0
97023,54.61,4.65,54.31,50.0,0
13350,87.02,7.12,79.84,800.0,0
84291,67.64,7.5,64.59,113.0,0
62384,67.3,18.38,64.48,267.0,0
19064,83.9,14.76,73.12,713.0,0
23012,63.04,16.07,72.44,634.0,0
76376,41.4,12.21,85.33,338.0,0
51457,85.7,11.81,74.74,427.0,0
61019,60.13,3.19,81.56,403.0,0
46628,64.18,10.41,71.64,495.0,0
77238,63.74,12.03,71.02,89.0,0
56104,50.82,6.32,87.14,389.0,0
91623,54.3,11.06,69.04,29.0,0
31237,44.8,10.26,51.43,623.0,0
1113,62.35,8.03,63.86,959.0,0
37378,73.38,3.81,100.0,690.0,0
93459,58.78,7.83,48.47,0.0,1
27475,38.21,8.65,41.76,736.0,0
8942,42.98,11.81,48.4,877.0,0
42862,72.68,8.68,61.92,601.0,0
61323,57.7,12.32,40.23,287.0,0
58279,48.95,8.1,43.92,395.0,0
40175,41.32,7.78,56.11,499.0,0
2447,62.31,11.54,97.97,933.0,0
82968,52.8,5.01,94.53,163.0,0
6141,46.06,9.04,55.97,851.0,0
77424,58.13,8.79,58.73,210.0,0
70960,39.42,6.08,90.34,233.0,0
50237,58.67,10.02,82.75,480.0,0
11984,72.14,11.72,71.96,873.0,0
56104,63.88,8.69,76.71,403.0,0
75904,70.81,1.77,79.81,217.0,0
89168,40.39,3.25,75.85,89.0,0
70322,71.89,4.09,100.0,255.0,0
50771,49.03,5.54,60.58,481.0,0
98217,39.1,5.47,34.23,26.0,0
43064,64.84,16.22,62.06,461.0,0
51644,74.26,15.88,94.13,448.0,0
92404,46.54,16.03,86.02,-0.0,1
14107,60.09,8.18,86.13,756.0,0
82582,72.83,7.42,96.57,8.0,0
52226,76.85,7.4,66.93,496.0,0
94937,65.27,13.06,63.59,61.0,0
5576,73.56,9.9,65.82,915.0,0
2672,85.57,-1.84,66.0,952.0,0
81997,65.76,-3.57,100.0,260.0,0
92189,51.03,1.94,61.64,102.0,0
67172,81.42,12.92,77.12,219.0,0
47307,43.45,15.77,71.9,515.0,0
14813,50.46,7.05,93.84,755.0,0
53914,46.2,7.64,77.39,481.0,0
45568,46.9,9.94,100.0,467.0,0
7971,88.76,17.34,67.41,920.0,0
98166,56.91,6.39,76.48,0.0,1
59598,57.06,18.36,75.4,293.0,0
47800,32.65,6.21,67.21,508.0,0
753,32.36,5.07,47.76,894.0,0
34350,74.86,4.75,54.25,698.0,0
28247,65.49,7.65,91.99,707.0,0
48921,59.55,5.93,85.67,397.0,0
87155,81.08,2.47,73.74,71.0,0
50276,57.26,7.52,84.72,530.0,0
78191,44.66,2.46,75.7,194.0,0
9628,67.61,5.2,98.74,922.0,0
83160,62.02,13.22,56.85,51.0,0
55061,64.23,4.36,58.59,417.0,0
75314,64.87,14.92,85.55,230.0,0
65986,47.89,15.22,50.22,337.0,0
73014,63.74,14.62,100.0,263.0,0
85174,58.36,16.68,55.96,142.0,0
56529,49.0,19.66,62.49,377.0,0
13926,74.29,12.3,51.42,797.0,0
40890,44.4,1.23,77.43,623.0,0
65524,51.02,-1.96,82.79,399.0,0
63406,26.64,8.15,58.96,301.0,0
18511,48.83,8.95,83.39,810.0,0
35047,77.89,6.35,19.17,666.0,0
71141,81.99,6.64,79.41,349.0,0
79259,69.67,16.66,24.59,227.0,0
2192,70.85,11.57,78.65,920.0,0
98200,59.61,8.07,57.04,0.0,1
82725,59.43,12.04,82.75,181.0,0
59880,75.64,8.34,84.73,326.0,0
44999,51.76,13.95,62.88,517.0,0
21743,71.01,17.16,100.0,778.0,0
51134,43.26,13.43,94.23,397.0,0
87157,68.41,7.83,54.31,49.0,0
88960,62.56,10.13,72.91,0.0,1
23815,37.68,1.25,77.78,710.0,0
73712,83.69,5.96,100.0,212.0,0
26586,63.79,8.7,27.06,675.0,0
41706,49.17,8.64,70.29,565.0,0
26998,78.04,7.37,61.85,603.0,0
20961,50.89,7.77,100.0,811.0,0
86909,57.55,21.72,74.48,80.0,0
24028,62.27,9.59,82.29,704.0,0
94457,61.45,14.08,35.67,66.0,0
63138,54.92,11.19,87.29,189.0,0
22184,69.56,17.42,64.3,774.0,0
58452,53.18,7.02,74.47,364.0,0
94551,58.11,16.48,55.48,12.0,0
96201,48.78,9.24,76.74,0.0,1
88308,52.56,12.92,36.7,16.0,0
51683,50.63,12.99,80.73,477.0,0
67913,66.5,8.92,68.94,225.0,0
91942,33.71,9.24,90.13,84.0,0
55701,60.5,10.97,57.04,454.0,0
2485,45.28,7.57,71.08,962.0,0
57083,77.86,11.1,74.15,394.0,0
4879,63.6,5.08,47.95,981.0,0
16021,35.1,11.93,92.58,738.0,0
58808,70.16,8.85,9.74,293.0,0
18461,72.15,2.55,27.07,775.0,0
35791,55.47,3.81,64.69,550.0,0
35157,72.88,11.51,92.35,554.0,0
44346,74.12,12.12,77.66,506.0,0
52276,50.79,9.51,76.36,504.0,0
96782,61.75,11.02,84.55,0.0,1
25521,69.25,12.26,100.0,692.0,0
8199,58.28,10.21,51.41,910.0,0
65895,87.33,2.42,45.52,191.0,0
36936,58.93,9.46,100.0,678.0,0
36317,66.87,2.22,74.97,642.0,0
9110,77.95,-2.65,59.15,852.0,0
12546,69.09,12.38,68.84,880.0,0
2864,59.06,7.94,72.38,867.0,0
91082,58.46,9.96,89.55,0.0,1
84438,35.88,20.36,69.33,143.0,0
29140,50.03,13.04,89.64,633.0,0
7152,44.01,6.4,100.0,915.0,0
43547,41.31,17.82,45.03,501.0,0
71889,67.67,9.19,64.78,219.0,0
83334,45.43,7.61,74.01,108.0,0
88463,61.0,8.94,89.25,68.0,0
30234,65.35,13.89,77.32,583.0,0
91634,50.96,14.93,82.2,0.0,1
17717,74.61,20.75,73.3,687.0,0
3071,75.29,9.18,81.14,887.0,0
55078,39.54,14.32,100.0,532.0,0
81850,72.31,16.86,90.35,188.0,0
39770,78.91,1.84,85.99,481.0,0
39217,99.28,6.39,62.37,495.0,0
25061,58.35,9.4,67.66,737.0,0
91652,64.62,8.98,62.32,112.0,0
39163,56.07,1.63,54.26,575.0,0
17737,51.97,10.53,61.66,706.0,0
46175,53.06,16.39,86.21,588.0,0
76748,47.55,20.29,33.75,217.0,0
19209,64.78,3.39,26.92,736.0,0
78257,76.63,9.39,100.0,275.0,0
59169,63.47,0.19,69.92,348.0,0
28426,52.59,7.41,55.46,699.0,0
48368,60.94,5.76,80.61,441.0,0
37759,92.01,7.8,70.01,599.0,0
58986,67.4,13.13,57.15,311.0,0
17195,68.1,4.44,35.69,791.0,0
71417,49.48,9.35,100.0,260.0,0
83547,49.64,12.68,35.57,94.0,0
18015,45.38,13.04,81.71,828.0,0
1905,69.39,16.08,63.42,895.0,0
23626,77.25,7.98,45.64,670.0,0
62604,48.63,12.0,90.27,420.0,0
72543,78.81,3.93,50.29,283.0,0
95506,79.7,-0.2,92.97,0.0,1
83926,63.84,24.83,58.44,67.0,0
65556,62.55,11.74,66.7,327.0,0
79887,61.82,7.26,54.98,150.0,0
66962,46.08,9.17,63.33,310.0,0
27995,58.52,11.55,88.23,663.0,0
25081,56.36,5.94,90.57,677.0,0
12419,72.4,9.62,37.82,851.0,0
24014,50.8,9.03,76.69,790.0,0
44946,76.04,10.97,74.62,526.0,0
52497,52.51,6.88,88.62,406.0,0
61083,36.6,6.05,55.27,450.0,0
64698,68.47,5.09,40.6,404.0,0
40509,13.47,12.22,38.56,473.0,0
85752,61.8,17.53,63.17,118.0,0
86034,72.86,6.04,100.0,109.0,0
72936,52.9,11.61,92.01,309.0,0
15382,31.85,7.87,55.29,790.0,0
36100,35.04,15.65,76.53,535.0,0
33419,61.82,7.22,54.23,679.0,0
41028,47.43,10.78,87.58,543.0,0
60791,48.8,5.37,70.39,390.0,0
35605,49.19,9.25,76.35,575.0,0
85182,58.49,10.95,60.96,139.0,0
42168,43.56,9.81,55.72,477.0,0
25479,61.05,8.34,73.4,707.0,0
19678,77.17,7.22,40.84,747.0,0
91659,61.28,19.87,41.91,0.0,1
15926,61.37,10.54,66.59,830.0,0
63527,53.86,13.51,67.07,339.0,0
85883,84.19,3.95,68.78,92.0,0
9146,64.54,11.59,54.8,798.0,0
22599,65.51,6.04,91.42,747.0,0
24512,49.53,9.11,67.51,762.0,0
20481,46.14,9.12,37.24,755.0,0
92159,58.3,6.89,99.31,0.0,1
32755,91.92,9.59,78.12,611.0,0
31186,91.01,11.81,59.0,657.0,0
34503,54.79,-0.9,49.47,603.0,0
37159,75.98,0.4,29.83,549.0,0
84373,59.43,9.13,44.28,103.0,0
11557,52.76,7.2,67.43,898.0,0
926,82.94,11.75,47.44,923.0,0
8181,64.36,8.5,54.91,908.0,0
96769,55.3,9.37,68.36,0.0,1
39563,84.6,2.92,62.06,614.0,0
78595,74.35,4.0,62.87,218.0,0
92507,48.03,4.03,95.72,39.0,0
42632,42.52,9.52,44.88,570.0,0
75139,54.26,13.7,79.01,199.0,0
3811,56.98,8.64,100.0,986.0,0
36587,69.41,16.74,81.19,572.0,0
82538,30.71,18.1,72.79,156.0,0
32415,55.73,17.52,90.5,544.0,0
75344,46.13,2.06,62.73,279.0,0
37378,58.44,9.28,76.78,646.0,0
54540,22.34,12.43,67.03,440.0,0
61499,78.86,7.02,100.0,329.0,0
95839,49.41,17.9,34.53,49.0,0
79691,72.02,3.69,61.38,137.0,0
73117,56.45,9.3,79.04,210.0,0
32512,53.49,8.37,87.23,645.0,0
47972,59.75,11.47,77.32,549.0,0
14369,80.54,11.93,71.64,819.0,0
50137,57.96,10.3,67.82,426.0,0
29587,86.69,14.29,37.86,705.0,0
68727,63.29,13.27,49.37,183.0,0
23537,58.17,11.45,77.78,774.0,0
41160,78.28,4.2,86.85,469.0,0
94076,63.75,5.78,93.25,45.0,0
47193,65.32,12.47,22.11,553.0,0
689,52.42,8.85,71.07,1040.0,0
43240,55.43,6.74,56.14,571.0,0
74630,46.73,7.69,72.79,236.0,0
11521,38.27,13.63,87.66,922.0,0
33338,99.39,9.91,37.32,593.0,0
83171,63.1,10.48,82.49,145.0,0
21775,64.96,4.64,87.41,699.0,0
93708,93.0,17.75,72.29,0.0,1
889,72.71,12.03,44.92,898.0,0
88415,30.3,20.23,100.0,11.0,0
15995,52.82,10.76,56.17,790.0,0
78862,49.37,-2.35,73.3,305.0,0
47460,70.94,13.49,27.67,448.0,0
14078,61.71,9.74,100.0,784.0,0
69991,42.94,6.19,57.42,208.0,0
48161,31.53,10.94,82.51,479.0,0
46842,60.77,8.48,89.84,548.0,0
61966,69.52,10.31,53.93,397.0,0
83009,53.25,10.53,73.27,98.0,0
64020,86.51,0.95,89.76,355.0,0
44250,65.44,10.37,90.39,494.0,0
80572,51.56,2.68,86.07,96.0,0
27179,36.52,9.11,48.91,736.0,0
21345,65.87,13.08,95.03,690.0,0
74139,59.2,6.43,81.34,144.0,0
43407,75.76,18.01,46.66,563.0,0
5782,52.72,5.08,68.8,899.0,0
52738,53.85,9.68,78.48,363.0,0
43015,79.19,5.86,66.37,588.0,0
12136,56.71,9.73,100.0,779.0,0
42255,34.75,6.81,70.98,531.0,0
56715,50.75,16.83,49.0,382.0,0
83607,59.06,15.34,48.83,88.0,0
14929,42.77,3.53,55.74,785.0,0
82899,66.28,4.11,88.52,123.0,0
25015,101.0,8.7,78.45,616.0,0
37384,53.07,7.31,64.46,601.0,0
54075,33.39,7.54,78.6,453.0,0
55828,83.18,8.62,100.0,424.0,0
46750,59.35,14.68,70.02,490.0,0
42601,46.23,28.28,29.91,465.0,0
46781,65.2,9.12,44.82,329.0,0
39871,49.59,12.12,87.25,626.0,0
40192,53.76,6.99,100.0,580.0,0
80461,79.49,16.2,78.45,125.0,0
13586,76.29,0.62,38.64,781.0,0
20890,44.07,7.83,42.6,828.0,0
80801,77.87,12.04,73.2,98.0,0
23894,64.02,0.68,55.32,770.0,0
45058,82.1,6.64,83.58,518.0,0
47684,68.91,10.53,88.42,506.0,0
88747,55.46,10.55,42.61,122.0,0
9882,67.64,2.23,49.02,843.0,0
58798,67.13,13.75,49.31,384.0,0
67680,70.41,18.1,70.45,140.0,0
5731,87.58,5.01,49.52,924.0,0
1603,41.33,15.76,46.62,980.0,0
6117,44.01,7.59,62.48,967.0,0
99533,36.28,10.13,100.0,0.0,1
39881,78.7,13.98,40.19,555.0,0
6227,48.35,15.09,69.36,923.0,0
80141,58.98,5.06,72.68,188.0,0
19337,54.63,3.06,31.55,859.0,0
24346,66.34,0.53,72.95,765.0,0
72360,84.1,0.61,52.65,268.0,0
80700,56.65,13.37,80.99,104.0,0
31042,42.85,15.5,78.25,666.0,0
29828,13.18,18.78,75.29,677.0,0
80113,72.24,7.83,74.73,89.0,0
4496,29.19,18.96,69.56,958.0,0
87452,59.49,9.05,79.16,87.0,0
19981,65.32,16.28,79.48,736.0,0
89049,56.94,8.02,57.55,80.0,0
65980,48.13,14.29,77.0,206.0,0
32464,72.7,14.34,100.0,637.0,0
9960,47.06,8.66,100.0,838.0,0
60140,60.44,10.05,82.61,206.0,0
9060,53.93,10.58,52.38,810.0,0
53451,62.47,19.94,83.44,391.0,0
99921,37.01,15.88,57.63,14.0,0
31360,73.97,19.32,37.34,697.0,0
41283,49.97,6.29,76.47,482.0,0
37691,40.57,14.07,69.68,537.0,0
79501,31.94,12.02,98.67,183.0,0
7384,51.5,5.17,66.7,935.0,0
38849,40.68,9.69,46.02,486.0,0
39389,76.44,6.33,64.27,576.0,0
43170,51.65,10.44,88.48,502.0,0
96151,75.87,9.99,76.56,0.0,1
41363,69.23,12.21,70.5,548.0,0
96153,64.9,14.15,72.85,0.0,1
15293,42.03,16.73,50.63,840.0,0
66146,38.32,8.78,62.47,387.0,0
56551,32.19,6.36,69.6,397.0,0
87802,53.1,11.07,81.74,36.0,0
34067,50.53,12.44,77.95,656.0,0
48293,61.59,16.16,36.46,490.0,0
35964,72.33,5.64,43.73,584.0,0
88153,55.96,14.68,47.17,149.0,0
51745,64.38,16.31,62.78,391.0,0
67075,58.08,6.35,90.27,298.0,0
82793,43.52,7.81,51.22,86.0,0
65415,59.46,9.2,79.78,294.0,0
59435,68.22,11.13,85.43,273.0,0
45998,59.31,11.01,71.53,394.0,0
5843,50.53,13.29,57.51,945.0,0
12569,40.65,17.82,84.8,795.0,0
77956,53.56,11.81,77.24,153.0,0
40965,62.32,11.27,99.8,495.0,0
14966,92.39,16.3,74.69,796.0,0
2761,28.73,12.14,66.42,930.0,0
47860,57.75,9.45,75.46,489.0,0
46762,67.55,12.48,55.73,472.0,0
73821,88.64,10.18,90.87,269.0,0
23850,81.13,14.1,76.86,687.0,0
30915,64.99,10.47,91.17,752.0,0
65658,63.23,5.25,68.43,225.0,0
65784,61.04,9.99,27.51,272.0,0
53200,64.85,4.1,60.36,338.0,0
23496,58.14,17.24,86.08,730.0,0
31336,53.75,4.58,99.72,570.0,0
89125,60.89,9.42,56.04,110.0,0
8806,42.21,8.82,78.83,863.0,0
50921,67.63,10.9,74.82,483.0,0
54005,63.74,12.51,75.89,367.0,0
53721,46.84,15.29,67.87,357.0,0
2566,82.97,12.14,88.88,812.0,0
32779,76.81,9.21,76.86,604.0,0
17780,56.18,10.68,89.0,724.0,0
61496,74.85,5.5,48.43,382.0,0
33228,64.62,18.85,75.32,624.0,0
33746,68.0,-2.04,55.79,672.0,0
75251,46.52,4.64,88.49,222.0,0
67051,54.76,12.13,82.96,357.0,0
50523,71.54,13.96,68.96,400.0,0
36485,63.9,9.48,86.18,646.0,0
19411,46.56,8.76,74.21,777.0,0
73134,68.37,12.54,78.18,220.0,0
38764,81.08,5.61,61.06,565.0,0
2249,36.07,15.92,65.95,954.0,0
24943,38.7,7.99,96.29,693.0,0
76498,26.79,8.01,41.02,278.0,0
49591,38.48,12.58,80.66,438.0,0
65645,54.0,7.28,93.81,280.0,0
42940,64.21,16.57,70.88,499.0,0
70530,67.58,11.78,70.97,209.0,0
51222,71.59,9.08,57.64,433.0,0
77418,72.58,12.34,82.63,185.0,0
45168,64.4,14.7,39.1,550.0,0
7805,60.98,7.49,68.46,904.0,0
99422,57.61,8.68,63.75,0.0,1
45218,49.37,9.36,84.39,564.0,0
71642,62.35,7.48,41.75,233.0,0
25218,76.03,9.28,46.75,734.0,0
17634,48.12,18.48,53.8,797.0,0
26464,60.67,12.78,69.87,671.0,0
78513,55.52,9.93,84.31,200.0,0
1710,59.16,10.9,76.56,982.0,0
82048,14.88,10.54,96.61,200.0,0
65646,55.19,2.65,62.58,263.0,0
28526,74.47,7.45,85.79,783.0,0
59774,49.48,11.44,68.05,346.0,0
41826,55.04,3.84,91.48,461.0,0
21727,63.41,11.78,55.09,734.0,0
9245,26.63,6.05,99.71,836.0,0
67417,66.62,6.46,34.59,343.0,0
46564,41.85,14.69,61.08,549.0,0
32117,68.64,13.57,68.9,577.0,0
74242,63.31,13.36,62.32,244.0,0
96717,77.48,13.64,43.06,0.0,1
35561,60.48,19.04,86.7,614.0,0
81241,79.86,8.14,58.65,121.0,0
17406,31.59,18.28,89.91,799.0,0
48066,85.82,8.58,61.49,514.0,0
20388,50.6,4.98,100.0,724.0,0
84823,72.14,16.53,47.54,171.0,0
33727,78.16,12.31,80.74,612.0,0
35072,65.18,10.04,70.55,632.0,0
85997,49.49,7.2,33.6,32.0,0
3134,52.54,6.96,100.0,938.0,0
34016,45.83,2.28,87.13,619.0,0
23870,64.94,13.19,71.24,661.0,0
3114,48.81,12.03,45.78,931.0,0
81418,66.22,3.86,65.16,183.0,0
90604,56.06,5.29,46.52,21.0,0
25345,78.54,15.63,78.78,545.0,0
43088,72.51,9.23,42.34,472.0,0
87478,58.13,11.13,88.73,94.0,0
4802,74.4,12.67,52.25,928.0,0
42824,68.17,0.03,43.99,571.0,0
48907,37.61,15.37,63.88,549.0,0
84527,72.0,-3.35,99.47,170.0,0
46650,68.09,15.23,60.51,467.0,0
57389,75.91,10.8,86.38,333.0,0
57781,85.03,11.73,91.62,257.0,0
73831,58.26,10.81,100.0,203.0,0
88630,75.01,16.89,53.54,16.0,0
37440,66.52,10.65,96.15,461.0,0
68101,65.63,5.37,92.19,307.0,0
69331,77.24,2.9,68.72,299.0,0
3961,59.84,15.59,71.67,857.0,0
69256,53.06,11.53,93.79,188.0,0
73912,56.32,14.09,54.34,133.0,0
91731,58.72,8.36,86.76,4.0,1
96448,49.54,3.1,62.64,21.0,0
18790,79.04,12.76,65.24,777.0,0
71523,60.18,9.75,74.32,157.0,0
23252,59.94,21.59,40.7,654.0,0
69229,56.28,3.77,82.42,294.0,0
38003,47.4,12.05,55.17,642.0,0
92167,60.22,11.94,88.95,0.0,1
62426,85.91,12.81,49.56,264.0,0
69030,55.07,10.88,52.99,277.0,0
4748,87.04,16.99,87.55,939.0,0
59494,59.61,13.16,88.09,401.0,0
96453,77.73,13.37,19.06,0.0,1
92318,42.77,15.0,77.84,111.0,0
24402,81.06,10.0,84.83,770.0,0
64767,37.54,20.91,96.25,260.0,0
88436,39.36,7.22,87.08,88.0,0
38641,57.65,22.56,57.95,557.0,0
21001,64.38,9.54,29.67,715.0,0
36840,51.19,5.39,81.93,561.0,0
29999,47.14,9.58,89.57,611.0,0
9103,48.5,7.75,34.31,927.0,0
35489,70.4,19.69,75.75,518.0,0
3642,65.3,7.63,60.99,1000.0,0
6149,45.23,9.18,82.62,831.0,0
8066,76.15,13.71,37.83,756.0,0
57403,75.06,3.32,67.33,389.0,0
9160,48.68,22.45,43.23,926.0,0
12294,52.09,11.65,48.23,871.0,0
46234,71.92,4.84,67.0,487.0,0
13727,84.98,1.21,53.99,845.0,0
52051,65.08,14.5,76.95,530.0,0
37817,75.53,15.68,21.38,574.0,0
54391,63.46,23.43,53.83,410.0,0
24522,78.96,9.03,95.24,661.0,0
91661,50.04,6.73,53.57,0.0,1
28970,55.61,9.85,45.66,565.0,0
80381,63.01,9.29,94.29,79.0,0
868,60.3,6.35,74.78,973.0,0
24970,88.94,10.28,82.32,728.0,0
57020,58.82,6.91,58.54,323.0,0
35429,77.83,23.33,78.87,505.0,0
54180,53.39,10.97,97.11,390.0,0
22569,73.36,2.04,42.06,801.0,0
65620,85.97,11.09,36.91,385.0,0
83328,82.74,15.46,58.35,55.0,0
6998,73.91,18.5,53.7,910.0,0
67635,77.17,10.97,82.19,257.0,0
88100,78.91,14.22,69.95,0.0,1
53560,73.53,10.5,78.0,387.0,0
76803,70.66,9.24,46.1,101.0,0
98549,68.53,11.86,83.67,0.0,1
24455,73.74,16.21,78.71,734.0,0
36637,78.86,15.37,60.37,573.0,0
81552,55.18,6.83,100.0,143.0,0
23912,53.58,-1.39,50.93,728.0,0
83347,62.53,22.76,70.45,81.0,0
77020,51.95,15.64,70.58,127.0,0
2645,51.05,0.48,48.79,936.0,0
786,69.91,22.22,69.61,983.0,0
61555,61.42,17.69,71.0,371.0,0
4269,51.22,7.75,54.43,858.0,0
67173,70.56,18.08,24.01,316.0,0
4386,67.55,17.39,51.86,767.0,0
126,67.69,9.11,77.92,942.0,0
2181,44.92,12.84,58.25,930.0,0
43795,89.81,15.61,98.09,412.0,0
42403,55.19,8.37,97.77,522.0,0
57561,59.13,5.73,43.65,339.0,0
3571,58.26,5.76,59.64,977.0,0
68990,32.96,1.85,73.0,283.0,0
87913,35.54,5.86,73.55,69.0,0
47345,67.71,12.64,62.31,521.0,0
10865,80.99,9.67,65.38,911.0,0
33628,49.65,8.68,89.61,577.0,0
66674,58.9,1.11,88.88,209.0,0
21575,44.74,11.52,38.05,674.0,0
30289,57.56,17.86,69.42,649.0,0
3941,62.82,-0.08,63.62,890.0,0
40733,43.78,4.25,52.6,467.0,0
74264,67.0,15.31,100.0,259.0,0
74872,72.91,10.87,63.5,202.0,0
60493,43.38,13.48,47.53,329.0,0
52426,60.13,12.57,86.39,504.0,0
12581,58.02,8.19,87.04,722.0,0
93246,81.78,3.68,89.44,54.0,0
40158,78.37,11.88,76.81,622.0,0
26036,44.41,12.95,46.03,692.0,0
83713,89.24,14.71,79.9,158.0,0
43512,64.28,14.72,34.54,509.0,0
45426,60.19,16.21,51.95,493.0,0
69708,56.82,10.0,61.18,315.0,0
19109,29.74,3.96,45.17,711.0,0
73396,53.73,20.18,51.75,174.0,0
58643,80.79,8.48,63.23,342.0,0
63729,53.8,14.31,69.02,360.0,0
9945,44.62,8.96,73.38,859.0,0
31888,78.43,11.16,58.51,611.0,0
31562,69.25,13.09,48.51,596.0,0
61138,32.09,4.51,57.46,342.0,0
4023,57.62,12.37,71.35,987.0,0
37984,54.31,4.83,88.79,666.0,0
78299,31.71,5.44,79.08,204.0,0
29909,66.94,6.44,67.67,716.0,0
91065,63.73,9.87,57.21,15.0,0
90932,77.41,5.4,88.21,43.0,0
50026,48.01,17.25,100.0,343.0,0
10634,68.72,10.09,74.15,873.0,0
91604,86.24,2.17,50.73,20.0,0
71798,48.86,12.45,82.47,238.0,0
56145,54.02,20.09,70.05,297.0,0
44968,91.25,9.54,85.24,507.0,0
3396,57.48,4.54,66.82,878.0,0
15277,54.8,4.16,92.78,741.0,0
62587,46.46,8.32,71.22,358.0,0
51334,47.65,6.28,59.59,556.0,0
90106,69.54,10.78,25.55,119.0,0
80166,60.07,12.54,91.73,181.0,0
49468,25.49,0.57,26.93,538.0,0
51707,49.59,9.41,94.63,463.0,0
80315,38.69,10.17,75.96,115.0,0
10554,50.37,10.97,51.14,862.0,0
44356,59.57,15.79,97.76,493.0,0
36663,51.14,25.48,57.46,630.0,0
63010,64.93,14.83,96.75,288.0,0
38237,46.96,9.1,100.0,504.0,0
15878,45.89,3.98,100.0,762.0,0
35401,50.98,9.41,38.58,560.0,0
25571,51.96,5.8,62.52,666.0,0
72265,35.74,8.29,54.64,173.0,0
93871,42.81,14.95,52.52,0.0,1
53661,50.21,4.98,82.36,410.0,0
73493,57.31,10.31,80.15,214.0,0
69685,95.51,3.73,69.3,265.0,0
19232,47.8,4.31,98.3,699.0,0
23954,53.69,8.42,91.21,720.0,0
90925,70.6,15.81,77.89,16.0,0
11431,59.39,5.11,49.89,829.0,0
13524,41.45,4.46,75.62,878.0,0
90334,79.51,2.79,79.0,90.0,0
13951,59.69,7.63,73.41,818.0,0
60593,65.84,3.94,60.07,335.0,0
90306,38.72,8.32,64.71,122.0,0
96218,74.11,17.74,37.83,68.0,0
96021,65.79,7.63,81.36,0.0,1
99512,80.67,10.91,86.9,0.0,1
92306,77.33,10.17,62.63,71.0,0
41666,61.19,13.28,34.54,560.0,0
14828,62.86,8.62,59.07,838.0,0
9565,61.34,3.8,81.8,842.0,0
94705,56.14,9.61,65.52,0.0,1
46137,105.96,9.28,64.36,412.0,0
87208,44.26,10.94,81.85,98.0,0
99863,53.13,7.13,92.85,0.0,1
83924,61.45,4.18,58.94,82.0,0
50875,23.12,5.0,83.41,489.0,0
94405,72.44,4.34,67.94,0.0,1
95159,70.53,7.5,74.98,73.0,0
11911,59.86,-6.83,59.62,877.0,0
30480,49.84,20.45,65.8,675.0,0
41339,55.45,6.24,65.24,444.0,0
30110,49.76,1.71,53.4,690.0,0
2600,40.63,-3.03,56.03,903.0,0
98223,62.6,11.12,52.92,13.0,0
69097,53.28,0.34,60.61,291.0,0
56102,86.67,15.7,38.41,409.0,0
7528,78.94,13.99,57.42,708.0,0
18931,47.15,15.04,65.91,753.0,0
75125,85.25,8.02,51.44,198.0,0
64497,51.89,15.74,71.87,317.0,0
40117,61.21,10.72,79.15,594.0,0
10947,59.11,15.78,87.25,725.0,0
80363,83.44,3.93,67.61,115.0,0
97018,60.92,13.54,94.78,45.0,0
70711,44.95,11.35,67.73,236.0,0
17320,60.52,12.55,28.27,774.0,0
37555,71.57,10.22,77.43,637.0,0
22706,81.91,16.22,48.27,758.0,0
78040,42.88,18.44,70.86,112.0,0
39833,65.5,-0.35,40.63,667.0,0
51709,45.54,5.4,65.17,407.0,0
90509,69.62,12.53,81.44,124.0,0
14865,80.63,7.89,67.8,784.0,0
78154,75.39,6.54,53.94,105.0,0
67247,63.65,12.96,42.41,155.0,0
23450,65.95,12.71,72.64,774.0,0
38777,64.38,15.23,57.28,554.0,0
72823,56.52,10.59,67.07,175.0,0
65894,30.87,16.39,65.38,352.0,0
888,53.99,15.33,56.81,988.0,0
52574,21.08,0.37,70.53,487.0,0
25324,54.8,0.75,100.0,768.0,0
25802,62.53,12.25,53.17,704.0,0
32908,62.09,9.18,90.49,516.0,0
84325,68.39,11.22,66.45,42.0,0
58442,62.21,2.27,57.94,459.0,0
78020,70.13,4.31,69.83,243.0,0
83756,57.09,12.8,57.44,200.0,0
24982,53.68,0.04,74.61,728.0,0
54939,59.04,17.75,44.35,509.0,0
55869,65.3,7.07,43.45,454.0,0
6251,42.6,9.25,78.22,894.0,0
63321,47.27,13.12,53.16,307.0,0
99917,50.12,6.96,39.63,0.0,1
40873,93.1,11.27,65.47,537.0,0
78948,94.84,21.87,75.91,87.0,0
6969,72.34,4.03,58.48,981.0,0
89758,52.96,11.98,73.2,0.0,1
75330,51.99,8.72,50.41,315.0,0
10545,53.52,15.51,47.59,845.0,0
18741,95.63,15.02,82.32,728.0,0
50644,69.39,17.03,40.37,437.0,0
46031,43.05,11.56,87.6,547.0,0
36463,50.48,19.9,56.74,568.0,0
53181,77.73,9.9,98.33,424.0,0
75360,89.0,15.92,54.22,222.0,0
23044,51.07,11.05,98.38,730.0,0
24270,90.66,6.71,53.71,708.0,0
46075,76.42,7.27,55.47,402.0,0
66718,61.28,8.48,16.29,274.0,0
2303,65.45,9.54,76.9,877.0,0
87803,63.75,1.96,51.73,56.0,0
53857,78.18,5.12,61.99,417.0,0
66433,69.51,8.33,83.27,160.0,0
17401,39.77,11.17,72.28,847.0,0
45137,54.34,3.82,65.0,510.0,0
17054,65.54,9.17,41.9,762.0,0
22580,51.94,10.05,78.39,737.0,0
73721,69.13,11.39,61.12,262.0,0
6665,60.21,17.23,100.0,917.0,0
58257,44.7,14.06,85.2,269.0,0
11188,38.3,6.57,57.74,852.0,0
28365,41.91,14.22,100.0,655.0,0
37492,66.87,10.61,68.24,555.0,0
22429,48.81,6.51,60.87,768.0,0
59162,69.72,12.37,73.27,284.0,0
18884,41.36,10.86,33.85,787.0,0
14383,60.87,11.94,49.1,851.0,0
85355,45.37,14.11,50.62,59.0,0
33053,51.59,12.61,92.66,485.0,0
71001,50.79,12.48,74.06,191.0,0
8821,65.48,8.51,51.44,866.0,0
27604,42.76,5.67,78.14,765.0,0
96490,74.7,5.1,49.37,0.0,1
82160,50.8,2.86,53.48,175.0,0
70866,47.0,14.83,81.38,215.0,0
41125,64.15,10.09,57.38,492.0,0
62036,44.18,19.64,66.85,310.0,0
53533,57.38,16.79,62.31,493.0,0
3004,63.97,12.32,67.2,901.0,0
42856,87.46,17.42,87.46,480.0,0
82089,47.56,11.81,55.53,187.0,0
74755,50.79,16.2,93.02,228.0,0
48704,73.09,2.78,91.99,493.0,0
69843,64.02,15.15,79.99,267.0,0
43848,55.16,11.59,83.55,408.0,0
66380,61.9,12.06,94.0,291.0,0
87994,81.66,8.27,80.3,30.0,0
26086,91.91,2.69,57.78,760.0,0
18072,59.54,13.62,45.66,738.0,0
7771,60.7,13.33,100.0,879.0,0
19850,21.55,10.48,67.7,800.0,0
92833,55.4,18.71,96.39,10.0,0
26461,51.78,5.31,99.35,794.0,0
60676,71.49,4.88,82.16,451.0,0
10715,56.65,11.42,69.65,783.0,0
33929,52.3,0.42,80.5,603.0,0
94331,28.51,12.29,91.03,0.0,1
46693,61.79,8.32,76.26,457.0,0
85526,54.06,13.98,58.9,23.0,0
34421,33.81,13.65,100.0,595.0,0
73684,58.92,5.58,63.82,151.0,0
59294,57.1,-0.07,62.42,422.0,0
14647,55.41,11.43,66.19,787.0,0
13363,48.26,3.37,48.97,858.0,0
74154,71.18,14.64,72.66,280.0,0
13806,78.91,12.63,83.24,721.0,0
22459,56.5,11.34,57.15,714.0,0
44494,60.1,13.61,52.66,472.0,0
22745,64.55,4.43,92.16,819.0,0
15388,88.44,6.89,58.19,770.0,0
68763,75.42,12.07,34.82,278.0,0
74610,64.79,7.17,100.0,248.0,0
99316,47.46,5.25,47.03,0.0,1
65591,75.09,12.06,75.93,319.0,0
2000,69.71,11.34,48.93,897.0,0
68439,53.5,20.72,58.15,389.0,0
38215,55.83,10.91,52.71,489.0,0
70536,63.12,10.62,82.56,243.0,0
23194,54.1,2.62,71.09,761.0,0
14660,71.4,7.07,77.13,986.0,0
42167,66.29,9.63,93.2,402.0,0
64985,64.71,1.06,54.56,257.0,0
25012,53.89,3.96,63.67,754.0,0
23896,49.61,6.17,91.42,845.0,0
60120,51.57,16.21,41.75,348.0,0
24320,87.95,11.66,66.73,611.0,0
15205,44.55,17.19,51.8,769.0,0
84740,84.95,1.61,79.31,47.0,0
32526,41.79,13.04,87.98,607.0,0
49915,22.65,4.82,52.85,479.0,0
80176,67.96,9.44,88.78,175.0,0
66032,54.91,8.51,86.08,282.0,0
71275,39.44,8.34,90.18,264.0,0
30406,67.51,10.96,51.42,680.0,0
85824,33.27,6.16,80.22,153.0,0
89226,81.58,9.44,100.0,0.0,1
36288,82.64,16.65,60.06,578.0,0
63407,67.09,10.47,70.79,351.0,0
9171,29.95,12.45,78.38,938.0,0
69884,60.26,7.72,69.38,187.0,0
52723,84.73,-0.04,64.78,485.0,0
27409,69.11,4.14,82.32,579.0,0
54723,32.51,13.73,100.0,344.0,0
58034,63.08,5.2,70.01,394.0,0
34019,53.93,8.9,21.19,679.0,0
37368,60.24,13.04,63.03,571.0,0
69774,73.85,14.32,95.72,160.0,0
28010,61.6,7.09,87.43,636.0,0
90376,50.82,6.5,72.21,90.0,0
26306,53.95,8.75,68.91,721.0,0
93946,56.45,22.63,61.77,0.0,1
69267,70.73,13.12,20.27,260.0,0
2544,68.73,16.76,59.77,915.0,0
92864,50.67,5.06,44.37,38.0,0
81263,80.88,2.76,61.66,218.0,0
4370,64.77,11.19,45.75,823.0,0
60746,82.21,9.34,67.49,328.0,0
95241,48.09,1.41,38.05,0.0,1
1398,68.87,16.07,53.19,865.0,0
99413,61.01,0.8,62.91,55.0,0
80050,43.86,8.94,54.67,121.0,0
53341,67.48,12.67,48.61,492.0,0
54220,53.72,15.35,78.65,421.0,0
67551,55.91,3.76,46.09,264.0,0
78996,53.42,6.07,100.0,249.0,0
425,70.08,12.53,59.55,917.0,0
38132,51.55,7.4,86.31,568.0,0
29510,76.9,6.54,54.72,598.0,0
31260,47.0,11.19,30.46,655.0,0
51916,89.9,4.57,94.84,344.0,0
9831,54.46,15.14,85.8,927.0,0
31853,64.67,6.5,54.14,569.0,0
82077,60.45,3.31,63.54,184.0,0
14240,68.87,13.08,67.26,773.0,0
92382,62.06,18.05,88.73,0.0,1
81323,48.24,12.19,100.0,116.0,0
5796,74.53,6.35,100.0,966.0,0
74953,66.28,6.73,65.41,186.0,0
62866,50.21,1.94,89.14,347.0,0
66750,88.47,11.36,34.77,246.0,0
67556,59.87,11.91,75.81,276.0,0
20452,61.77,13.0,53.79,823.0,0
29013,50.56,9.34,76.36,617.0,0
31625,58.44,6.92,54.72,648.0,0
47983,26.94,11.0,23.34,429.0,0
51947,57.08,1.12,72.84,528.0,0
38152,50.54,10.85,97.23,564.0,0
39847,53.01,10.12,69.93,574.0,0
33688,63.32,14.01,71.36,567.0,0
17038,41.8,16.43,78.79,879.0,0
84266,60.22,9.77,76.46,45.0,0
37369,68.97,8.39,56.87,581.0,0
74911,68.92,11.75,52.38,196.0,0
26205,94.69,12.15,65.97,724.0,0
95509,45.26,9.63,67.82,47.0,0
50039,54.73,6.06,67.83,414.0,0
58061,67.01,11.92,68.88,397.0,0
36694,79.58,2.85,55.12,646.0,0
96022,69.37,6.54,64.72,0.0,1
87749,46.61,14.05,76.59,83.0,0
18445,78.2,7.91,66.07,808.0,0
3582,74.65,1.73,52.38,910.0,0
39275,58.36,11.35,80.01,614.0,0
84555,37.5,7.4,58.97,166.0,0
17266,57.77,9.75,62.06,684.0,0
41622,68.61,2.33,64.13,533.0,0
85459,44.53,1.05,61.24,148.0,0
85062,40.84,5.75,61.7,84.0,0
29125,53.82,6.82,74.11,668.0,0
43267,73.17,-4.38,61.48,535.0,0
50497,64.72,11.94,20.3,477.0,0
11980,48.51,13.97,62.52,853.0,0
93274,81.76,6.46,75.43,84.0,0
8354,53.42,23.35,87.2,756.0,0
29064,58.61,12.97,82.49,574.0,0
54164,52.06,4.76,100.0,339.0,0
32462,90.31,8.42,65.85,661.0,0
53234,74.06,14.32,47.01,353.0,0
66274,45.6,9.01,78.9,232.0,0
80535,22.41,9.1,52.25,182.0,0
9544,85.17,11.9,78.19,779.0,0
3844,74.82,11.01,83.32,866.0,0
91721,53.93,17.93,75.83,116.0,0
49838,57.88,11.99,51.73,458.0,0
1406,64.63,6.43,71.38,881.0,0
5700,63.16,6.02,67.32,859.0,0
56161,58.18,0.32,68.95,373.0,0
76046,63.3,12.83,60.82,262.0,0
9385,47.9,11.38,70.78,842.0,0
33114,59.8,10.87,59.72,617.0,0
36164,30.77,17.76,36.79,535.0,0
98883,75.04,16.0,63.7,0.0,1
45620,68.27,4.61,64.85,478.0,0
96674,66.69,6.24,73.83,0.0,1
37503,79.29,9.9,77.94,576.0,0
32097,60.6,14.88,67.34,610.0,0
41172,51.41,16.89,50.4,587.0,0
54894,63.12,9.79,89.38,414.0,0
65543,61.43,8.74,62.82,306.0,0
95113,58.27,12.73,58.78,0.0,1
86769,78.45,12.54,85.4,114.0,0
39164,47.99,5.0,57.8,605.0,0
31142,75.78,-1.9,60.66,674.0,0
20663,69.69,19.94,73.37,667.0,0
65944,66.23,18.66,46.54,226.0,0
5268,68.07,12.22,49.61,874.0,0
24063,51.5,14.54,73.28,769.0,0
72329,71.63,4.73,62.11,298.0,0
37837,39.16,14.95,68.14,513.0,0
75589,69.56,8.94,30.88,201.0,0
21607,54.84,11.31,73.59,689.0,0
95539,74.49,7.56,62.05,0.0,1
37313,59.36,18.32,85.67,589.0,0
13558,68.22,-1.87,95.63,706.0,0
65584,58.86,3.4,25.49,268.0,0
99618,74.34,1.55,61.23,0.0,1
58002,77.8,11.03,56.73,477.0,0
21330,62.95,19.4,93.4,739.0,0
45333,80.17,17.31,68.72,486.0,0
18260,77.17,3.24,54.61,787.0,0
46391,74.04,13.79,43.46,501.0,0
23795,69.09,7.92,87.31,616.0,0
78502,34.56,9.75,81.43,221.0,0
16739,64.33,9.37,41.25,733.0,0
71238,47.6,14.47,51.86,241.0,0
55111,50.5,-1.29,72.95,407.0,0
63248,56.23,14.33,85.66,354.0,0
55874,69.44,10.94,59.31,377.0,0
29789,70.97,12.93,74.2,552.0,0
85985,40.28,12.29,69.31,80.0,0
89397,74.46,16.22,86.82,0.0,1
11044,31.38,-0.86,93.65,873.0,0
5084,40.03,11.98,51.32,961.0,0
42143,39.65,9.91,56.26,546.0,0
83928,60.0,4.28,43.73,56.0,0
54012,62.65,2.86,97.51,376.0,0
78929,66.05,15.96,85.96,169.0,0
51135,82.15,11.14,61.43,410.0,0
28271,45.36,17.85,64.74,689.0,0
25127,64.14,9.98,94.92,685.0,0
27030,65.48,2.99,53.58,771.0,0
67030,46.18,6.27,72.72,313.0,0
89636,55.38,7.55,71.45,31.0,0
26079,52.98,17.42,48.62,621.0,0
31602,50.52,1.21,96.96,625.0,0
7981,66.32,-1.51,60.61,975.0,0
60820,63.55,15.61,54.22,428.0,0
17118,80.62,5.01,54.53,752.0,0
66014,53.36,16.86,89.34,238.0,0
7436,44.17,0.2,70.46,854.0,0
87642,64.09,12.51,67.45,0.0,1
50449,77.8,3.23,66.28,362.0,0
80822,76.7,9.98,98.74,167.0,0
60007,97.29,10.18,47.78,392.0,0
64275,59.49,8.25,80.76,354.0,0
31869,70.6,4.65,86.69,734.0,0
22638,37.87,9.28,92.24,758.0,0
93841,61.85,10.93,34.17,0.0,1
24796,56.11,7.7,82.3,631.0,0
11557,68.04,10.75,79.26,834.0,0
66244,61.11,0.6,50.25,292.0,0
42831,56.07,9.48,91.06,481.0,0
34807,51.0,11.87,42.46,613.0,0
76773,64.19,9.71,60.82,211.0,0
53481,59.55,4.55,85.0,419.0,0
24934,67.57,9.78,91.87,705.0,0
86332,41.09,2.27,85.29,175.0,0
74623,28.55,17.5,80.94,121.0,0
66604,57.57,12.28,70.32,293.0,0
37688,101.89,13.25,63.56,648.0,0
71585,66.5,15.55,57.25,300.0,0
78962,83.63,18.72,84.33,125.0,0
36247,53.21,12.11,65.28,630.0,0
89335,73.22,18.05,70.23,66.0,0
55279,31.55,17.67,54.21,405.0,0
88346,51.06,2.56,29.92,235.0,0
26180,68.87,15.29,50.14,696.0,0
69891,71.03,7.93,72.97,319.0,0
6942,65.18,11.14,78.04,904.0,0
43108,63.26,9.19,55.09,539.0,0
46894,70.34,7.47,94.17,511.0,0
6091,55.83,13.43,100.0,874.0,0
67934,43.24,16.16,35.99,307.0,0
7560,64.81,3.42,69.08,921.0,0
81695,51.96,2.83,58.11,154.0,0
85806,58.79,10.24,28.99,197.0,0
53015,69.11,8.93,87.56,327.0,0
8868,38.58,-4.23,80.0,963.0,0
52223,81.4,8.06,59.78,414.0,0
34127,44.35,7.96,100.0,672.0,0
6830,31.64,7.51,45.54,935.0,0
39065,34.22,16.84,73.77,453.0,0
98311,79.92,5.6,70.68,0.0,1
59028,47.92,-3.36,83.04,374.0,0
31061,21.62,11.31,93.45,720.0,0
94833,66.19,10.63,70.2,18.0,0
4351,57.32,12.25,47.66,821.0,0
46986,46.94,16.28,89.58,482.0,0
72462,41.12,13.17,33.27,243.0,0
39211,75.35,10.87,77.74,521.0,0
5363,55.9,9.04,100.0,809.0,0
2390,51.45,12.89,66.24,953.0,0
29922,51.32,7.55,65.01,693.0,0
54834,79.21,5.78,70.08,356.0,0
51803,87.79,18.48,61.03,391.0,0
43873,70.45,4.63,98.13,539.0,0
72738,54.44,18.24,82.71,225.0,0
94751,58.34,7.17,53.04,0.0,1
72551,53.97,13.44,60.05,268.0,0
70494,57.48,7.33,79.32,291.0,0
77706,69.65,4.3,68.67,112.0,0
84061,69.65,10.84,77.87,98.0,0
14503,66.19,4.18,91.35,747.0,0
70052,65.68,8.42,70.86,189.0,0
85617,66.39,19.52,80.83,130.0,0
8579,44.93,13.49,75.07,937.0,0
20245,85.66,9.14,59.68,668.0,0
65724,59.23,1.44,77.68,343.0,0
95158,34.57,-1.31,74.68,121.0,0
41089,85.21,3.92,32.75,555.0,0
23834,72.54,9.61,34.57,703.0,0
77192,79.42,12.83,53.04,182.0,0
96737,90.83,9.9,60.12,7.0,0
39735,38.31,14.59,32.64,525.0,0
16491,52.56,5.32,90.61,818.0,0
37407,71.2,12.22,70.78,523.0,0
67618,61.98,7.67,60.31,299.0,0
60761,34.23,4.63,77.36,384.0,0
54420,81.46,15.54,63.91,430.0,0
46707,45.48,11.39,60.56,381.0,0
17835,67.97,13.14,68.82,794.0,0
37792,54.46,11.81,25.55,548.0,0
65134,60.25,12.43,86.62,272.0,0
49328,70.15,16.42,82.36,475.0,0
51289,59.3,1.37,57.0,477.0,0
68090,59.26,5.72,65.37,269.0,0
89984,78.74,12.82,64.71,0.0,1
72050,48.35,13.1,72.73,206.0,0
82884,49.76,8.15,88.67,127.0,0
17328,74.96,18.46,100.0,735.0,0
73504,84.83,4.81,83.75,146.0,0
43259,47.37,8.52,57.23,494.0,0
80940,70.27,8.92,92.43,151.0,0
60668,76.61,13.72,70.99,282.0,0
76915,66.9,5.77,73.87,210.0,0
15860,45.57,14.41,87.06,767.0,0
38238,80.38,15.6,56.99,484.0,0
4008,47.06,17.15,57.82,881.0,0
50470,52.18,16.92,82.99,396.0,0
69744,78.1,11.76,86.36,343.0,0
55292,43.1,16.89,85.9,509.0,0
92585,69.25,13.85,78.98,0.0,1
97227,59.14,7.22,91.3,28.0,0
36988,43.38,9.97,100.0,598.0,0
47969,60.37,8.58,46.2,480.0,0
24749,79.84,15.01,55.47,633.0,0
59194,76.06,17.86,83.28,368.0,0
98453,65.4,17.36,70.3,0.0,1
92403,98.97,4.55,62.02,0.0,1
23151,50.61,14.1,68.64,600.0,0
52497,45.56,11.76,71.02,465.0,0
8199,54.03,6.56,62.16,972.0,0
43522,40.89,3.99,62.68,506.0,0
35057,62.59,10.81,70.16,685.0,0
16171,76.46,15.19,45.41,767.0,0
59246,60.96,5.81,68.0,276.0,0
9255,47.72,14.53,66.99,882.0,0
39315,36.04,17.43,70.77,559.0,0
36211,56.17,6.33,42.33,618.0,0
32685,53.75,13.22,92.92,658.0,0
20304,68.15,3.91,90.48,745.0,0
86546,34.55,7.03,61.59,32.0,0
74673,35.39,6.75,79.15,214.0,0
98869,72.12,7.34,100.0,0.0,1
95106,61.37,10.82,83.12,16.0,0
72047,63.29,7.75,59.19,241.0,0
44775,71.08,8.7,57.78,524.0,0
68946,70.59,10.92,85.27,269.0,0
55776,61.71,18.81,75.36,364.0,0
68518,69.93,5.91,50.92,277.0,0
62502,64.89,7.83,64.76,285.0,0
55131,30.46,7.76,80.53,384.0,0
91966,52.74,8.13,87.09,17.0,0
49680,42.59,6.49,35.51,431.0,0
55911,65.71,13.12,58.0,333.0,0
96087,19.3,10.76,71.02,68.0,0
62183,72.53,12.11,46.33,285.0,0
36071,72.46,10.31,48.2,595.0,0
25155,77.21,15.96,52.41,674.0,0
95669,49.9,13.49,51.89,0.0,1
88806,48.62,3.74,100.0,115.0,0
88495,60.85,6.78,47.09,2.0,1
30281,35.74,12.02,84.01,656.0,0
58134,62.19,15.14,93.79,362.0,0
5721,56.84,-2.08,43.32,907.0,0
76086,72.63,17.83,59.93,76.0,0
20298,88.51,7.53,52.82,718.0,0
84805,57.71,5.7,45.92,76.0,0
66484,66.21,26.68,100.0,227.0,0
57723,61.43,7.24,85.42,442.0,0
48475,35.91,9.49,61.24,475.0,0
33291,60.12,10.42,66.83,622.0,0
43242,85.85,9.16,92.24,463.0,0
1884,63.54,5.57,75.14,978.0,0
7492,60.82,4.46,86.86,856.0,0
95925,71.16,6.28,51.34,29.0,0
52023,77.64,12.26,81.79,471.0,0
13635,61.36,12.49,55.19,804.0,0
41280,82.03,12.26,84.39,552.0,0
18034,65.9,10.96,81.92,742.0,0
66622,44.21,10.96,70.12,245.0,0
95453,31.57,7.52,78.52,49.0,0
99862,44.37,15.21,84.19,0.0,1
14349,37.82,10.8,100.0,922.0,0
41460,51.01,14.93,82.15,574.0,0
57969,51.5,13.16,76.01,456.0,0
95979,70.41,7.2,75.42,163.0,0
30438,82.87,13.24,91.05,684.0,0
67644,46.72,10.44,41.07,236.0,0
42657,39.99,8.3,63.66,614.0,0
87571,59.17,6.26,71.01,61.0,0
18647,59.53,8.03,98.46,783.0,0
17039,67.41,17.89,93.19,730.0,0
70000,76.86,11.38,70.47,308.0,0
58257,51.48,5.26,67.59,334.0,0
24901,38.8,2.81,66.01,770.0,0
33398,55.2,6.86,82.42,605.0,0
72014,71.07,10.42,65.54,206.0,0
61436,30.16,15.02,78.18,319.0,0
72882,45.79,8.33,51.72,204.0,0
23008,35.17,3.82,62.97,814.0,0
75202,87.02,3.81,100.0,207.0,0
22259,53.05,20.5,59.7,727.0,0
25388,65.46,13.54,71.67,698.0,0
42085,41.65,16.46,61.89,603.0,0
61288,66.28,7.37,64.45,321.0,0
13673,79.56,6.23,42.71,764.0,0
67186,50.04,9.11,82.97,312.0,0
60240,67.1,16.79,84.61,270.0,0
50989,59.0,15.68,100.0,518.0,0
20657,53.4,15.04,45.95,731.0,0
77451,62.05,11.59,57.66,198.0,0
64369,64.04,8.84,58.57,234.0,0
80640,85.01,-0.2,56.96,61.0,0
52168,57.76,11.31,60.72,382.0,0
69153,68.91,18.06,92.73,197.0,0
34132,66.17,20.13,84.56,521.0,0
64369,52.57,5.71,45.4,238.0,0
23824,94.04,13.3,88.8,609.0,0
38264,66.74,12.45,40.84,549.0,0
57132,38.37,12.85,43.22,361.0,0
65685,58.07,2.51,81.24,287.0,0
80129,45.15,1.19,96.67,227.0,0
89014,60.43,16.42,52.26,3.0,1
7205,44.48,20.09,68.91,865.0,0
37941,73.66,17.32,60.32,558.0,0
90013,37.46,10.18,76.68,136.0,0
24690,68.82,10.8,86.58,620.0,0
3988,76.48,3.1,85.17,948.0,0
96551,47.25,12.3,79.47,0.0,1
39800,57.05,0.6,83.79,610.0,0
89198,66.23,11.94,79.66,110.0,0
69360,46.23,11.39,61.56,302.0,0
68592,56.74,13.64,53.73,294.0,0
99277,53.4,15.97,79.95,0.0,1
47270,76.13,6.55,64.59,555.0,0
8839,74.67,5.78,69.13,927.0,0
59813,76.1,18.98,76.86,339.0,0
55127,45.65,12.05,100.0,365.0,0
18228,53.81,6.24,56.37,728.0,0
40903,77.37,6.01,88.85,527.0,0
45232,53.58,10.45,71.18,537.0,0
72812,57.38,10.9,42.55,229.0,0
63447,52.23,9.48,77.47,361.0,0
87764,35.25,-0.17,52.66,14.0,0
59942,52.26,0.05,96.29,335.0,0
79508,77.88,-0.73,75.85,166.0,0
72578,81.07,12.99,100.0,206.0,0
84801,43.12,6.45,79.25,106.0,0
78505,73.03,1.9,75.59,219.0,0
85061,69.66,15.19,77.49,136.0,0
71105,55.58,11.09,100.0,238.0,0
88392,68.36,4.73,42.61,62.0,0
49427,67.73,3.99,48.5,516.0,0
14357,43.29,4.13,91.08,802.0,0
42879,76.7,-2.07,64.67,489.0,0
38009,52.91,10.45,90.14,639.0,0
49351,61.0,9.59,58.83,332.0,0
77319,53.32,14.82,95.56,244.0,0
13591,62.62,13.32,76.77,783.0,0
28778,71.92,8.48,89.06,669.0,0
58049,57.67,4.9,51.98,382.0,0
10178,52.93,0.55,72.88,899.0,0
54315,71.47,12.24,59.72,356.0,0
432,58.39,13.46,57.45,871.0,0
13119,82.71,0.48,81.52,818.0,0
96055,50.08,6.13,39.55,0.0,1
97444,62.17,12.06,81.19,46.0,0
53146,29.26,4.56,46.89,465.0,0
44914,59.53,4.43,52.93,503.0,0
5363,72.05,5.3,21.82,978.0,0
45893,67.62,13.08,54.69,467.0,0
59437,62.75,6.02,75.3,320.0,0
69041,69.09,5.72,52.73,165.0,0
91857,80.07,9.86,76.24,19.0,0
912,52.79,12.06,69.48,941.0,0
87526,49.39,6.65,70.35,34.0,0
51953,58.16,18.1,71.22,359.0,0
71087,77.93,5.69,62.17,212.0,0
69936,52.34,9.56,63.11,294.0,0
35710,50.66,21.16,54.54,558.0,0
81981,60.72,11.14,90.24,210.0,0
7744,65.44,10.34,57.2,995.0,0
80018,57.03,7.08,89.01,115.0,0
17185,64.05,11.09,61.04,738.0,0
73568,62.82,8.99,73.13,230.0,0
1091,44.19,9.46,69.53,913.0,0
26991,55.12,21.93,33.13,682.0,0
12369,81.61,12.61,100.0,811.0,0
84128,64.17,7.65,41.46,69.0,0
20181,58.81,8.65,73.09,781.0,0
1117,87.05,6.28,62.76,955.0,0
39930,60.25,13.88,76.04,486.0,0
22142,62.35,6.55,65.79,721.0,0
44635,79.1,12.44,87.82,500.0,0
98131,51.0,11.53,68.7,0.0,1
99848,54.9,8.94,80.15,0.0,1
90849,57.52,13.07,73.11,0.0,1
89333,55.43,10.15,75.02,24.0,0
6955,72.0,12.81,28.49,870.0,0
93964,67.25,5.44,70.99,0.0,1
14629,61.6,15.41,73.7,864.0,0
83431,67.21,12.77,51.46,121.0,0
10562,86.85,1.48,92.96,856.0,0
41986,53.85,19.4,46.3,508.0,0
83725,43.7,9.7,46.05,105.0,0
82288,83.45,5.52,48.97,33.0,0
3778,19.4,19.22,92.89,894.0,0
10774,63.76,11.73,81.77,843.0,0
27565,74.87,3.31,56.13,725.0,0
44182,48.69,2.38,78.58,501.0,0
88298,72.75,12.89,93.49,71.0,0
70333,69.2,24.46,49.54,265.0,0
45929,62.19,16.46,84.3,376.0,0
24628,34.21,17.55,100.0,743.0,0
78422,62.12,14.42,67.59,127.0,0
88223,59.7,15.6,34.68,114.0,0
82964,43.26,13.09,65.71,44.0,0
73369,53.94,17.01,84.69,158.0,0
68465,62.93,14.35,59.61,231.0,0
76328,75.41,9.55,75.94,110.0,0
1097,52.74,11.97,100.0,945.0,0
2065,52.29,9.63,100.0,1004.0,0
5647,59.53,11.91,49.75,929.0,0
10336,62.75,19.35,70.2,816.0,0
96058,56.62,7.43,71.98,0.0,1
95741,37.04,11.61,65.6,35.0,0
18827,52.52,6.11,81.75,823.0,0
67268,53.74,6.41,74.96,278.0,0
89482,77.03,8.82,56.01,98.0,0
493,77.19,15.24,81.3,979.0,0
86321,49.11,2.4,65.83,7.0,0
57820,58.65,3.02,47.02,464.0,0
75422,63.19,5.55,70.97,309.0,0
30321,56.18,15.29,77.18,647.0,0
49386,87.03,11.15,73.42,523.0,0
8914,43.25,12.09,95.93,796.0,0
6804,39.97,5.55,63.87,970.0,0
16017,50.43,6.72,55.49,692.0,0
77900,38.73,6.84,75.97,149.0,0
85953,62.62,-6.94,73.55,171.0,0
82602,67.78,8.42,98.05,107.0,0
13295,59.46,10.31,82.39,758.0,0
40646,67.63,10.4,67.65,501.0,0
9579,89.22,11.4,85.84,823.0,0
11854,68.55,20.96,71.86,765.0,0
87475,51.04,7.71,84.28,116.0,0
29294,100.07,6.64,78.09,703.0,0
94799,70.46,9.92,66.46,24.0,0
60676,25.39,7.62,64.77,391.0,0
18577,41.18,15.42,43.06,724.0,0
44442,44.78,15.31,100.0,412.0,0
43116,74.31,8.39,88.57,458.0,0
54463,34.53,5.52,74.42,529.0,0
4118,59.63,4.37,98.4,998.0,0
13660,74.81,10.44,78.96,758.0,0
95818,48.33,13.1,63.94,0.0,1
50750,44.78,3.64,90.2,528.0,0
50962,60.43,16.19,50.43,442.0,0
40327,57.22,5.73,58.52,608.0,0
87010,46.65,8.62,83.03,67.0,0
22090,58.38,4.12,81.78,666.0,0
25421,86.47,8.81,82.61,728.0,0
60339,72.96,16.95,64.94,356.0,0
85871,66.61,7.94,80.95,163.0,0
17564,48.88,14.65,82.02,785.0,0
37992,60.74,5.41,59.89,572.0,0
90634,77.06,7.36,83.74,0.0,1
45827,63.88,10.47,75.05,547.0,0
79148,36.53,13.31,96.8,180.0,0
14636,68.82,24.29,81.04,792.0,0
72301,79.21,5.97,100.0,239.0,0
54228,69.56,5.07,75.64,419.0,0
41712,57.62,13.26,69.03,443.0,0
50417,86.09,8.62,83.43,479.0,0
22890,57.02,5.65,56.34,576.0,0
76093,72.5,11.96,90.59,165.0,0
74768,71.57,6.4,21.91,232.0,0
95042,61.29,10.93,71.93,13.0,0
25802,52.54,6.54,72.16,700.0,0
14455,54.69,14.71,67.58,802.0,0
57022,55.83,10.19,51.1,349.0,0
54912,47.65,6.19,75.43,451.0,0
90036,57.61,12.95,68.65,98.0,0
59457,53.31,11.87,49.51,371.0,0
66360,70.46,10.84,83.61,295.0,0
3317,42.7,8.12,91.93,825.0,0
51940,66.58,8.93,100.0,369.0,0
22445,52.34,13.06,84.97,752.0,0
41101,53.31,2.42,89.15,560.0,0
97034,70.53,0.61,79.97,55.0,0
93295,77.37,8.57,70.48,0.0,1
98769,44.25,5.98,82.84,0.0,1
90020,71.92,9.44,42.79,0.0,1
67597,40.14,13.34,60.65,218.0,0
92439,72.78,3.46,74.39,34.0,0
87309,63.79,5.15,84.98,118.0,0
95231,68.11,9.82,60.56,0.0,1
52566,62.78,8.03,42.26,393.0,0
48820,53.42,4.18,78.23,465.0,0
26590,79.41,6.36,62.03,660.0,0
54616,74.61,13.36,94.19,329.0,0
20280,61.0,6.73,81.85,796.0,0
39564,49.38,8.37,62.56,569.0,0
95484,53.71,16.04,47.6,84.0,0
63247,71.58,5.56,17.12,324.0,0
95666,43.15,12.02,70.94,54.0,0
58498,62.13,8.65,67.57,456.0,0
91856,63.71,7.98,73.32,36.0,0
45762,56.35,10.42,82.15,572.0,0
68977,65.98,17.4,91.1,306.0,0
32331,61.36,14.36,26.24,568.0,0
60404,72.36,17.4,67.71,294.0,0
54181,70.16,15.23,97.85,332.0,0
83156,48.02,4.34,73.4,118.0,0
14799,58.13,16.18,46.47,813.0,0
66567,28.61,8.98,86.91,350.0,0
33022,71.06,9.1,64.07,699.0,0
91375,54.09,17.46,60.87,0.0,1
23752,58.12,16.28,88.47,727.0,0
93097,31.72,5.61,91.46,38.0,0
19465,28.22,5.04,28.68,795.0,0
21289,99.08,6.27,50.1,708.0,0
26995,69.85,16.39,53.02,647.0,0
48222,61.52,9.59,97.75,457.0,0
50748,64.02,13.92,71.09,442.0,0
55298,67.57,11.75,30.82,387.0,0
65729,51.99,12.16,52.64,297.0,0
34673,62.32,9.12,56.29,703.0,0
48116,71.21,9.08,60.83,428.0,0
54521,53.7,10.51,71.34,433.0,0
30435,57.4,13.59,47.9,705.0,0
67021,52.34,17.41,50.7,256.0,0
50287,59.76,8.76,41.11,527.0,0
71281,60.55,10.73,61.55,166.0,0
70738,70.58,6.34,37.03,227.0,0
25451,71.19,6.37,51.8,703.0,0
61431,41.3,15.64,69.02,335.0,0
88029,58.3,14.81,78.62,36.0,0
89831,45.42,10.25,76.55,75.0,0
46396,57.07,12.02,37.91,526.0,0
93875,89.34,8.88,88.85,0.0,1
95829,49.03,5.54,53.04,59.0,0
54953,80.16,14.48,65.35,309.0,0
20006,47.43,7.55,73.49,712.0,0
33927,54.7,15.9,60.46,574.0,0
97071,80.83,15.43,67.96,0.0,1
8677,65.31,13.48,80.02,783.0,0
54942,67.82,6.0,72.92,431.0,0
36605,71.0,6.76,52.74,538.0,0
94279,65.66,9.19,96.37,0.0,1
5739,76.74,2.26,75.07,848.0,0
5512,44.36,0.58,47.4,930.0,0
21128,62.05,20.46,79.06,656.0,0
10626,60.82,6.38,57.56,793.0,0
13138,64.28,6.69,69.64,960.0,0
18305,43.48,12.97,77.63,852.0,0
33998,74.78,8.46,31.55,683.0,0
60307,71.51,8.82,84.03,384.0,0
9939,41.47,14.7,65.83,838.0,0
38577,88.25,5.83,63.49,540.0,0
3028,78.57,7.45,54.72,829.0,0
54303,30.93,1.36,75.41,475.0,0
89229,53.54,7.2,83.95,28.0,0
18950,73.78,4.75,77.58,760.0,0
94994,67.0,15.44,62.21,0.0,1
54132,71.48,10.67,52.25,513.0,0
79914,62.82,12.12,53.62,123.0,0
37765,53.16,12.21,77.62,628.0,0
64454,41.01,14.33,93.93,386.0,0
20642,37.09,4.69,83.65,719.0,0
17028,69.23,8.24,86.22,863.0,0
88240,62.83,8.28,66.28,69.0,0
5658,88.59,16.86,45.76,928.0,0
13396,57.21,20.36,51.86,781.0,0
51861,62.83,17.2,77.09,394.0,0
11264,57.45,10.97,58.04,880.0,0
55906,38.42,5.52,84.97,504.0,0
99705,71.71,8.91,76.3,0.0,1
3569,69.0,7.11,55.12,900.0,0
58424,54.34,2.0,95.91,409.0,0
89212,67.41,18.01,64.72,90.0,0
33365,69.35,8.34,97.13,569.0,0
44613,64.49,3.19,77.21,535.0,0
71801,55.21,12.6,54.53,224.0,0
40737,36.53,9.49,81.3,597.0,0
68874,71.96,5.8,27.48,225.0,0
87800,73.78,15.15,64.37,43.0,0
15025,52.82,8.85,73.52,872.0,0
87573,37.26,2.21,64.49,158.0,0
81595,85.17,9.17,84.04,115.0,0
66617,61.83,11.25,89.14,325.0,0
32158,65.65,14.64,40.11,551.0,0
97215,70.55,5.98,62.33,0.0,1
36738,40.83,8.18,62.06,642.0,0
74313,55.17,14.02,91.22,301.0,0
2910,47.37,7.4,43.92,903.0,0
25172,66.32,3.2,80.65,653.0,0
40109,54.07,12.08,65.95,513.0,0
29855,48.07,9.17,68.33,644.0,0
115,62.43,8.85,37.48,941.0,0
11889,72.7,20.17,80.3,842.0,0
42727,45.67,9.27,91.51,505.0,0
13068,100.27,12.67,36.57,820.0,0
4220,53.51,6.26,64.45,941.0,0
68061,46.88,10.87,74.89,342.0,0
18871,58.51,13.79,51.11,786.0,0
78616,68.99,1.69,100.0,126.0,0
41205,33.16,6.15,64.98,472.0,0
95965,71.05,9.67,88.52,10.0,0
90732,56.22,8.1,50.95,75.0,0
44723,58.5,8.64,76.46,501.0,0
76568,68.24,4.66,55.11,247.0,0
9361,42.3,8.74,15.27,873.0,0
54006,59.23,9.08,83.56,394.0,0
8039,23.39,10.35,100.0,907.0,0
19282,64.8,9.44,95.24,798.0,0
80936,49.46,6.47,43.22,188.0,0
21481,52.86,11.99,88.57,681.0,0
54035,95.81,18.85,76.74,381.0,0
95397,60.18,6.34,50.42,0.0,1
22940,69.64,13.56,74.02,725.0,0
43334,72.69,12.4,57.41,523.0,0
28325,78.81,4.13,62.74,642.0,0
81122,60.7,12.32,81.5,29.0,0
5812,51.8,11.15,62.92,842.0,0
331,69.58,1.3,53.69,1026.0,0
71269,41.59,15.42,34.95,136.0,0
77884,41.94,8.27,70.17,200.0,0
36321,48.66,13.58,53.2,555.0,0
30647,56.29,13.56,67.15,507.0,0
40649,40.83,13.58,80.86,477.0,0
30509,84.47,9.66,85.77,653.0,0
42099,51.45,13.39,63.97,537.0,0
30437,72.22,11.66,59.62,687.0,0
17661,58.46,4.61,72.55,820.0,0
47395,35.64,10.21,45.63,411.0,0
87126,42.04,15.79,56.11,57.0,0
93633,67.61,8.2,52.93,90.0,0
26188,37.87,6.4,67.83,679.0,0
75374,51.57,15.54,89.99,183.0,0
92467,63.68,9.04,100.0,83.0,0
20220,51.23,12.39,38.88,684.0,0
22298,73.12,-1.12,39.72,788.0,0
71979,62.2,11.94,58.04,181.0,0
66997,48.94,7.31,45.87,318.0,0
725,56.27,6.33,76.63,937.0,0
18118,82.17,8.63,54.6,840.0,0
70300,67.38,3.1,83.25,216.0,0
95398,43.18,8.22,74.58,77.0,0
26078,70.77,9.8,50.84,791.0,0
62918,52.43,3.17,78.19,276.0,0
38883,50.56,13.02,77.27,621.0,0
78516,53.58,11.54,60.58,143.0,0
99615,64.26,6.24,50.77,0.0,1
37606,68.46,11.21,44.15,585.0,0
29632,58.55,8.37,76.71,693.0,0
19265,30.2,7.31,59.7,768.0,0
27837,61.41,17.05,69.86,575.0,0
81376,37.39,15.65,100.0,138.0,0
20450,85.85,13.14,100.0,705.0,0
8879,92.33,2.4,78.67,892.0,0
28064,55.83,1.34,75.32,664.0,0
92422,61.6,16.94,76.18,0.0,1
53787,62.97,3.03,53.84,453.0,0
79989,41.08,11.91,82.73,138.0,0
44611,83.37,14.14,73.09,410.0,0
47451,95.68,5.72,100.0,437.0,0
83080,46.48,10.55,70.03,199.0,0
47982,113.95,8.82,92.57,516.0,0
62438,34.81,8.55,86.68,389.0,0
1629,64.36,11.12,59.21,937.0,0
30634,81.91,2.04,61.19,596.0,0
79383,51.73,5.69,66.79,165.0,0
13683,49.67,7.83,73.84,814.0,0
14446,83.12,9.0,100.0,759.0,0
60040,78.79,23.39,83.49,200.0,0
27106,65.54,9.62,56.52,640.0,0
66342,48.94,15.33,58.85,290.0,0
70380,61.66,8.38,48.73,158.0,0
84439,57.4,15.64,78.63,127.0,0
71166,73.84,11.63,82.16,294.0,0
39576,49.03,5.38,76.66,638.0,0
40134,64.44,15.01,100.0,526.0,0
34873,73.76,4.1,38.28,584.0,0
71577,50.63,17.36,95.99,170.0,0
91162,71.59,10.42,93.97,93.0,0
25911,80.81,6.34,30.71,685.0,0
44086,74.11,10.99,100.0,552.0,0
55227,76.14,19.68,100.0,436.0,0
63210,82.67,10.31,100.0,324.0,0
23195,60.22,5.99,83.28,707.0,0
55817,67.58,11.69,66.63,305.0,0
14834,69.85,6.72,23.37,808.0,0
83654,60.6,10.15,82.27,126.0,0
24292,86.92,3.37,62.83,690.0,0
13409,45.88,12.89,77.37,803.0,0
52668,60.06,5.6,58.12,439.0,0
68070,35.82,7.54,64.08,282.0,0
2961,55.27,4.86,64.89,978.0,0
64829,86.54,16.5,75.37,319.0,0
2346,68.8,10.58,51.12,911.0,0
4081,57.41,10.31,83.29,933.0,0
22712,87.52,12.91,68.79,720.0,0
67361,17.24,10.33,76.48,325.0,0
2241,51.25,13.1,53.75,964.0,0
971,46.52,8.78,80.93,909.0,0
67352,42.09,12.65,54.12,176.0,0
85201,60.5,8.96,67.2,146.0,0
70728,61.1,4.92,33.75,186.0,0
1742,28.93,3.42,100.0,855.0,0
44140,52.34,18.22,75.35,511.0,0
31365,62.92,13.42,62.89,676.0,0
36430,53.43,6.13,73.37,605.0,0
10088,85.68,3.69,80.23,736.0,0
23111,50.83,8.78,92.6,750.0,0
37619,63.38,10.08,75.6,495.0,0
89591,65.62,13.74,47.99,76.0,0
85525,48.87,12.83,89.9,111.0,0
85329,31.35,8.96,67.8,63.0,0
60297,59.35,6.04,79.88,376.0,0
8873,65.58,7.35,66.19,848.0,0
70154,58.73,9.42,53.79,284.0,0
70051,59.88,14.28,82.15,213.0,0
31065,51.96,10.37,85.51,674.0,0
49222,66.14,3.3,78.03,543.0,0
83640,35.39,10.7,84.73,169.0,0
70717,84.45,9.06,89.14,179.0,0
44285,89.97,13.55,52.94,552.0,0
59744,63.74,5.24,46.78,394.0,0
75464,78.1,11.62,52.97,161.0,0
13742,46.09,13.76,87.07,712.0,0
15169,41.37,2.89,56.94,810.0,0
10851,55.26,8.22,50.4,822.0,0
92858,62.13,11.46,61.14,3.0,1
5693,43.17,4.34,72.95,833.0,0
91545,25.01,10.47,70.91,63.0,0
9862,54.19,11.07,51.32,923.0,0
79896,41.54,5.89,38.26,128.0,0
12006,85.82,9.8,65.08,806.0,0
86897,42.56,11.83,65.28,115.0,0
44252,81.36,14.31,48.51,494.0,0
54894,64.88,12.8,48.08,397.0,0
90402,77.47,9.46,99.62,5.0,1
47619,60.06,11.26,59.05,405.0,0
40118,61.26,12.95,70.37,536.0,0
72658,64.54,13.26,49.46,132.0,0
49845,65.54,18.31,41.67,494.0,0
42804,42.49,13.8,99.0,590.0,0
27304,62.76,12.81,56.01,672.0,0
99251,48.83,7.12,66.11,0.0,1
33618,44.77,6.83,99.55,627.0,0
39981,62.73,17.74,41.29,518.0,0
72249,28.08,0.64,27.36,200.0,0
54628,51.34,10.17,76.63,420.0,0
46641,81.17,4.09,63.83,552.0,0
30895,79.26,12.98,51.75,613.0,0
76712,38.98,17.98,67.45,226.0,0
94916,49.31,16.81,57.7,111.0,0
33918,56.66,18.98,71.82,640.0,0
88227,49.59,11.07,85.72,172.0,0
77020,67.78,13.32,46.12,200.0,0
88710,45.45,12.23,62.13,58.0,0
5801,70.4,12.42,55.95,833.0,0
7544,54.89,5.18,67.2,811.0,0
20958,46.65,10.03,71.18,739.0,0
37721,55.67,12.36,45.93,620.0,0
70271,82.7,10.3,86.03,238.0,0
40710,35.44,12.22,100.0,551.0,0
72306,87.52,2.03,81.64,254.0,0
63772,32.46,7.68,43.91,309.0,0
63964,59.18,12.4,58.68,312.0,0
48790,46.05,14.66,79.64,448.0,0
10154,63.56,6.58,89.7,836.0,0
92817,35.91,11.18,64.5,0.0,1
7501,41.71,14.82,100.0,878.0,0
37644,79.69,6.6,32.18,600.0,0
78405,73.73,5.75,69.25,186.0,0
36113,54.62,6.32,100.0,574.0,0
22546,62.24,4.16,47.25,741.0,0
77786,54.39,5.01,60.77,201.0,0
33865,68.25,6.12,56.71,669.0,0
15273,54.91,21.42,87.65,819.0,0
97141,47.56,4.53,78.24,32.0,0
71160,81.03,8.87,91.2,197.0,0
83673,56.82,2.87,72.35,195.0,0
21214,75.66,3.14,28.96,682.0,0
95256,53.29,18.76,77.35,0.0,1
32687,62.8,6.29,50.74,618.0,0
64146,72.34,21.42,68.9,211.0,0
40751,52.0,12.53,61.68,456.0,0
79674,14.81,19.18,95.47,107.0,0
71158,71.78,10.13,69.9,249.0,0
84718,52.13,7.12,58.95,209.0,0
49137,57.58,8.26,96.14,408.0,0
18638,64.33,14.58,75.62,820.0,0
75199,31.35,12.89,55.27,172.0,0
7883,58.07,6.25,67.29,902.0,0
27579,70.78,11.45,48.65,678.0,0
99992,41.42,12.8,74.06,0.0,1
6517,63.64,11.44,100.0,908.0,0
64543,53.73,13.46,36.96,261.0,0
58331,59.85,11.46,69.68,423.0,0
86667,54.5,4.71,66.4,128.0,0
10149,64.5,4.33,61.05,899.0,0
60778,64.42,14.25,29.77,382.0,0
63755,65.89,3.12,45.48,367.0,0
4019,80.95,11.51,74.42,887.0,0
68808,60.72,11.84,96.4,273.0,0
51795,61.41,3.25,88.15,460.0,0
70589,60.54,8.85,29.7,248.0,0
31825,53.81,2.34,100.0,606.0,0
91211,44.51,10.44,79.23,17.0,0
21886,56.33,4.24,54.73,781.0,0
85086,54.64,15.49,52.7,53.0,0
6264,93.89,10.48,92.26,843.0,0
60046,27.58,8.74,55.61,375.0,0
27797,72.1,10.12,53.32,637.0,0
42556,46.9,9.5,90.1,550.0,0
66265,62.77,5.88,61.79,228.0,0
82907,57.96,1.8,100.0,192.0,0
22190,81.9,7.52,57.29,745.0,0
3133,58.43,12.46,61.03,961.0,0
9972,50.62,14.49,50.04,896.0,0
83083,70.93,13.34,61.72,125.0,0
12919,79.47,9.85,52.65,768.0,0
34674,49.52,7.54,76.59,623.0,0
51842,66.26,9.29,79.53,456.0,0
24165,54.69,10.22,93.84,713.0,0
6948,58.27,9.62,43.75,859.0,0
93773,41.46,11.38,84.78,40.0,0
43597,67.22,10.16,66.77,540.0,0
83861,66.84,7.77,81.06,126.0,0
79266,50.76,15.2,45.27,171.0,0
75636,64.8,4.43,95.44,141.0,0
19568,37.02,7.31,97.93,772.0,0
72355,64.93,12.14,83.44,278.0,0
22524,67.03,21.08,58.79,668.0,0
77921,74.15,2.34,43.44,131.0,0
78313,74.05,6.76,53.66,156.0,0
40045,54.29,8.41,70.18,619.0,0
85452,88.64,17.19,64.25,76.0,0
60869,63.42,11.83,55.42,344.0,0
63765,39.0,15.91,84.29,308.0,0
30423,64.67,5.83,100.0,644.0,0
96917,91.15,11.04,68.06,0.0,1
41461,45.87,15.1,70.94,522.0,0
71105,57.06,9.14,29.0,227.0,0
77375,57.64,19.32,31.77,166.0,0
69480,67.41,9.93,78.54,303.0,0
22864,43.8,11.83,85.58,779.0,0
22846,65.26,5.34,65.16,621.0,0
39106,68.14,2.9,64.98,512.0,0
55410,82.44,14.86,66.23,383.0,0
36853,77.46,10.96,29.15,590.0,0
7346,64.43,8.08,35.56,805.0,0
58662,43.78,11.53,36.62,415.0,0
21780,70.84,15.97,70.79,714.0,0
71839,50.65,14.05,62.88,171.0,0
80956,72.1,14.28,90.81,192.0,0
46773,59.58,11.61,36.31,515.0,0
29087,61.15,14.49,59.87,642.0,0
85473,69.74,10.63,87.34,0.0,1
77910,51.71,13.9,54.74,150.0,0
88171,80.65,12.88,66.11,34.0,0
92993,47.74,11.35,85.95,72.0,0
80838,69.47,11.71,63.96,125.0,0
95902,56.5,13.32,62.15,0.0,1
51408,100.68,14.61,73.33,374.0,0
38459,62.66,18.06,88.3,553.0,0
20964,77.14,10.07,62.7,693.0,0
84290,65.37,-2.0,61.37,170.0,0
47872,42.14,3.09,58.88,519.0,0
15587,54.19,13.2,48.5,779.0,0
10746,78.88,2.33,63.54,918.0,0
28823,71.87,6.8,77.98,679.0,0
32374,71.07,5.57,37.52,673.0,0
88627,64.3,16.68,95.35,86.0,0
20578,78.28,10.37,93.59,795.0,0
90723,66.57,12.73,82.1,14.0,0
28372,71.7,7.02,75.72,599.0,0
31740,41.37,16.27,52.78,562.0,0
59368,57.28,7.06,59.9,358.0,0
20226,52.79,5.59,49.69,649.0,0
53520,75.07,10.84,52.33,513.0,0
97244,74.93,12.23,35.6,0.0,1
27381,92.16,7.68,48.79,600.0,0
57289,67.13,9.99,56.38,302.0,0
50280,86.35,10.31,73.08,447.0,0
49653,77.06,18.24,83.74,409.0,0
9343,27.58,11.94,71.2,891.0,0
71151,45.04,12.06,88.7,185.0,0
91817,58.59,14.2,88.86,54.0,0
34245,45.11,12.14,26.72,568.0,0
98325,57.48,7.2,75.0,27.0,0
29372,44.31,-0.01,81.22,751.0,0
32647,73.4,7.85,92.01,661.0,0
66060,49.38,11.99,95.07,379.0,0
8366,47.76,7.37,61.37,981.0,0
28446,58.74,2.0,84.83,623.0,0
85642,63.84,12.25,76.55,94.0,0
97634,74.87,-1.36,69.61,0.0,1
41006,42.41,10.32,81.45,578.0,0
30338,86.71,16.69,67.4,610.0,0
95252,66.03,18.9,88.39,3.0,1
78235,60.78,18.9,95.83,209.0,0
83394,76.24,5.26,100.0,114.0,0
7938,73.09,8.22,79.02,853.0,0
57506,52.96,17.63,82.83,331.0,0
38978,57.42,10.15,58.42,505.0,0
454,58.35,18.97,66.67,964.0,0
53693,56.35,8.24,89.25,379.0,0
57861,44.72,13.94,66.39,375.0,0
7773,61.72,7.57,59.8,931.0,0
97528,60.29,20.72,75.86,0.0,1
18039,54.96,16.82,76.71,695.0,0
57128,69.91,15.99,58.61,344.0,0
23969,48.49,4.6,75.33,794.0,0
27507,86.75,6.54,66.05,701.0,0
93958,54.67,11.52,60.38,0.0,1
60624,46.96,22.99,71.29,326.0,0
39566,53.95,17.55,89.21,567.0,0
16077,55.58,18.28,50.66,709.0,0
43695,66.11,5.65,69.66,564.0,0
64981,73.37,7.35,45.86,202.0,0
61733,46.9,16.6,66.9,250.0,0
31669,36.21,10.5,50.84,663.0,0
43889,64.97,10.69,74.73,589.0,0
5304,63.38,15.76,80.0,823.0,0
16048,47.68,7.71,63.81,847.0,0
6305,42.27,8.18,75.17,875.0,0
51434,77.75,12.02,59.69,424.0,0
13807,32.26,7.65,78.8,759.0,0
29444,79.0,10.94,83.08,575.0,0
54490,76.16,-0.29,81.05,426.0,0
25228,57.54,16.69,50.87,698.0,0
24664,41.91,7.77,76.51,791.0,0
6967,56.96,8.36,79.99,931.0,0
15170,58.32,7.65,84.02,771.0,0
12439,61.46,12.6,61.71,804.0,0
59275,57.19,10.69,80.69,302.0,0
76088,54.04,13.37,37.67,59.0,0
46175,57.85,19.6,37.25,451.0,0
25131,56.95,16.48,63.54,685.0,0
7839,64.63,14.47,19.66,867.0,0
20825,80.17,8.71,22.05,706.0,0
56342,47.4,6.36,69.07,398.0,0
40713,58.56,19.64,79.72,498.0,0
94491,59.69,10.32,66.48,27.0,0
35339,62.92,21.26,72.95,570.0,0
64961,66.56,16.43,62.89,283.0,0
26218,61.23,6.02,63.21,582.0,0
15376,38.87,7.61,63.08,856.0,0
38019,66.96,14.07,56.71,604.0,0
47697,61.62,10.0,66.64,390.0,0
53467,55.25,9.52,83.05,425.0,0
31770,89.46,9.11,87.18,636.0,0
67330,51.83,5.94,95.55,290.0,0
80445,37.8,11.25,86.19,87.0,0
2302,75.76,16.93,100.0,930.0,0
47614,61.03,13.24,77.09,479.0,0
15397,54.83,3.37,91.86,814.0,0
63171,82.21,16.73,97.6,327.0,0
55992,54.91,20.82,70.65,274.0,0
66401,49.49,18.69,100.0,243.0,0
95733,69.29,13.63,70.41,0.0,1
92881,43.33,5.3,81.06,111.0,0
36001,55.04,7.51,73.17,515.0,0
63211,55.76,6.81,58.33,372.0,0
45552,27.4,14.53,70.95,596.0,0
8000,60.47,3.22,86.49,922.0,0
12770,61.96,13.32,30.67,819.0,0
69564,63.86,10.56,78.25,220.0,0
39783,46.14,15.63,92.42,504.0,0
72641,78.49,9.52,92.64,163.0,0
20103,63.19,8.23,50.03,741.0,0
9123,66.67,5.8,61.96,862.0,0
7397,55.07,10.31,83.17,877.0,0
83505,87.17,17.46,60.55,56.0,0
78408,69.15,17.59,56.79,139.0,0
26556,36.95,13.49,96.31,696.0,0
83300,72.14,10.45,44.72,202.0,0
19579,77.1,11.74,74.73,840.0,0
49304,55.94,10.45,68.19,509.0,0
31105,75.42,0.58,44.74,566.0,0
19447,50.02,5.26,92.05,718.0,0
5059,43.92,4.64,72.73,824.0,0
59382,45.11,10.27,80.02,310.0,0
98990,45.67,21.06,97.92,2.0,1
91035,65.59,15.0,61.98,83.0,0
71893,66.94,18.52,59.53,212.0,0
83036,62.38,12.1,71.94,57.0,0
39404,59.9,10.05,95.62,542.0,0
57371,40.29,6.75,56.39,321.0,0
19333,68.35,10.33,59.78,759.0,0
48421,37.17,12.75,100.0,434.0,0
31971,70.64,8.49,67.22,645.0,0
70051,46.48,6.1,47.31,192.0,0
92764,55.76,8.12,31.81,6.0,1
73190,52.5,16.04,62.28,276.0,0
48711,66.1,8.73,81.27,503.0,0
62390,47.73,2.79,83.66,261.0,0
44777,27.55,11.82,33.57,459.0,0
23453,60.46,7.07,61.11,778.0,0
62283,54.84,0.11,64.56,408.0,0
70581,59.66,8.64,57.2,227.0,0
55684,65.75,11.03,72.76,415.0,0
58238,69.56,9.67,57.22,381.0,0
45966,57.39,9.93,92.48,476.0,0
51273,36.05,-2.09,66.87,415.0,0
74432,51.06,14.15,69.99,169.0,0
4523,57.05,20.82,90.48,938.0,0
28125,95.43,11.88,77.98,716.0,0
61658,39.31,9.55,90.98,317.0,0
61163,63.73,6.63,53.01,415.0,0
67173,100.42,20.23,55.27,280.0,0
33797,39.57,12.75,78.28,650.0,0
99497,58.75,4.52,84.6,0.0,1
76912,89.33,9.47,84.69,248.0,0
47318,50.46,9.79,82.4,484.0,0
10875,21.76,11.43,64.89,818.0,0
11247,61.78,4.4,83.78,872.0,0
76066,57.76,12.85,68.68,231.0,0
71120,49.07,5.82,94.58,200.0,0
63497,80.06,9.6,80.68,306.0,0
35082,66.35,10.01,80.76,617.0,0
17480,72.14,13.99,63.55,800.0,0
84184,78.16,13.72,66.06,0.0,1
86237,27.32,12.45,83.77,173.0,0
29831,72.31,15.84,68.71,659.0,0
82569,42.72,8.85,57.66,131.0,0
39944,62.3,8.76,81.28,570.0,0
45267,59.97,4.17,9.82,519.0,0
11784,76.59,4.72,26.74,868.0,0
7893,42.02,9.69,39.21,946.0,0
82084,39.33,18.52,31.48,170.0,0
11380,58.87,13.38,79.63,779.0,0
19188,61.81,5.2,77.51,727.0,0
76586,82.93,13.45,89.58,174.0,0
97942,38.96,1.84,56.36,0.0,1
97066,45.21,10.62,80.26,0.0,1
30220,49.38,10.75,86.43,631.0,0
36259,63.49,4.38,71.64,634.0,0
7889,68.99,10.91,88.45,831.0,0
35388,69.4,2.68,74.96,630.0,0
80741,61.66,8.15,58.68,212.0,0
57739,79.29,17.67,64.31,314.0,0
53960,48.36,7.96,48.31,405.0,0
85151,59.43,11.55,83.91,96.0,0
81185,73.31,7.75,95.94,132.0,0
86207,96.64,12.23,76.38,16.0,0
13586,42.4,12.88,93.0,840.0,0
81073,78.94,15.43,83.26,109.0,0
78188,63.17,8.12,83.31,201.0,0
39802,61.28,15.65,65.73,504.0,0
54841,44.95,8.35,23.67,463.0,0
27724,83.2,15.78,74.98,711.0,0
53675,63.67,3.78,49.04,405.0,0
6593,58.31,13.16,86.77,875.0,0
54656,61.05,-2.03,85.81,327.0,0
25645,68.34,12.62,76.69,697.0,0
81890,38.97,3.66,46.39,159.0,0
9031,56.19,0.15,59.13,965.0,0
63078,62.37,13.6,88.86,347.0,0
70844,57.93,13.97,84.89,332.0,0
13915,65.19,4.79,29.77,809.0,0
13369,63.68,6.28,78.08,779.0,0
92483,68.93,9.3,63.52,60.0,0
48890,72.04,14.26,56.74,454.0,0
6919,55.98,11.27,75.79,848.0,0
44301,46.37,13.29,63.79,497.0,0
30728,52.9,6.1,81.49,659.0,0
29196,70.73,11.87,86.82,638.0,0
31873,46.36,5.83,46.73,688.0,0
55306,50.27,19.87,85.36,377.0,0
55027,66.34,3.64,89.87,422.0,0
35074,59.08,-0.47,82.96,553.0,0
29759,70.2,7.22,68.5,697.0,0
92219,42.84,6.77,84.33,-0.0,1
64478,70.34,10.37,17.23,286.0,0
27839,43.11,10.46,100.0,645.0,0
24890,57.89,13.68,94.06,677.0,0
91506,43.74,10.04,94.72,50.0,0
52387,67.9,11.49,95.05,444.0,0
65203,49.74,13.98,99.87,320.0,0
36913,72.14,13.96,67.81,523.0,0
26965,78.2,11.2,70.85,693.0,0
22223,80.67,12.07,74.75,737.0,0
49438,71.7,10.23,69.8,518.0,0
5466,70.6,8.39,97.58,834.0,0
33910,57.16,18.22,39.31,699.0,0
38920,64.12,8.77,57.78,558.0,0
7832,38.14,11.96,86.05,893.0,0
71497,40.78,8.53,65.0,113.0,0
39360,77.41,8.24,27.2,510.0,0
53456,73.47,9.57,65.52,420.0,0
1522,57.67,22.48,63.63,916.0,0
54231,72.94,12.62,42.41,468.0,0
84153,49.24,10.52,61.15,113.0,0
50557,54.3,11.38,91.13,434.0,0
47323,62.25,15.23,67.21,467.0,0
90384,82.41,10.07,96.5,31.0,0
59038,47.74,11.94,54.98,358.0,0
71706,66.55,2.25,20.31,207.0,0
88371,77.29,5.76,49.08,8.0,0
23456,50.59,-1.08,99.71,691.0,0
5029,45.93,10.71,73.52,777.0,0
95387,72.53,15.55,52.48,31.0,0
29147,38.7,9.84,91.22,579.0,0
69318,66.13,7.6,100.0,280.0,0
35767,77.87,5.16,41.82,541.0,0
47393,58.87,6.84,43.12,466.0,0
68400,60.87,-1.82,80.37,327.0,0
34684,63.67,12.25,96.55,593.0,0
16228,40.15,9.88,77.37,762.0,0
54326,73.4,3.62,69.29,343.0,0
9760,58.12,8.81,81.23,795.0,0
78333,61.57,9.09,85.94,138.0,0
85506,69.37,23.56,90.8,152.0,0
56764,78.98,12.01,62.91,383.0,0
11585,59.35,11.18,62.39,895.0,0
88158,49.91,14.72,47.43,105.0,0
26086,65.83,7.57,80.53,674.0,0
58429,55.68,10.29,29.24,369.0,0
6990,44.78,2.98,100.0,856.0,0
23258,60.62,3.28,96.41,732.0,0
57262,77.33,16.29,86.84,452.0,0
39126,34.73,10.29,75.2,545.0,0
11932,40.97,7.96,65.21,862.0,0
38628,63.6,8.87,60.4,472.0,0
50730,48.94,3.72,59.33,404.0,0
79815,75.73,12.77,41.99,166.0,0
36877,50.19,12.26,79.51,611.0,0
10187,44.76,7.75,85.16,825.0,0
36060,63.46,11.49,73.41,519.0,0
8616,51.64,11.95,58.75,966.0,0
55169,61.28,7.85,72.11,463.0,0
65168,90.81,10.85,60.22,243.0,0
74131,59.08,13.19,100.0,156.0,0
70319,51.17,9.16,100.0,270.0,0
25833,73.51,6.85,88.44,646.0,0
76532,102.01,8.49,58.36,205.0,0
61738,71.62,12.56,52.96,294.0,0
23783,48.22,12.26,100.0,763.0,0
2141,83.08,7.41,69.1,889.0,0
18106,53.43,1.38,48.94,837.0,0
34492,81.29,-0.79,72.66,688.0,0
41926,59.17,6.41,60.3,597.0,0
62203,78.38,8.3,100.0,336.0,0
21941,76.26,7.62,29.76,769.0,0
37724,69.29,5.73,63.56,613.0,0
51331,50.35,3.3,70.47,393.0,0
81864,49.72,14.85,62.15,161.0,0
96121,75.65,16.74,67.96,0.0,1
99905,69.2,10.67,52.91,0.0,1
2785,60.35,11.64,85.05,948.0,0
68252,80.88,9.53,48.89,178.0,0
79591,55.22,4.66,65.26,102.0,0
97071,76.36,16.12,50.77,2.0,1
44426,61.46,7.01,82.57,596.0,0
49607,35.45,15.88,34.28,414.0,0
61855,73.1,10.53,100.0,282.0,0
5838,29.04,9.31,59.87,873.0,0
18027,59.34,11.17,85.24,816.0,0
66730,63.66,15.43,82.27,265.0,0
86810,47.89,2.82,84.49,72.0,0
25147,80.02,7.02,66.25,704.0,0
88392,81.71,13.07,72.83,119.0,0
99126,48.48,14.57,72.74,0.0,1
31258,59.8,8.86,85.74,612.0,0
75219,46.99,7.34,26.48,253.0,0
23299,77.37,8.18,19.87,671.0,0
22880,46.65,16.17,92.49,717.0,0
26406,41.42,5.09,79.46,716.0,0
86148,47.7,5.25,65.66,25.0,0
25368,78.63,12.25,60.97,671.0,0
36614,23.75,5.76,66.93,556.0,0
41715,57.44,6.71,63.85,494.0,0
11695,71.01,6.35,84.86,821.0,0
72878,59.94,15.35,59.94,145.0,0
76622,63.88,13.84,54.72,52.0,0
49040,36.43,9.28,29.31,514.0,0
51185,73.44,4.99,83.98,393.0,0
18006,41.51,6.73,96.64,904.0,0
66695,49.61,6.52,100.0,236.0,0
11541,76.0,18.83,93.71,741.0,0
94199,72.01,10.91,86.57,0.0,1
25209,57.92,11.86,78.96,733.0,0
3017,57.26,12.52,94.31,860.0,0
18248,54.3,6.7,83.48,832.0,0
65566,43.63,4.98,67.51,276.0,0
77408,66.17,11.49,64.6,234.0,0
3642,49.23,10.01,79.58,918.0,0
44151,52.7,8.67,26.65,479.0,0
59408,70.85,11.6,100.0,343.0,0
88896,51.68,13.32,93.59,0.0,1
90276,50.77,10.5,82.87,62.0,0
94365,55.69,15.35,56.47,0.0,1
25675,72.57,13.76,98.88,599.0,0
72277,38.73,3.47,72.4,329.0,0
25555,26.3,3.72,78.83,717.0,0
15773,57.77,20.12,44.52,758.0,0
75880,73.96,5.19,67.12,230.0,0
2976,45.64,11.51,39.21,949.0,0
16159,69.05,11.23,65.17,831.0,0
88229,46.96,3.54,50.41,144.0,0
27782,79.05,8.05,43.98,708.0,0
57245,53.04,15.5,83.58,404.0,0
35639,89.62,17.11,73.02,622.0,0
5010,67.06,1.6,93.74,884.0,0
98127,62.25,13.74,70.31,0.0,1
16356,43.96,10.29,100.0,775.0,0
91477,43.73,20.56,86.93,0.0,1
28349,40.63,11.09,38.48,714.0,0
48174,56.96,16.85,69.79,486.0,0
64812,51.69,1.55,49.15,341.0,0
35320,30.58,16.93,77.85,596.0,0
20559,72.51,5.58,67.86,757.0,0
57743,67.54,18.0,100.0,407.0,0
4561,65.33,2.62,90.02,976.0,0
36779,80.59,11.35,66.42,624.0,0
19354,78.6,17.97,85.48,682.0,0
61830,28.04,8.07,86.85,386.0,0
43772,52.65,9.55,43.84,495.0,0
75677,78.91,11.89,66.12,72.0,0
38738,72.96,19.29,56.39,522.0,0
26442,44.02,5.51,100.0,773.0,0
23208,39.91,11.25,27.15,845.0,0
34951,59.29,4.73,57.81,589.0,0
41944,68.28,0.55,63.08,416.0,0
20474,62.42,8.95,100.0,736.0,0
31804,65.49,2.75,72.95,656.0,0
64039,60.03,-3.1,47.33,397.0,0
16586,52.02,13.34,68.34,735.0,0
11162,60.27,5.06,80.47,910.0,0
43774,49.97,12.33,78.02,441.0,0
26653,35.39,13.35,66.98,637.0,0
7143,58.07,19.07,77.01,930.0,0
19595,80.78,10.97,59.98,695.0,0
19170,72.04,8.38,88.73,751.0,0
54635,68.23,3.72,84.48,433.0,0
26003,64.56,11.39,100.0,699.0,0
6953,68.63,11.83,32.93,927.0,0
99659,66.45,5.4,78.67,0.0,1
47099,43.1,13.6,45.28,526.0,0
84224,49.3,10.71,50.15,123.0,0
55479,81.37,7.69,94.09,427.0,0
92681,79.39,7.32,56.5,75.0,0
65441,61.16,4.31,35.12,366.0,0
95016,75.44,3.87,100.0,29.0,0
45105,54.98,6.81,37.96,497.0,0
28519,60.48,6.75,50.41,655.0,0
80992,53.65,10.61,43.87,99.0,0
8001,62.83,16.97,71.35,820.0,0
6333,72.73,9.58,29.3,808.0,0
34096,72.01,9.68,83.85,657.0,0
44085,68.01,11.77,90.22,455.0,0
66325,55.56,5.08,48.29,318.0,0
17856,74.96,15.29,53.95,739.0,0
27774,50.91,5.48,100.0,680.0,0
97256,79.46,11.04,44.76,0.0,1
16475,54.88,7.32,87.19,822.0,0
58220,78.68,6.82,79.8,349.0,0
8787,43.59,8.34,69.86,898.0,0
922,58.85,13.61,45.12,907.0,0
23337,53.51,15.05,97.05,614.0,0
29321,77.17,-1.0,59.56,628.0,0
44100,67.22,4.85,54.07,545.0,0
81635,59.7,6.52,87.98,100.0,0
35138,64.41,18.26,91.18,615.0,0
66034,46.61,3.32,63.23,285.0,0
66833,58.81,-2.0,81.35,317.0,0
58314,59.89,19.69,70.05,305.0,0
17815,63.74,12.5,35.8,763.0,0
47046,35.51,12.26,76.5,545.0,0
55987,65.16,11.54,78.65,367.0,0
63438,62.68,19.64,80.78,319.0,0
8101,69.29,5.01,48.36,826.0,0
44357,80.93,10.97,67.53,479.0,0
27741,73.94,6.85,45.5,720.0,0
10495,59.1,9.47,78.63,842.0,0
45658,86.91,12.04,55.12,487.0,0
19877,61.15,8.06,32.96,826.0,0
13292,48.67,11.91,97.9,709.0,0
21833,57.11,16.0,88.25,743.0,0
58330,89.57,17.94,90.8,348.0,0
75778,49.01,13.34,55.02,96.0,0
26752,78.53,16.84,52.86,624.0,0
99153,57.52,3.85,83.14,0.0,1
47971,46.65,8.68,55.53,412.0,0
75648,66.65,12.65,79.87,118.0,0
25907,73.42,19.02,70.63,688.0,0
77995,63.28,10.72,87.48,174.0,0
38971,55.33,16.33,94.49,493.0,0
3325,41.99,13.23,40.05,867.0,0
91408,61.96,7.68,65.09,148.0,0
31786,44.84,7.38,66.29,640.0,0
11549,61.62,5.6,76.51,913.0,0
45806,98.32,16.91,61.53,442.0,0
69309,95.86,14.13,55.25,168.0,0
73019,65.95,19.04,89.57,195.0,0
78498,78.24,11.14,61.3,44.0,0
10662,76.81,17.91,64.87,750.0,0
49758,47.18,3.78,48.37,417.0,0
79322,52.97,11.93,80.26,181.0,0
65478,70.5,5.15,66.27,196.0,0
42605,68.28,8.83,80.24,470.0,0
77233,80.91,10.08,73.41,230.0,0
73606,55.77,15.01,49.34,275.0,0
15775,68.39,13.56,60.25,837.0,0
19183,52.7,8.8,85.22,743.0,0
87793,32.37,9.48,53.25,82.0,0
98866,54.47,15.7,63.88,0.0,1
58923,43.99,11.85,89.87,432.0,0
96484,80.56,-2.81,78.77,0.0,1
91537,71.94,12.61,82.26,62.0,0
99649,75.33,10.82,59.98,0.0,1
79987,76.58,11.73,63.89,147.0,0
62550,63.31,3.74,100.0,184.0,0
25969,78.28,11.61,74.08,755.0,0
7869,50.58,7.72,75.29,887.0,0
84610,55.42,18.56,100.0,101.0,0
52699,67.64,16.35,94.89,423.0,0
74966,59.62,1.53,52.71,226.0,0
72012,63.84,11.6,58.33,197.0,0
38016,59.4,18.25,45.71,549.0,0
7960,66.44,7.14,45.5,806.0,0
18477,78.1,16.86,58.19,663.0,0
38988,56.03,12.69,75.25,616.0,0
78222,74.04,12.02,35.95,88.0,0
48570,48.99,14.46,37.16,525.0,0
74285,62.07,9.56,77.16,296.0,0
32215,34.13,16.32,66.54,599.0,0
90581,26.66,10.49,48.36,178.0,0
82130,51.94,8.63,77.89,135.0,0
22337,45.31,7.46,33.56,851.0,0
90042,49.3,16.34,72.26,63.0,0
94439,47.08,3.08,66.72,0.0,1
66076,61.07,4.47,94.45,284.0,0
87397,59.81,6.82,20.78,130.0,0
46056,44.15,14.55,80.97,494.0,0
41664,59.57,16.27,51.77,532.0,0
23396,65.45,4.87,48.31,688.0,0
438,52.22,18.23,55.64,957.0,0
71275,46.68,16.91,35.43,190.0,0
8769,49.68,3.94,83.0,862.0,0
83481,41.88,15.09,50.19,126.0,0
59939,37.87,11.97,59.53,323.0,0
93247,58.05,9.29,58.54,41.0,0
27410,72.08,13.01,40.52,673.0,0
16233,63.41,13.58,40.71,761.0,0
65738,60.81,11.43,34.35,313.0,0
83829,59.92,10.26,57.83,213.0,0
78503,77.89,16.83,69.58,113.0,0
81039,83.4,11.16,100.0,167.0,0
70579,33.17,11.41,55.5,197.0,0
64664,60.49,11.2,92.5,322.0,0
6279,57.46,4.62,82.52,856.0,0
92467,36.88,18.04,55.38,0.0,1
89884,82.66,13.25,96.86,69.0,0
65146,75.93,13.3,57.98,278.0,0
24795,72.86,16.56,54.62,669.0,0
73188,37.1,14.5,65.56,167.0,0
65253,62.08,5.99,61.4,270.0,0
34704,78.76,11.78,66.65,610.0,0
16325,82.19,6.51,74.07,796.0,0
60956,81.41,6.4,69.46,302.0,0
36009,34.79,13.3,77.4,538.0,0
46577,56.67,18.93,35.99,528.0,0
63264,54.4,12.17,70.93,360.0,0
41470,55.33,2.4,45.21,501.0,0
67663,35.22,18.21,44.52,342.0,0
76053,69.79,19.28,43.62,98.0,0
51594,60.24,18.8,62.9,443.0,0
89339,49.83,9.8,54.76,12.0,0
67303,86.5,3.48,95.23,319.0,0
37482,54.61,16.61,67.63,615.0,0
75935,59.02,15.79,53.16,208.0,0
5431,75.41,10.42,49.58,943.0,0
81567,70.12,14.36,39.64,135.0,0
1056,61.43,11.29,96.65,1001.0,0
21424,57.97,8.78,55.2,679.0,0
73208,60.21,15.42,44.78,236.0,0
56588,65.05,5.54,100.0,363.0,0
94542,43.21,9.93,74.92,0.0,1
66819,56.03,9.08,64.02,323.0,0
23562,61.85,12.86,22.45,799.0,0
52485,49.1,12.88,40.35,447.0,0
66044,79.25,7.62,69.33,234.0,0
7622,78.58,8.9,63.84,859.0,0
45909,64.55,20.76,83.88,542.0,0
13197,54.78,4.98,93.12,852.0,0
62177,52.89,7.26,6.43,372.0,0
1468,60.32,7.47,50.03,961.0,0
17683,60.66,8.01,81.08,735.0,0
26113,67.66,13.23,58.03,592.0,0
99824,45.87,4.66,89.94,35.0,0
30915,26.54,-2.19,25.4,683.0,0
93192,17.35,16.86,79.01,45.0,0
8369,80.39,-1.18,68.3,865.0,0
13849,80.84,10.6,89.37,798.0,0
16915,53.59,6.72,100.0,798.0,0
59478,43.71,9.94,73.91,344.0,0
48699,71.92,17.65,83.38,511.0,0
48735,65.91,9.34,30.24,527.0,0
62562,42.42,12.68,80.69,409.0,0
20415,97.58,11.71,67.02,728.0,0
65780,91.93,4.92,53.33,309.0,0
44510,68.71,-1.64,58.28,561.0,0
78435,54.6,5.64,60.59,237.0,0
33599,61.25,16.46,69.63,566.0,0
47560,42.96,21.71,68.04,462.0,0
35607,43.68,13.97,62.78,591.0,0
80051,49.28,6.78,70.69,193.0,0
25963,60.59,15.9,68.67,659.0,0
21871,57.92,10.68,72.98,750.0,0
90097,37.72,10.73,67.52,36.0,0
2150,61.18,-2.28,87.28,959.0,0
90669,24.72,9.69,49.06,46.0,0
11163,68.43,9.71,47.43,919.0,0
7377,65.82,16.25,100.0,914.0,0
71193,61.73,6.8,63.47,241.0,0
38144,55.57,-1.19,100.0,637.0,0
15433,66.15,7.45,85.36,765.0,0
67050,73.03,1.8,30.89,234.0,0
93487,70.77,15.08,34.25,0.0,1
52868,58.76,4.08,31.48,420.0,0
36990,53.17,3.55,60.24,494.0,0
16800,75.68,6.31,69.67,749.0,0
19667,72.04,10.44,63.89,639.0,0
58951,73.65,10.7,74.05,353.0,0
32744,55.23,1.98,96.5,608.0,0
69641,71.58,18.66,72.09,136.0,0
84923,36.03,5.67,68.03,127.0,0
34372,70.01,23.57,81.98,540.0,0
26304,85.1,10.15,100.0,567.0,0
93624,75.68,11.81,100.0,0.0,1
18959,69.68,11.84,84.99,722.0,0
55112,84.64,14.17,59.42,350.0,0
31361,61.42,15.82,58.33,675.0,0
40859,59.25,12.59,39.49,614.0,0
22697,49.96,9.81,99.18,745.0,0
73101,53.82,13.78,61.18,239.0,0
15275,54.66,15.91,79.81,794.0,0
97080,52.73,11.89,100.0,10.0,0
71623,69.44,7.46,59.63,182.0,0
12005,67.08,1.28,83.38,830.0,0
62857,81.57,-1.13,54.22,347.0,0
51936,70.4,9.45,90.19,446.0,0
15448,71.28,9.61,85.95,653.0,0
50820,71.03,10.12,74.4,396.0,0
96977,51.17,12.35,68.5,0.0,1
66559,46.86,16.55,72.52,309.0,0
73851,71.06,7.7,96.43,177.0,0
96490,97.72,15.76,53.13,0.0,1
39987,52.41,18.22,84.96,442.0,0
86229,73.66,7.14,32.69,221.0,0
2282,52.32,7.08,83.42,962.0,0
67778,62.56,11.04,89.57,216.0,0
48604,40.21,17.58,67.79,431.0,0
44818,60.44,11.0,65.63,456.0,0
69840,71.95,11.75,41.17,261.0,0
19636,60.3,11.24,39.41,787.0,0
47636,29.88,9.78,67.67,492.0,0
92743,52.93,16.75,55.93,26.0,0
95423,69.21,4.95,65.81,0.0,1
80517,58.7,6.96,57.13,147.0,0
56932,79.06,15.74,69.3,391.0,0
38716,48.52,8.98,55.47,559.0,0
54263,62.33,13.96,77.67,378.0,0
5743,66.83,6.26,96.14,809.0,0
82008,62.95,15.95,70.22,108.0,0
71605,61.46,3.99,56.91,190.0,0
15406,72.38,10.91,65.12,823.0,0
27793,77.93,8.67,1.07,712.0,0
4448,72.99,10.51,100.0,829.0,0
65204,59.63,10.88,100.0,320.0,0
87011,73.91,10.03,77.88,31.0,0
6944,54.39,13.86,100.0,847.0,0
6588,62.53,14.56,95.84,931.0,0
97301,65.52,10.94,76.35,0.0,1
21162,65.02,4.83,66.07,722.0,0
93200,40.71,4.12,100.0,85.0,0
89789,53.85,12.72,77.06,0.0,1
69448,75.11,13.8,71.61,207.0,0
59741,81.96,10.74,80.89,360.0,0
36527,55.91,6.89,91.4,538.0,0
80818,45.37,-1.75,36.45,170.0,0
80813,68.7,6.15,39.77,151.0,0
24616,54.22,2.29,60.58,643.0,0
25189,56.09,-2.9,84.12,773.0,0
9630,88.82,13.79,59.38,825.0,0
22954,60.94,13.58,62.81,665.0,0
86534,67.53,14.75,84.21,139.0,0
91499,62.86,20.83,82.68,5.0,1
95132,58.56,11.18,84.73,0.0,1
36891,49.35,2.8,77.7,611.0,0
2615,59.71,3.07,57.47,920.0,0
91249,69.92,9.24,56.69,0.0,1
3617,60.4,15.65,70.09,955.0,0
78947,71.37,5.4,89.29,149.0,0
58928,52.13,14.76,93.61,289.0,0
42405,76.27,14.78,43.6,523.0,0
74559,77.3,12.2,59.97,267.0,0
92509,84.07,12.24,70.69,16.0,0
54669,49.4,16.26,68.08,394.0,0
53929,49.23,12.33,50.95,410.0,0
4700,76.37,8.05,53.48,841.0,0
19534,52.83,6.77,44.59,747.0,0
69112,73.88,10.73,98.04,197.0,0
5996,71.64,16.73,100.0,933.0,0
11106,59.45,9.41,77.37,788.0,0
15150,83.29,13.08,84.57,776.0,0
31745,53.27,16.28,100.0,681.0,0
17799,62.83,11.69,64.88,741.0,0
91729,66.19,19.18,100.0,24.0,0
21448,56.84,9.18,78.47,754.0,0
5634,44.42,6.51,42.04,904.0,0
99076,77.51,11.27,72.94,0.0,1
47274,78.21,8.99,96.05,549.0,0
69967,46.15,8.39,41.33,328.0,0
14364,51.13,7.54,45.96,721.0,0
18141,61.61,9.66,69.41,753.0,0
40953,40.06,19.62,100.0,476.0,0
40950,53.7,3.87,60.63,472.0,0
21150,55.36,11.67,56.75,785.0,0
49496,47.58,14.37,85.21,465.0,0
93071,60.74,19.78,44.23,16.0,0
37961,44.75,5.36,58.47,600.0,0
62694,79.13,8.15,49.65,278.0,0
23382,74.54,16.43,36.18,681.0,0
87594,81.92,12.06,40.12,91.0,0
83319,64.02,11.95,86.03,100.0,0
46577,75.08,13.02,68.73,514.0,0
28495,59.06,7.76,40.0,637.0,0
97464,59.87,4.2,64.54,43.0,0
94106,56.57,13.47,86.44,0.0,1
12891,83.39,10.16,96.31,814.0,0
66249,50.51,6.39,61.5,312.0,0
46188,77.46,5.17,33.89,453.0,0
62185,69.46,12.41,87.9,243.0,0
87620,84.26,18.15,52.11,78.0,0
38391,65.7,13.62,57.69,479.0,0
9815,67.19,16.88,68.13,793.0,0
26412,61.59,11.36,88.82,644.0,0
75413,51.41,8.43,23.92,125.0,0
33062,42.79,2.79,54.38,598.0,0
80061,82.18,9.02,65.59,146.0,0
4503,90.97,16.69,64.56,848.0,0
74459,32.41,16.7,49.81,114.0,0
40198,61.41,17.9,20.12,545.0,0
10172,57.81,7.03,58.89,852.0,0
4164,65.62,4.57,56.8,931.0,0
62258,63.34,9.53,70.06,392.0,0
377,56.35,6.25,68.54,971.0,0
60396,43.75,8.28,48.48,403.0,0
42875,59.53,3.37,90.83,523.0,0
24125,73.39,0.78,51.56,646.0,0
67907,58.97,9.23,58.95,279.0,0
89254,80.16,11.39,49.54,18.0,0
54425,88.9,16.7,52.05,399.0,0
20517,60.47,14.54,75.14,786.0,0
82277,33.41,6.33,69.42,173.0,0
35808,65.44,13.15,70.09,610.0,0
69365,74.23,1.0,98.2,320.0,0
837,57.6,11.59,52.07,947.0,0
91727,58.09,14.26,47.1,93.0,0
16881,73.09,7.51,75.85,712.0,0
76457,60.15,2.31,57.63,154.0,0
34410,63.1,12.96,29.48,554.0,0
97274,64.73,5.14,55.56,0.0,1
48130,49.7,13.93,70.45,474.0,0
92475,75.81,5.05,62.82,82.0,0
23128,69.99,4.39,55.36,679.0,0
70785,67.35,-2.07,73.82,292.0,0
73788,67.99,5.32,73.81,199.0,0
76799,60.22,7.59,63.8,139.0,0
46374,78.11,4.35,45.67,562.0,0
26012,50.59,5.43,89.7,723.0,0
6077,62.84,16.6,86.56,876.0,0
17172,68.5,9.13,61.16,783.0,0
86180,59.8,13.95,68.79,266.0,0
68799,57.2,17.36,59.82,190.0,0
7895,55.46,13.47,65.14,875.0,0
96878,78.01,18.82,76.05,0.0,1
39940,59.0,8.12,46.01,507.0,0
36607,67.36,20.51,43.08,544.0,0
66675,71.82,14.84,76.37,225.0,0
30538,42.49,12.67,52.14,586.0,0
55415,61.79,4.91,74.02,330.0,0
52959,63.97,4.93,95.79,380.0,0
81735,61.13,20.65,79.13,102.0,0
1774,60.2,2.38,45.67,935.0,0
86436,45.16,18.38,48.88,68.0,0
63398,59.93,2.52,61.38,262.0,0
18966,66.31,13.59,67.17,806.0,0
44512,18.41,15.87,27.04,477.0,0
32313,45.3,4.97,85.77,683.0,0
82360,60.53,7.07,35.05,122.0,0
93520,82.39,12.43,83.02,0.0,1
73033,60.31,5.13,60.18,193.0,0
2887,68.19,12.18,50.93,837.0,0
4442,50.73,3.91,83.13,913.0,0
76345,54.43,4.14,48.11,166.0,0
41651,67.38,2.49,73.65,523.0,0
1471,85.86,16.45,86.06,815.0,0
84970,47.57,-2.61,60.67,117.0,0
19629,68.7,7.94,62.11,822.0,0
68198,52.23,3.76,80.49,322.0,0
92901,48.77,10.64,100.0,0.0,1
55155,71.79,2.24,90.84,471.0,0
86142,55.14,6.29,86.59,92.0,0
68083,41.36,9.42,59.7,275.0,0
43451,56.74,10.46,100.0,500.0,0
6331,83.47,13.59,100.0,859.0,0
53243,55.8,9.32,72.69,451.0,0
56350,58.55,9.94,84.08,447.0,0
38208,67.09,13.68,84.1,499.0,0
16294,44.35,17.22,47.11,770.0,0
95587,47.0,15.67,90.64,0.0,1
18576,42.66,13.14,75.41,683.0,0
12403,78.03,10.42,93.47,819.0,0
43076,80.45,5.46,68.74,474.0,0
68326,73.57,19.77,56.04,244.0,0
90388,59.7,2.96,39.73,12.0,0
42685,61.06,7.93,69.18,574.0,0
37847,52.7,3.13,59.49,569.0,0
74908,53.41,14.11,33.06,196.0,0
37790,72.06,14.69,76.74,553.0,0
84098,62.98,16.42,46.81,0.0,1
79560,51.18,8.16,56.08,87.0,0
58651,54.41,3.86,71.17,397.0,0
32866,67.01,10.72,63.85,545.0,0
3101,55.86,9.62,65.31,954.0,0
93606,79.87,10.19,74.12,45.0,0
24879,36.53,18.17,64.16,679.0,0
22427,59.96,8.65,81.47,782.0,0
25267,51.96,15.7,72.25,713.0,0
85816,61.04,16.1,84.88,34.0,0
72068,57.39,6.22,77.02,185.0,0
91272,45.69,6.8,39.41,48.0,0
42732,63.65,6.94,67.55,553.0,0
81796,53.4,10.21,67.38,211.0,0
96023,81.27,11.62,81.73,0.0,1
78668,60.97,12.02,87.68,173.0,0
80769,53.56,9.19,41.67,145.0,0
35755,52.73,7.65,40.09,610.0,0
57530,47.05,1.21,47.85,407.0,0
68291,88.81,4.17,54.91,229.0,0
81984,62.12,8.38,91.26,125.0,0
16221,52.63,6.63,45.3,806.0,0
47406,59.28,13.79,100.0,592.0,0
77232,59.45,18.46,100.0,46.0,0
47429,63.43,16.75,56.66,454.0,0
9969,65.86,13.36,100.0,860.0,0
72524,81.35,2.38,84.83,185.0,0
37350,53.09,0.91,58.58,578.0,0
57128,43.33,17.31,67.43,329.0,0
896,47.14,9.15,50.94,990.0,0
84286,63.28,8.54,81.84,102.0,0
34428,77.4,3.59,65.97,696.0,0
12643,75.68,19.15,94.62,823.0,0
88443,39.1,1.95,54.67,159.0,0
39468,59.01,9.56,37.21,494.0,0
60552,56.38,8.28,50.45,384.0,0
70817,56.95,1.67,99.35,233.0,0
91153,67.51,6.67,76.69,0.0,1
65993,77.05,4.45,73.52,252.0,0
43448,61.11,-1.03,77.86,557.0,0
1659,60.25,21.26,44.03,925.0,0
69570,61.83,6.19,36.12,265.0,0
76676,59.6,13.73,80.79,93.0,0
36197,62.42,14.77,71.84,521.0,0
93474,88.63,14.9,83.5,49.0,0
18920,71.87,6.49,75.13,730.0,0
84347,59.16,6.02,53.62,150.0,0
28169,52.68,4.84,79.45,684.0,0
9836,70.39,16.07,58.53,827.0,0
90834,60.31,10.59,56.17,132.0,0
92956,70.23,13.12,56.85,0.0,1
29220,52.32,10.07,76.11,624.0,0
43791,56.9,10.78,58.28,491.0,0
73721,50.22,12.94,49.79,279.0,0
13699,42.73,8.99,39.56,803.0,0
97022,61.74,13.62,95.13,0.0,1
13918,80.95,15.12,53.1,729.0,0
4633,62.06,5.05,95.25,907.0,0
37782,76.21,5.13,76.14,508.0,0
63485,36.44,14.2,74.75,223.0,0
51699,36.48,13.13,39.19,532.0,0
97743,30.72,3.5,88.15,0.0,1
188,69.92,5.9,85.81,968.0,0
36187,54.2,13.0,59.29,593.0,0
57852,38.03,13.01,53.93,363.0,0
37629,75.62,8.16,54.15,607.0,0
56068,69.45,10.62,71.75,431.0,0
53532,71.48,7.87,44.14,463.0,0
49830,77.46,7.53,94.73,387.0,0
54225,63.35,5.08,44.54,455.0,0
72932,56.26,0.61,46.47,124.0,0
44295,41.23,8.47,60.2,520.0,0
52253,76.41,16.21,82.25,418.0,0
9679,69.97,4.56,73.21,807.0,0
82237,62.62,4.04,25.63,61.0,0
94837,59.57,9.07,49.55,0.0,1
71966,55.06,14.44,50.24,287.0,0
58131,52.27,9.48,50.28,352.0,0
22590,46.34,10.91,29.4,751.0,0
2506,52.3,9.12,100.0,900.0,0
86976,73.6,10.05,92.79,15.0,0
96719,64.1,13.45,92.94,35.0,0
77758,73.67,16.16,61.77,166.0,0
76376,81.19,6.85,69.49,164.0,0
17421,28.63,15.36,69.07,758.0,0
2806,61.66,6.64,85.64,966.0,0
22500,70.06,16.76,70.41,777.0,0
67221,33.9,7.62,64.31,311.0,0
45356,79.73,16.03,77.15,533.0,0
42704,53.31,3.29,69.6,510.0,0
46088,47.61,21.65,69.91,413.0,0
83040,43.23,16.56,58.91,65.0,0
62818,57.54,7.47,84.77,305.0,0
63604,75.69,0.2,57.22,330.0,0
58103,63.26,6.46,87.04,373.0,0
66564,55.68,18.0,71.24,282.0,0
19679,80.7,15.89,52.95,714.0,0
28823,50.95,13.13,78.62,635.0,0
88417,44.96,7.09,48.28,130.0,0
48945,54.61,8.24,53.86,448.0,0
91332,62.53,9.04,100.0,0.0,1
87437,66.1,5.95,41.21,25.0,0
10570,36.86,15.81,76.61,868.0,0
27602,76.02,11.75,77.84,673.0,0
98454,19.64,9.05,100.0,71.0,0
5024,35.65,8.47,75.96,1032.0,0
39738,48.37,6.03,56.39,540.0,0
3555,18.43,5.02,65.75,1018.0,0
3181,66.8,9.41,88.55,917.0,0
3169,36.3,10.15,92.95,1012.0,0
3100,54.61,2.77,84.58,957.0,0
18347,48.44,6.73,89.51,792.0,0
69070,44.47,3.82,74.31,353.0,0
31001,49.83,8.23,64.71,673.0,0
40991,76.98,8.91,74.57,507.0,0
68640,80.01,12.67,58.95,158.0,0
74814,50.81,14.76,94.44,135.0,0
90084,72.45,13.88,59.17,75.0,0
6377,45.41,14.77,25.38,863.0,0
89962,63.5,5.32,72.79,92.0,0
5874,71.93,9.86,73.78,904.0,0
57524,65.64,15.3,46.81,344.0,0
71277,62.92,14.37,51.4,93.0,0
52260,52.82,2.15,63.53,465.0,0
18931,70.62,8.92,100.0,820.0,0
59008,71.86,1.47,48.58,431.0,0
63814,67.68,14.97,54.12,285.0,0
46017,71.6,7.88,52.06,576.0,0
83439,33.7,10.07,48.55,43.0,0
62987,71.53,4.88,26.93,345.0,0
56733,60.4,7.55,63.33,294.0,0
28845,42.77,9.03,74.18,680.0,0
12356,46.88,8.78,23.8,852.0,0
36101,53.35,0.64,85.7,564.0,0
96172,74.9,8.6,72.75,57.0,0
87468,38.59,9.84,85.81,82.0,0
74385,36.3,5.75,44.77,223.0,0
52628,82.88,13.02,93.32,391.0,0
71787,54.1,11.11,64.93,237.0,0
82410,85.45,12.49,24.18,154.0,0
79542,61.25,7.34,43.02,83.0,0
9078,66.16,14.16,93.45,868.0,0
92380,54.62,4.15,60.4,105.0,0
20267,44.99,8.17,51.05,846.0,0
88939,73.23,13.42,100.0,0.0,1
64653,73.03,8.02,61.66,209.0,0
94257,58.46,17.78,56.32,43.0,0
80318,47.46,4.34,100.0,15.0,0
59304,55.77,10.64,56.31,361.0,0
44334,57.19,12.43,78.75,432.0,0
97511,72.63,12.22,100.0,35.0,0
50838,76.49,9.96,25.14,414.0,0
80014,52.13,11.1,70.8,165.0,0
29976,36.6,14.85,100.0,608.0,0
70462,70.67,10.75,81.16,275.0,0
72466,54.58,7.43,70.81,260.0,0
99702,69.49,10.11,100.0,0.0,1
57758,43.29,13.48,100.0,316.0,0
49102,38.14,16.05,81.99,462.0,0
78993,54.09,5.19,62.48,294.0,0
30187,66.99,5.81,91.11,677.0,0
52060,67.98,9.83,42.85,512.0,0
47329,61.44,9.2,81.26,449.0,0
62122,57.37,7.76,100.0,463.0,0
75342,68.55,0.02,73.89,224.0,0
43707,39.16,8.29,77.02,452.0,0
41386,43.89,9.97,35.08,491.0,0
92146,55.48,15.9,72.85,0.0,1
30983,48.0,6.57,57.94,615.0,0
66574,86.85,4.28,100.0,178.0,0
45046,48.59,10.36,74.93,579.0,0
90589,65.08,7.97,75.67,111.0,0
31671,41.96,9.81,61.16,644.0,0
85153,72.92,2.91,69.87,84.0,0
59816,37.21,8.57,62.86,435.0,0
61001,27.75,12.8,69.73,373.0,0
36938,45.26,0.33,15.97,618.0,0
27150,56.58,10.76,79.29,733.0,0
20874,60.36,20.95,33.41,659.0,0
61293,55.34,10.66,48.17,362.0,0
6569,50.36,15.51,61.56,942.0,0
60455,100.65,9.95,100.0,292.0,0
68281,72.18,9.64,100.0,189.0,0
35754,70.29,8.42,78.02,537.0,0
17232,38.0,15.04,44.66,765.0,0
87580,61.45,8.16,70.43,152.0,0
1853,48.51,8.89,72.21,981.0,0
64283,68.05,11.95,55.46,256.0,0
10292,34.59,7.23,58.36,763.0,0
55237,43.9,4.89,78.16,394.0,0
88502,35.33,18.67,29.37,0.0,1
96726,73.87,10.63,65.25,35.0,0
61398,58.01,12.43,79.68,378.0,0
32857,65.57,12.62,47.4,678.0,0
32903,60.33,13.58,34.61,635.0,0
78910,44.11,15.9,49.74,77.0,0
70169,67.43,7.13,56.84,216.0,0
98608,36.94,13.57,43.73,36.0,0
31152,63.9,2.83,31.41,601.0,0
57450,44.19,4.31,84.29,377.0,0
19071,64.92,20.81,100.0,766.0,0
57106,62.54,6.98,73.34,447.0,0
16872,74.56,12.55,83.47,773.0,0
40680,40.98,13.28,71.21,549.0,0
5809,48.84,1.91,100.0,932.0,0
99348,49.4,10.38,65.83,0.0,1
20642,53.7,18.28,70.88,714.0,0
93910,68.62,20.85,75.34,0.0,1
22297,36.72,5.83,59.99,774.0,0
96627,64.79,11.99,80.79,68.0,0
1273,55.06,18.73,66.16,900.0,0
15346,51.51,11.36,30.57,878.0,0
47916,50.45,11.36,79.11,537.0,0
54320,51.15,11.66,74.04,384.0,0
48125,49.22,8.2,74.05,537.0,0
54395,75.99,17.18,100.0,392.0,0
83588,32.03,18.23,80.11,103.0,0
92974,68.07,9.19,76.97,0.0,1
30864,88.38,9.92,86.15,577.0,0
55228,56.73,4.49,51.69,458.0,0
92436,57.19,10.74,73.61,125.0,0
3054,46.82,0.39,64.92,918.0,0
31878,55.53,20.9,64.44,671.0,0
97936,63.34,6.1,55.14,0.0,1
25136,66.55,2.98,63.59,677.0,0
37956,62.83,9.8,58.89,598.0,0
70434,36.29,7.54,99.6,331.0,0
170,64.53,4.69,59.02,962.0,0
41233,90.11,14.9,58.18,530.0,0
88697,26.6,9.07,74.85,47.0,0
32621,60.87,-2.54,88.06,685.0,0
26226,72.07,9.83,52.33,613.0,0
40429,38.14,5.18,65.12,652.0,0
67862,49.57,9.26,73.44,273.0,0
49525,53.08,5.49,75.73,488.0,0
13775,46.38,13.63,80.44,773.0,0
45103,57.18,9.84,82.44,509.0,0
6941,65.54,12.65,64.86,887.0,0
63330,68.6,12.46,31.73,299.0,0
44552,92.34,9.04,98.84,475.0,0
45227,74.71,10.7,74.85,414.0,0
16831,71.69,5.29,45.52,822.0,0
22673,58.37,9.23,77.68,744.0,0
28317,51.95,9.85,82.68,642.0,0
33569,53.03,4.38,66.58,690.0,0
73901,66.31,4.04,30.96,246.0,0
10842,52.96,18.94,62.52,792.0,0
49862,41.33,8.86,74.03,607.0,0
46435,44.34,14.25,91.14,587.0,0
63331,69.92,11.52,46.93,226.0,0
63254,81.7,13.2,77.28,306.0,0
25849,54.11,2.92,59.58,758.0,0
41890,52.5,-1.02,78.94,534.0,0
94524,48.63,4.68,63.89,49.0,0
82357,82.39,4.45,45.44,167.0,0
91895,65.31,18.17,63.91,24.0,0
55919,64.17,2.9,57.92,444.0,0
86148,46.11,7.4,55.11,183.0,0
20021,51.33,11.37,80.57,785.0,0
27295,71.06,4.76,100.0,670.0,0
6534,78.39,7.94,83.57,822.0,0
34499,33.4,15.07,89.96,611.0,0
83281,56.05,7.97,70.09,202.0,0
92945,44.72,11.74,79.21,0.0,1
47993,46.15,19.33,61.9,406.0,0
65365,57.56,6.7,79.48,292.0,0
14274,74.59,6.53,56.1,796.0,0
15021,64.31,17.47,26.66,793.0,0
18416,40.07,13.71,80.41,830.0,0
44080,60.94,21.64,52.32,493.0,0
68306,73.59,15.88,75.64,325.0,0
56514,48.03,20.8,34.91,275.0,0
58620,44.84,5.19,66.41,396.0,0
73054,41.27,15.68,50.09,258.0,0
55964,70.9,15.74,96.11,371.0,0
13863,89.49,10.6,86.1,861.0,0
55596,75.74,5.52,56.01,354.0,0
42108,36.9,6.84,78.73,686.0,0
44670,52.76,11.74,87.21,512.0,0
93893,29.7,9.41,54.84,159.0,0
89029,78.4,3.22,71.22,44.0,0
53594,65.53,2.61,53.2,347.0,0
5335,52.89,8.53,90.29,905.0,0
50695,58.0,7.84,62.72,442.0,0
61644,69.41,9.81,44.81,335.0,0
55949,67.79,9.13,69.36,349.0,0
13679,63.41,9.79,88.29,821.0,0
74813,73.61,3.74,72.86,215.0,0
58436,48.92,12.11,82.57,326.0,0
46874,45.6,5.95,44.52,570.0,0
38214,73.96,18.13,60.87,559.0,0
26404,52.21,9.0,64.47,631.0,0
94433,29.2,12.94,37.97,21.0,0
77478,67.69,8.31,43.34,58.0,0
95295,70.31,6.76,96.43,6.0,1
9758,78.73,2.92,42.43,877.0,0
72719,62.73,9.74,85.04,245.0,0
94540,81.51,14.73,85.44,0.0,1
60593,51.35,10.46,53.77,309.0,0
39059,70.8,3.93,70.27,522.0,0
65384,46.35,10.15,83.32,305.0,0
18528,49.96,8.62,61.23,839.0,0
71272,59.47,9.3,50.67,213.0,0
55874,41.74,11.95,75.61,345.0,0
24629,44.82,11.77,100.0,699.0,0
66722,97.61,8.92,44.92,264.0,0
46050,76.75,21.11,100.0,478.0,0
74147,42.74,-0.41,53.81,263.0,0
85717,49.77,8.13,39.98,160.0,0
91744,41.54,8.91,74.11,44.0,0
65051,88.03,10.89,65.13,217.0,0
80264,52.46,6.08,61.53,183.0,0
2785,38.48,13.75,46.06,936.0,0
4084,26.7,7.66,95.49,895.0,0
7123,55.75,12.06,43.55,850.0,0
33060,59.61,12.02,69.07,589.0,0
73171,59.1,12.92,66.63,209.0,0
16267,56.67,16.22,100.0,782.0,0
33780,43.81,-1.63,100.0,545.0,0
40098,87.33,14.3,89.84,500.0,0
82165,33.82,11.84,64.99,243.0,0
50503,87.43,13.46,100.0,449.0,0
41254,72.16,10.83,92.79,601.0,0
31432,53.76,10.79,76.58,600.0,0
23112,47.21,13.61,81.96,836.0,0
26533,48.52,20.49,52.16,628.0,0
18653,26.9,10.02,98.36,727.0,0
63130,60.5,-0.02,79.66,265.0,0
39270,49.56,5.93,85.75,612.0,0
20903,71.48,5.39,21.81,699.0,0
88009,46.44,13.69,34.5,64.0,0
40116,28.7,12.68,26.41,700.0,0
11405,84.56,3.81,64.51,853.0,0
57625,40.63,6.63,27.29,379.0,0
26723,66.76,3.2,81.73,762.0,0
44857,50.1,3.21,64.9,538.0,0
43011,33.41,6.19,71.09,553.0,0
96909,48.08,6.3,59.08,0.0,1
19401,92.01,20.27,72.01,730.0,0
95474,50.69,9.29,50.94,100.0,0
87562,42.94,9.21,100.0,64.0,0
60345,75.56,10.29,83.54,351.0,0
89981,78.85,6.87,81.83,0.0,1
61606,55.1,16.57,54.45,298.0,0
34288,47.3,11.41,89.89,703.0,0
84592,85.98,10.37,58.53,184.0,0
13993,85.66,15.9,100.0,870.0,0
41555,54.76,10.83,92.54,516.0,0
22210,82.43,18.07,100.0,739.0,0
70889,21.9,11.35,41.23,366.0,0
39185,31.76,6.44,59.67,610.0,0
7449,49.73,17.07,43.75,889.0,0
74420,79.87,14.28,64.97,153.0,0
95225,54.86,14.43,100.0,89.0,0
71665,50.94,11.8,91.63,194.0,0
18809,69.64,10.57,52.42,750.0,0
72518,49.44,13.81,100.0,162.0,0
28027,75.93,13.41,98.57,653.0,0
72649,52.94,7.68,72.64,202.0,0
46817,57.7,10.88,53.74,462.0,0
24668,51.69,15.89,90.56,691.0,0
61328,54.97,15.05,82.46,336.0,0
12977,57.53,7.78,59.01,862.0,0
68032,77.89,11.52,77.77,318.0,0
99190,43.61,2.56,50.67,0.0,1
8952,40.07,10.46,51.47,916.0,0
78257,68.76,18.42,86.43,125.0,0
61787,52.29,3.84,68.63,357.0,0
19766,67.31,13.91,88.75,824.0,0
99196,47.12,10.86,64.73,0.0,1
58255,75.17,7.66,85.99,413.0,0
11693,36.03,11.06,89.51,787.0,0
77390,59.43,-3.62,70.27,180.0,0
16133,83.2,15.91,84.28,703.0,0
29117,66.28,3.74,66.43,705.0,0
55141,48.04,12.5,73.08,461.0,0
54170,59.88,2.62,75.39,447.0,0
11380,51.15,7.89,96.53,851.0,0
79159,72.52,7.59,55.66,229.0,0
78975,63.59,11.53,73.31,143.0,0
93452,51.39,12.83,83.27,70.0,0
30028,61.09,6.51,89.36,620.0,0
43174,56.05,11.15,60.11,511.0,0
42438,89.2,20.76,51.43,536.0,0
19580,77.35,6.07,53.08,678.0,0
83399,32.88,13.31,33.95,34.0,0
80737,62.37,6.11,100.0,74.0,0
96774,79.92,11.53,100.0,0.0,1
45551,75.77,-0.03,63.79,476.0,0
54335,78.75,11.35,69.67,387.0,0
90254,61.44,2.96,64.69,50.0,0
62226,45.7,6.66,33.66,363.0,0
9338,38.85,9.14,69.77,868.0,0
3509,69.58,4.28,78.68,882.0,0
57974,86.4,10.82,80.01,348.0,0
95707,72.83,10.86,79.87,29.0,0
26772,67.74,18.18,62.28,683.0,0
76069,50.75,7.27,38.48,179.0,0
67027,51.55,12.58,57.0,252.0,0
9298,85.26,4.98,86.83,842.0,0
77327,65.58,7.56,80.43,154.0,0
79393,79.74,12.07,87.39,255.0,0
69952,78.55,13.53,78.96,196.0,0
32863,57.35,12.04,88.22,713.0,0
23758,59.4,5.64,21.51,685.0,0
80518,57.41,0.19,91.85,146.0,0
80194,66.43,3.74,79.76,117.0,0
51209,46.02,6.17,77.18,520.0,0
89027,94.39,7.37,91.95,10.0,0
94123,73.38,5.5,90.5,156.0,0
99405,63.78,3.36,71.18,32.0,0
11253,56.75,7.8,21.44,825.0,0
14633,56.45,14.57,69.7,820.0,0
32152,49.12,7.91,91.24,575.0,0
10608,40.54,9.9,63.0,845.0,0
88215,73.16,4.74,41.37,104.0,0
93908,66.18,4.72,82.76,76.0,0
87513,51.63,0.47,44.09,27.0,0
52569,67.73,3.11,38.38,513.0,0
28860,54.61,18.19,88.72,721.0,0
52686,76.81,8.62,75.24,391.0,0
8789,71.53,8.84,61.43,868.0,0
38017,49.26,4.18,48.28,623.0,0
73759,43.19,8.34,80.72,210.0,0
95570,49.12,13.99,92.77,0.0,1
88083,39.89,14.94,78.13,74.0,0
44002,53.29,9.73,46.71,532.0,0
81790,70.28,11.08,88.29,92.0,0
7969,52.03,12.29,93.7,857.0,0
92555,67.96,11.36,52.75,0.0,1
86947,50.95,9.96,76.32,119.0,0
29923,27.92,11.84,94.93,542.0,0
59881,59.11,11.92,82.65,380.0,0
10569,37.87,11.27,69.97,916.0,0
80180,52.87,11.7,84.45,125.0,0
18873,57.3,6.95,52.56,792.0,0
69171,47.65,11.72,72.89,297.0,0
66743,56.28,15.59,82.03,381.0,0
96972,46.61,14.87,46.76,0.0,1
62021,81.34,10.4,50.99,346.0,0
26235,46.5,14.72,89.79,627.0,0
49297,57.59,18.01,81.09,424.0,0
55754,102.34,9.35,50.31,288.0,0
19286,60.67,9.65,68.02,748.0,0
83269,69.31,14.43,29.91,30.0,0
34624,61.05,5.35,88.57,718.0,0
27065,35.48,16.16,54.65,738.0,0
23589,46.53,10.44,60.88,849.0,0
37265,43.41,11.52,52.61,549.0,0
45784,73.75,12.92,84.42,464.0,0
1769,63.01,-0.16,71.58,945.0,0
56643,62.64,9.58,53.25,339.0,0
37065,65.61,16.17,53.81,503.0,0
67068,87.25,-0.07,98.13,262.0,0
97530,45.31,6.41,74.3,0.0,1
8073,65.83,6.59,57.26,844.0,0
83567,75.35,16.63,65.37,72.0,0
59673,50.03,11.61,83.53,368.0,0
42876,85.89,-1.44,96.0,559.0,0
28477,41.86,12.7,82.81,605.0,0
48857,72.67,15.5,100.0,514.0,0
21077,53.2,13.79,69.9,794.0,0
58206,47.18,2.76,63.95,426.0,0
47975,43.04,13.26,73.69,578.0,0
61880,76.84,10.26,71.68,358.0,0
33641,31.11,4.51,45.78,689.0,0
95981,68.05,17.97,99.6,0.0,1
40659,38.17,12.85,53.98,588.0,0
20676,49.01,15.71,56.86,670.0,0
24470,71.59,9.34,63.87,719.0,0
23129,98.35,2.51,44.6,750.0,0
14279,49.87,5.93,73.43,854.0,0
52978,58.68,10.86,75.88,430.0,0
45043,71.8,7.63,38.51,452.0,0
75330,43.88,8.86,77.17,270.0,0
11643,47.41,14.12,100.0,850.0,0
19235,65.94,-4.39,70.57,808.0,0
36473,44.73,14.14,48.2,536.0,0
90203,67.85,12.23,52.91,34.0,0
68574,50.81,3.36,74.24,304.0,0
68935,61.23,3.91,64.39,338.0,0
63709,61.74,5.01,87.91,233.0,0
7401,54.76,21.56,81.77,819.0,0
13628,66.72,9.06,81.53,777.0,0
23329,55.64,12.02,100.0,736.0,0
34382,59.42,17.84,64.82,635.0,0
81631,59.39,13.28,68.98,53.0,0
57343,53.53,13.05,53.63,448.0,0
79284,52.58,1.21,48.75,248.0,0
57189,52.67,17.97,50.61,434.0,0
86479,91.31,18.39,84.56,61.0,0
63656,51.67,12.09,76.09,251.0,0
47812,80.96,11.97,54.84,323.0,0
3876,50.77,7.86,77.98,879.0,0
92522,60.16,5.88,82.33,27.0,0
90539,76.65,12.74,100.0,39.0,0
58307,38.42,12.96,91.06,387.0,0
67509,36.17,0.58,64.37,259.0,0
6643,65.29,9.09,84.18,885.0,0
47043,82.49,6.7,81.58,463.0,0
77066,47.89,9.8,68.61,142.0,0
36455,85.32,5.82,61.73,685.0,0
90963,60.93,5.91,82.74,46.0,0
75906,63.67,14.33,43.7,163.0,0
21176,46.95,7.09,62.72,768.0,0
19283,52.64,11.93,43.06,728.0,0
82659,71.0,18.46,68.11,134.0,0
61315,89.24,16.88,78.42,341.0,0
93982,59.22,18.34,30.73,103.0,0
5714,56.02,6.18,49.73,873.0,0
53834,41.56,8.63,78.34,449.0,0
88041,62.66,4.13,100.0,57.0,0
64701,76.45,6.05,84.7,262.0,0
59286,63.3,1.59,64.82,382.0,0
74198,55.69,8.38,72.49,289.0,0
54180,72.81,14.39,83.45,355.0,0
32613,71.84,12.03,56.36,555.0,0
36462,77.88,10.0,64.64,513.0,0
3089,74.28,-0.94,44.63,966.0,0
71647,51.49,10.29,64.41,232.0,0
60932,52.03,2.82,55.82,312.0,0
53564,65.02,13.68,71.35,408.0,0
19967,34.75,4.68,52.71,802.0,0
59438,58.13,10.88,56.1,359.0,0
53682,83.41,3.4,81.19,338.0,0
67796,54.83,14.26,76.79,285.0,0
98616,58.0,12.09,100.0,2.0,1
44642,71.92,18.34,100.0,420.0,0
96312,48.64,16.23,89.99,0.0,1
83931,64.71,3.9,77.24,139.0,0
85359,53.93,8.18,49.9,93.0,0
85927,61.24,11.2,92.61,54.0,0
39936,69.42,18.45,88.5,586.0,0
83460,37.75,14.13,75.53,169.0,0
65729,76.12,4.65,44.32,302.0,0
79294,40.48,6.01,67.21,159.0,0
80990,59.07,15.42,67.32,62.0,0
57795,34.65,10.98,75.94,373.0,0
29775,44.09,9.26,70.89,676.0,0
40786,58.19,5.67,73.85,525.0,0
35372,66.49,4.73,75.35,569.0,0
7720,56.31,7.65,67.54,867.0,0
42321,62.99,8.55,89.37,508.0,0
71054,56.34,12.29,59.25,233.0,0
75657,77.78,5.6,71.76,179.0,0
73377,76.09,10.05,75.54,253.0,0
82775,47.71,7.35,84.84,73.0,0
89573,56.15,19.86,100.0,4.0,1
13655,61.17,11.98,55.42,850.0,0
29727,58.08,14.59,86.47,568.0,0
83823,53.43,5.2,100.0,154.0,0
6250,40.98,10.0,79.25,956.0,0
77633,83.18,18.9,58.52,173.0,0
17520,53.43,14.87,60.72,699.0,0
47527,66.79,8.99,84.86,505.0,0
84545,73.85,17.92,100.0,45.0,0
33921,69.13,15.16,83.52,539.0,0
77296,51.2,4.17,89.43,88.0,0
93773,83.2,11.45,100.0,2.0,1
33236,48.59,11.76,64.52,618.0,0
17107,72.67,12.89,100.0,751.0,0
566,56.09,6.63,58.0,965.0,0
94649,75.87,7.29,62.95,20.0,0
50601,54.29,11.19,100.0,417.0,0
86730,56.49,7.81,67.51,131.0,0
83115,51.07,7.44,47.55,82.0,0
77655,61.11,10.55,83.66,104.0,0
16324,73.14,10.22,95.34,812.0,0
94605,75.66,15.41,60.78,0.0,1
28353,65.33,13.17,78.16,555.0,0
14018,48.94,8.26,68.49,756.0,0
73494,32.18,8.19,77.46,260.0,0
37169,56.43,18.84,65.36,602.0,0
1434,62.65,14.65,73.68,928.0,0
51251,62.77,3.71,100.0,406.0,0
3670,59.97,13.99,59.77,845.0,0
42044,67.41,14.57,59.65,561.0,0
17532,44.53,5.4,70.68,732.0,0
78253,52.47,4.28,61.03,206.0,0
95624,65.39,13.98,46.38,0.0,1
13603,43.97,12.62,71.4,767.0,0
76764,39.86,3.99,49.25,164.0,0
16700,54.91,15.13,76.57,743.0,0
56602,55.88,20.92,67.77,399.0,0
19065,69.51,14.6,70.54,780.0,0
71847,76.74,6.8,76.17,224.0,0
10355,43.73,10.42,66.68,864.0,0
16317,49.1,6.46,100.0,805.0,0
92401,66.56,9.28,68.83,0.0,1
47091,68.8,13.21,100.0,476.0,0
91064,38.52,12.81,100.0,80.0,0
49490,31.69,10.1,65.08,476.0,0
59039,61.43,5.94,86.43,387.0,0
67390,59.1,11.83,60.27,203.0,0
2785,71.31,10.46,62.47,894.0,0
26871,52.29,16.96,73.29,725.0,0
53179,69.58,12.32,75.36,387.0,0
38299,67.39,4.72,85.68,553.0,0
29833,71.13,4.41,51.38,552.0,0
56351,49.66,13.8,75.7,438.0,0
8366,54.17,7.92,72.74,866.0,0
4691,62.71,8.01,77.39,864.0,0
52123,72.23,3.44,62.89,458.0,0
99880,67.66,7.61,73.27,0.0,1
67683,69.15,11.31,96.87,271.0,0
26911,44.99,12.84,90.44,770.0,0
17492,75.9,12.74,94.07,742.0,0
77262,58.2,4.3,85.65,288.0,0
41991,55.21,16.03,100.0,514.0,0
18627,42.69,3.92,74.79,613.0,0
52268,43.03,9.65,58.25,411.0,0
93953,53.3,8.33,100.0,0.0,1
92189,100.48,12.51,44.18,0.0,1
98268,34.76,9.43,45.02,0.0,1
98920,84.66,12.96,71.61,0.0,1
21376,53.96,11.94,57.21,693.0,0
6777,56.56,7.99,90.07,936.0,0
83423,33.23,9.18,84.08,130.0,0
6760,42.03,6.95,77.23,916.0,0
30222,82.05,16.03,65.85,612.0,0
75422,71.86,10.61,70.81,145.0,0
64812,43.54,11.46,72.65,300.0,0
52430,52.11,15.06,89.59,473.0,0
56992,60.99,12.71,79.86,401.0,0
62297,81.38,9.83,83.06,251.0,0
66425,43.69,5.79,55.39,174.0,0
98400,46.7,5.65,79.35,71.0,0
90084,45.06,6.21,61.74,0.0,1
34248,75.25,15.11,59.13,593.0,0
28797,27.78,24.1,55.88,734.0,0
25815,70.28,10.55,100.0,729.0,0
90487,74.86,5.11,46.59,0.0,1
26767,46.68,11.09,45.15,642.0,0
68060,45.5,16.36,78.93,306.0,0
1422,30.6,14.78,68.18,924.0,0
84239,48.3,8.37,64.11,92.0,0
31106,49.08,12.3,77.04,602.0,0
51744,44.28,12.58,62.89,396.0,0
35115,80.13,10.9,99.95,507.0,0
25400,66.06,13.32,62.31,651.0,0
13270,57.11,8.15,54.7,802.0,0
18899,43.9,1.24,96.69,709.0,0
58477,50.52,17.06,69.34,381.0,0
99903,69.09,3.31,90.76,0.0,1
58611,72.23,7.57,68.65,359.0,0
38232,67.29,11.2,65.6,483.0,0
80943,69.02,9.16,62.02,67.0,0
45941,71.23,16.31,100.0,498.0,0
59949,78.36,15.1,98.75,369.0,0
39506,74.43,16.26,93.88,598.0,0
89012,90.94,8.14,67.07,65.0,0
74849,56.11,8.26,73.01,290.0,0
24288,51.73,11.59,63.77,696.0,0
29703,44.29,17.85,44.44,622.0,0
17420,61.05,15.89,52.35,837.0,0
14127,65.86,13.12,100.0,856.0,0
12484,41.81,4.71,51.03,807.0,0
89463,46.49,8.8,60.37,114.0,0
17137,64.69,17.79,78.06,806.0,0
35315,50.14,5.71,69.55,615.0,0
11845,43.93,9.57,59.16,812.0,0
80377,55.15,14.38,49.5,191.0,0
3491,47.78,14.68,63.57,892.0,0
12704,67.53,-2.56,70.2,798.0,0
55342,86.83,9.75,66.54,363.0,0
48255,58.04,9.36,80.23,344.0,0
11792,74.1,14.6,100.0,817.0,0
94868,58.09,16.48,100.0,55.0,0
94829,69.75,10.88,59.09,22.0,0
97406,46.56,6.18,63.64,12.0,0
70055,55.28,2.0,91.07,175.0,0
20017,61.07,5.47,74.82,816.0,0
28869,72.78,5.32,80.41,664.0,0
77588,60.44,-1.92,79.94,207.0,0
39856,76.11,10.66,59.36,493.0,0
68105,63.27,6.12,50.44,264.0,0
3048,69.79,5.85,86.37,888.0,0
15985,76.63,10.45,58.47,699.0,0
55202,48.77,7.12,60.39,504.0,0
61024,67.78,15.69,86.97,340.0,0
61369,32.51,14.72,72.1,301.0,0
7499,52.57,11.75,75.27,873.0,0
63452,63.78,5.01,95.14,389.0,0
80835,67.77,13.21,53.02,123.0,0
80384,48.45,2.07,44.73,189.0,0
60456,55.66,5.03,81.24,414.0,0
650,80.74,4.29,77.35,981.0,0
9564,40.55,0.76,48.98,804.0,0
50920,63.5,21.65,54.79,443.0,0
9492,64.49,9.49,50.99,887.0,0
49547,62.31,11.16,22.51,411.0,0
50603,53.19,13.99,82.28,423.0,0
98279,56.63,6.11,59.45,31.0,0
79625,79.25,3.34,46.1,192.0,0
20397,68.02,19.56,100.0,683.0,0
19743,66.45,6.67,35.54,718.0,0
59517,71.0,12.92,81.9,378.0,0
91799,74.34,-5.01,41.11,0.0,1
32524,46.53,14.94,63.71,626.0,0
71332,79.64,10.68,86.86,220.0,0
19515,63.01,17.6,45.72,720.0,0
27834,46.65,13.82,91.95,634.0,0
53998,51.64,5.46,95.37,466.0,0
58195,54.78,12.04,76.43,368.0,0
17070,72.13,16.62,100.0,746.0,0
99908,61.4,12.69,38.47,0.0,1
80918,72.62,12.06,74.15,43.0,0
82995,58.34,12.24,46.51,56.0,0
8144,47.0,15.42,84.94,897.0,0
73958,79.68,10.52,77.69,173.0,0
52952,56.73,14.29,55.3,389.0,0
75625,57.25,13.26,91.92,257.0,0
22372,62.24,10.13,52.23,749.0,0
18267,71.27,7.52,81.38,768.0,0
58865,82.16,14.32,55.2,430.0,0
29148,51.99,-3.05,60.08,762.0,0
96871,58.16,10.98,61.49,0.0,1
91983,68.93,1.22,74.75,20.0,0
93620,59.92,8.98,75.77,63.0,0
68954,64.78,6.45,40.59,238.0,0
7948,57.68,4.08,87.95,857.0,0
21729,60.01,13.07,81.79,746.0,0
6614,74.56,4.28,99.97,902.0,0
86798,48.08,12.7,68.31,53.0,0
50392,51.56,18.46,100.0,445.0,0
70926,65.09,15.28,100.0,283.0,0
76128,37.99,12.04,68.11,163.0,0
75552,75.78,3.58,73.07,178.0,0
18234,48.8,13.17,12.94,827.0,0
32674,71.13,8.34,72.54,507.0,0
48856,71.21,5.51,35.78,534.0,0
61717,63.03,12.58,91.16,292.0,0
30052,42.22,16.74,43.64,668.0,0
46351,68.29,7.89,24.45,487.0,0
48479,67.58,8.86,82.9,554.0,0
30479,64.06,6.79,76.29,650.0,0
33532,61.89,18.65,60.69,527.0,0
76992,81.43,12.34,89.8,220.0,0
89186,72.77,8.96,81.93,79.0,0
80563,77.84,8.23,65.39,127.0,0
21768,81.13,4.66,88.94,662.0,0
34463,46.48,10.25,44.48,598.0,0
86661,60.75,0.66,84.46,19.0,0
34356,53.03,13.06,39.83,593.0,0
76970,61.9,7.0,81.66,220.0,0
5999,64.61,4.8,100.0,922.0,0
67827,51.92,8.39,70.2,272.0,0
85341,74.12,14.83,100.0,106.0,0
83707,42.27,11.66,43.34,142.0,0
68259,51.13,4.28,72.35,329.0,0
61232,67.08,12.77,45.97,243.0,0
95235,51.53,7.03,96.29,0.0,1
80062,48.0,12.3,35.81,72.0,0
83238,37.11,1.33,100.0,120.0,0
54211,72.6,8.38,80.9,368.0,0
5255,79.65,5.27,59.58,847.0,0
64287,20.68,7.45,64.28,308.0,0
14097,60.15,12.04,51.83,709.0,0
86783,68.44,6.58,61.87,139.0,0
59954,43.55,17.95,83.9,380.0,0
21792,75.15,16.36,52.33,814.0,0
44273,50.97,8.28,84.56,418.0,0
56373,52.79,14.22,92.95,360.0,0
6704,55.28,7.75,86.83,878.0,0
35575,53.14,10.74,58.19,533.0,0
6060,50.82,10.23,82.07,895.0,0
41952,48.04,7.03,86.63,561.0,0
14509,66.86,10.08,88.21,750.0,0
73533,43.88,9.46,77.06,135.0,0
4150,72.08,13.4,81.79,926.0,0
31482,54.29,6.58,100.0,680.0,0
892,92.97,8.21,55.08,909.0,0
45501,47.86,9.62,94.81,502.0,0
80043,101.52,16.44,91.66,116.0,0
12526,62.39,14.25,28.92,781.0,0
51735,55.07,8.08,72.42,402.0,0
89657,69.13,12.25,40.84,31.0,0
21727,60.38,2.36,96.87,793.0,0
86633,60.04,7.5,65.64,99.0,0
6654,42.79,12.96,97.79,959.0,0
61576,63.62,18.7,60.46,403.0,0
19094,46.91,15.29,91.79,817.0,0
27713,68.07,12.65,50.69,663.0,0
95661,67.27,22.14,63.64,0.0,1
16707,46.82,16.75,72.98,814.0,0
66841,69.7,8.3,90.16,364.0,0
18616,65.52,5.09,91.2,819.0,0
88479,44.6,11.74,44.6,0.0,1
16417,42.0,4.42,45.09,798.0,0
66547,73.0,9.16,87.62,303.0,0
25771,47.98,16.7,65.79,745.0,0
32829,83.56,13.38,60.85,592.0,0
27270,37.03,18.08,100.0,653.0,0
82054,74.73,15.22,68.42,148.0,0
97214,64.31,16.13,66.09,0.0,1
59386,62.09,11.36,54.5,333.0,0
45920,45.42,22.17,76.83,459.0,0
30495,65.21,13.28,74.32,657.0,0
53265,79.81,3.27,10.24,357.0,0
78433,77.42,8.47,61.17,174.0,0
12791,48.14,8.2,53.17,832.0,0
35677,58.75,10.63,42.98,591.0,0
8005,101.95,13.33,84.01,788.0,0
7214,71.97,16.8,63.82,890.0,0
15109,57.37,5.8,88.73,798.0,0
44796,65.21,16.01,68.96,517.0,0
21536,56.91,11.71,98.83,735.0,0
74649,44.26,11.1,76.24,185.0,0
89878,49.46,12.86,77.35,0.0,1
44682,86.98,15.33,65.85,515.0,0
14409,71.63,17.69,78.43,735.0,0
75060,66.11,6.89,73.62,178.0,0
39644,39.41,9.53,97.72,514.0,0
86369,51.03,7.2,85.95,80.0,0
70575,62.12,19.36,61.82,248.0,0
95911,62.09,5.37,46.43,0.0,1
49003,80.47,10.05,72.6,384.0,0
5440,50.18,3.7,49.12,943.0,0
80362,57.02,14.67,70.47,177.0,0
78032,62.96,10.04,50.72,246.0,0
25501,52.03,18.48,79.91,660.0,0
22547,73.16,11.88,62.48,719.0,0
59643,54.27,11.31,83.7,356.0,0
12307,58.8,3.25,63.72,843.0,0
67028,42.87,9.42,91.8,263.0,0
3288,56.64,11.09,74.94,1027.0,0
81981,90.66,5.65,97.17,21.0,0
57814,54.75,6.4,39.96,421.0,0
91748,71.0,9.93,52.52,32.0,0
6783,79.67,10.09,87.44,817.0,0
99054,84.77,11.07,73.73,0.0,1
93527,79.18,8.81,84.92,0.0,1
16854,44.94,16.19,33.73,761.0,0
21533,49.56,20.19,42.57,665.0,0
89231,59.73,11.45,100.0,52.0,0
35019,80.93,13.84,39.53,618.0,0
27074,51.15,15.18,67.39,560.0,0
89505,57.13,8.97,65.4,0.0,1
76881,56.09,5.89,47.45,239.0,0
79506,34.79,19.37,94.75,96.0,0
86066,71.26,8.73,92.12,23.0,0
12428,68.66,9.23,90.93,866.0,0
14860,43.85,5.01,100.0,833.0,0
44433,57.8,10.63,55.44,470.0,0
96796,54.0,6.49,55.46,-0.0,1
38038,72.29,10.71,87.44,573.0,0
53942,56.0,14.09,30.08,392.0,0
78545,70.05,4.76,80.3,115.0,0
40120,52.07,3.14,65.67,559.0,0
43471,44.96,24.02,84.66,490.0,0
68210,65.28,9.25,86.36,271.0,0
30000,75.15,2.47,71.16,658.0,0
38096,71.94,14.49,69.6,606.0,0
9069,80.87,14.76,100.0,852.0,0
90018,76.09,-2.53,67.32,59.0,0
58846,55.32,19.05,58.72,340.0,0
8146,54.8,11.8,87.29,877.0,0
96693,41.56,10.82,85.77,0.0,1
21233,82.16,5.89,45.35,761.0,0
173,60.03,15.14,81.74,932.0,0
28247,42.14,9.65,81.06,691.0,0
60152,45.66,5.18,59.29,344.0,0
18889,54.17,15.31,54.69,711.0,0
41728,77.95,4.55,52.06,514.0,0
57448,56.54,12.61,86.34,362.0,0
27314,28.37,7.16,64.34,768.0,0
19629,47.2,7.97,63.66,749.0,0
16977,83.75,11.72,45.54,732.0,0
17017,51.13,3.09,100.0,775.0,0
23748,54.87,16.66,69.12,700.0,0
71542,50.0,8.8,28.26,216.0,0
86620,79.84,15.67,78.76,37.0,0
41847,64.99,5.77,96.07,515.0,0
56600,48.79,11.11,77.88,349.0,0
72678,53.3,5.46,72.81,235.0,0
68941,60.14,14.01,76.54,295.0,0
37102,17.71,11.62,63.8,580.0,0
68903,28.05,4.13,70.61,305.0,0
64521,55.95,11.73,52.88,287.0,0
23159,61.23,4.37,87.24,699.0,0
20083,53.03,11.72,72.82,714.0,0
48882,51.21,18.96,58.46,380.0,0
82021,43.74,8.11,61.5,93.0,0
73701,52.33,14.13,71.65,227.0,0
82046,68.74,4.37,20.97,219.0,0
39587,78.5,12.14,46.01,550.0,0
15450,52.53,12.44,80.23,742.0,0
24243,63.99,12.15,37.51,727.0,0
40453,80.7,9.16,66.39,566.0,0
45435,61.8,17.01,74.39,500.0,0
30039,34.43,5.37,28.57,599.0,0
1853,59.93,10.76,39.65,937.0,0
76353,64.24,14.15,52.92,143.0,0
98271,43.68,11.49,73.91,0.0,1
88151,56.73,16.4,56.29,55.0,0
73998,60.55,9.95,100.0,185.0,0
47824,62.02,16.47,56.51,493.0,0
58815,49.12,12.64,57.6,386.0,0
37372,92.89,13.16,88.6,566.0,0
63833,60.07,5.28,38.06,296.0,0
69074,51.91,10.36,44.7,196.0,0
77006,53.35,13.93,74.43,122.0,0
51450,47.02,7.01,55.6,435.0,0
12457,89.18,18.76,25.69,890.0,0
55781,61.89,9.86,62.04,349.0,0
67786,50.41,7.93,95.74,338.0,0
9493,34.13,2.52,51.82,886.0,0
2962,41.91,8.81,87.06,845.0,0
78096,47.47,12.44,72.93,173.0,0
43640,33.45,18.66,73.53,540.0,0
47204,52.55,14.69,68.32,425.0,0
73554,58.02,7.73,100.0,338.0,0
66149,69.69,14.3,98.86,234.0,0
93614,52.86,19.52,63.14,26.0,0
81963,84.34,4.73,91.28,77.0,0
57215,61.4,11.91,53.45,301.0,0
26301,67.1,14.71,69.61,741.0,0
26187,59.81,14.95,88.09,725.0,0
75519,60.47,8.46,60.54,259.0,0
8190,59.14,3.64,91.69,877.0,0
12215,45.9,5.12,50.8,898.0,0
27563,60.04,15.72,74.5,638.0,0
63558,67.52,7.04,40.6,368.0,0
52381,81.61,7.56,81.87,504.0,0
20435,75.06,-0.3,81.87,783.0,0
6568,38.93,6.26,100.0,827.0,0
75644,50.49,17.26,59.52,237.0,0
71130,32.94,14.46,80.22,204.0,0
43481,48.79,7.34,69.3,519.0,0
25018,66.78,17.62,57.91,759.0,0
229,61.86,12.73,100.0,904.0,0
10789,84.69,10.92,67.55,920.0,0
37283,91.57,8.16,80.73,515.0,0
63573,94.31,9.61,54.82,276.0,0
47235,55.13,14.68,50.07,531.0,0
21393,42.87,6.46,79.85,751.0,0
19956,40.27,17.88,45.67,711.0,0
55983,80.89,9.46,100.0,336.0,0
89741,64.16,8.55,53.56,46.0,0
71597,71.8,12.94,100.0,239.0,0
79384,45.06,9.9,33.14,179.0,0
330,62.57,2.78,50.95,934.0,0
68562,72.69,8.56,82.92,228.0,0
85184,39.42,11.44,38.06,68.0,0
30903,37.13,4.25,75.38,659.0,0
80765,98.15,3.07,67.72,94.0,0
34542,46.3,-1.26,69.36,523.0,0
43363,66.64,14.9,81.34,489.0,0
74041,50.82,3.95,92.25,203.0,0
13627,43.94,16.03,66.52,773.0,0
80934,47.75,12.79,73.22,230.0,0
95738,44.38,8.55,64.67,90.0,0
60925,80.03,3.6,86.13,402.0,0
68914,65.81,8.77,80.23,243.0,0
9819,53.76,13.5,82.87,926.0,0
87992,33.19,3.18,72.8,102.0,0
52476,37.02,1.52,85.53,396.0,0
53934,59.09,14.65,69.06,348.0,0
34419,46.31,9.12,35.07,553.0,0
7718,59.35,15.28,53.48,850.0,0
75582,64.11,14.14,87.89,108.0,0
89716,53.81,14.21,70.85,53.0,0
39044,57.24,0.87,37.77,524.0,0
61327,73.15,12.86,81.28,275.0,0
29309,57.26,1.1,79.58,692.0,0
88094,76.92,5.22,76.31,35.0,0
65214,73.61,2.9,49.98,278.0,0
69426,47.39,9.61,75.99,305.0,0
64517,67.54,0.7,68.01,296.0,0
70323,47.37,6.15,79.87,282.0,0
93982,61.38,5.08,68.45,0.0,1
31965,88.42,6.89,71.7,714.0,0
7044,53.83,16.65,75.18,889.0,0
16378,42.79,8.4,61.28,792.0,0
65438,69.61,10.59,79.24,304.0,0
77110,66.48,6.48,31.84,229.0,0
32708,79.83,9.79,88.38,549.0,0
41228,51.5,4.76,68.85,545.0,0
20713,48.14,16.22,75.65,717.0,0
62771,58.41,7.24,56.48,301.0,0
7456,66.36,13.18,50.32,845.0,0
3760,87.62,9.09,84.35,925.0,0
79079,53.98,5.98,62.14,75.0,0
51683,68.57,0.41,48.48,469.0,0
33288,65.46,9.41,63.42,597.0,0
42425,67.12,3.28,55.55,593.0,0
39279,47.77,22.08,100.0,556.0,0
79278,61.65,6.4,61.04,195.0,0
76318,49.55,3.73,72.46,224.0,0
42451,70.31,14.67,98.33,490.0,0
49801,72.14,8.85,100.0,491.0,0
45408,48.66,16.34,83.42,528.0,0
57398,47.75,17.97,77.83,267.0,0
85610,63.56,9.43,49.93,60.0,0
37406,37.73,6.34,51.5,597.0,0
65549,56.45,12.1,79.75,202.0,0
65834,30.71,22.48,67.6,290.0,0
90760,67.04,11.78,77.5,44.0,0
29744,54.64,10.68,67.25,660.0,0
98215,48.97,12.4,73.44,0.0,1
33247,61.74,9.17,67.7,592.0,0
99808,68.24,12.37,87.81,0.0,1
36038,40.0,10.38,68.68,657.0,0
94186,44.15,8.45,86.07,90.0,0
84900,70.74,12.6,53.85,107.0,0
16408,80.02,5.92,72.78,743.0,0
68286,63.7,18.08,75.93,254.0,0
4987,73.56,15.24,39.36,941.0,0
6943,60.07,5.45,69.4,833.0,0
44670,60.04,13.67,54.46,447.0,0
25342,53.04,16.13,59.96,755.0,0
86020,54.58,6.12,65.42,87.0,0
48362,87.09,12.87,60.84,464.0,0
56401,77.82,11.01,48.75,392.0,0
75364,72.04,6.51,78.31,166.0,0
82997,49.71,14.37,38.29,63.0,0
99716,52.63,14.92,95.3,0.0,1
65107,37.17,13.22,62.07,300.0,0
14778,56.63,8.81,100.0,812.0,0
75350,65.9,13.94,50.55,150.0,0
25942,68.15,13.64,71.19,720.0,0
37232,67.12,11.21,69.28,523.0,0
17420,78.87,13.13,100.0,792.0,0
89544,77.02,11.45,16.55,57.0,0
75773,39.91,-3.16,67.67,212.0,0
96289,75.39,10.52,53.9,0.0,1
32204,58.51,2.57,46.26,624.0,0
97375,75.35,8.43,100.0,0.0,1
15626,68.46,11.43,68.46,823.0,0
80616,30.78,15.91,35.31,161.0,0
87191,80.82,12.48,80.58,43.0,0
62176,51.31,15.37,80.91,362.0,0
51945,40.29,15.21,76.97,385.0,0
47854,52.57,13.76,46.84,458.0,0
31426,51.03,3.61,68.02,545.0,0
80253,64.4,12.94,51.07,210.0,0
53777,67.12,13.72,47.85,353.0,0
22960,63.37,7.84,94.57,713.0,0
68176,71.61,2.6,78.67,367.0,0
19908,41.11,9.36,23.39,749.0,0
79702,53.04,14.08,65.7,110.0,0
9955,49.02,8.44,66.19,935.0,0
63048,79.59,1.12,61.29,266.0,0
39910,85.03,4.37,73.39,587.0,0
17035,61.49,9.75,67.98,838.0,0
49052,48.03,10.19,47.13,552.0,0
71027,59.53,10.17,43.16,261.0,0
48074,65.87,2.42,83.43,526.0,0
26587,78.82,11.95,80.6,647.0,0
9280,75.22,5.44,59.36,779.0,0
75716,90.86,12.31,76.17,190.0,0
97568,42.56,8.71,81.62,0.0,1
92989,60.81,10.83,86.59,4.0,1
84566,51.69,6.07,81.57,165.0,0
52812,47.68,8.88,65.5,342.0,0
76931,70.31,7.92,80.89,164.0,0
51758,66.52,17.58,63.9,381.0,0
90094,49.63,12.2,54.92,93.0,0
87099,49.38,14.64,96.66,20.0,0
94834,86.32,8.21,78.39,0.0,1
34564,81.63,6.43,76.62,600.0,0
73820,90.02,6.56,49.94,143.0,0
52636,67.47,16.03,54.93,355.0,0
30989,97.28,16.92,55.29,715.0,0
32177,65.7,9.15,68.16,671.0,0
13555,55.71,14.79,67.97,834.0,0
45336,73.18,13.02,67.78,407.0,0
47816,49.35,17.84,45.99,360.0,0
14291,76.72,2.9,53.37,760.0,0
47644,25.05,9.49,32.7,591.0,0
10133,47.02,5.91,67.34,891.0,0
3158,43.28,6.08,70.89,945.0,0
63520,71.04,6.21,37.92,317.0,0
65377,60.87,15.82,88.04,369.0,0
97637,70.12,22.38,39.73,0.0,1
48698,73.2,15.66,65.22,398.0,0
81654,57.35,5.15,85.71,146.0,0
12766,42.18,13.55,95.08,840.0,0
13242,52.51,5.51,56.87,794.0,0
92240,60.1,19.53,87.14,45.0,0
68072,70.99,6.5,100.0,275.0,0
84769,93.84,9.65,58.22,27.0,0
90289,66.68,12.17,39.67,123.0,0
56207,67.7,11.37,69.75,453.0,0
54945,42.63,12.25,47.71,398.0,0
8629,62.69,5.35,100.0,823.0,0
57089,40.24,12.74,62.43,299.0,0
25984,72.86,9.8,16.21,669.0,0
71865,53.64,6.96,30.91,210.0,0
92526,90.07,10.88,100.0,0.0,1
33220,29.67,18.77,90.91,642.0,0
56877,46.48,16.25,79.13,352.0,0
17332,53.13,6.35,100.0,806.0,0
55318,68.48,4.8,48.42,423.0,0
50421,69.23,17.23,86.4,433.0,0
52196,67.15,9.16,71.25,507.0,0
47445,61.19,3.5,47.34,404.0,0
58184,94.69,9.86,72.7,403.0,0
41192,35.1,6.03,51.7,608.0,0
42009,67.06,9.9,69.41,550.0,0
19497,59.02,12.08,82.27,727.0,0
93512,56.08,9.82,70.69,42.0,0
89391,68.32,14.12,87.98,104.0,0
54297,71.69,16.18,100.0,389.0,0
92788,44.17,8.09,24.68,124.0,0
17608,85.11,3.19,77.07,786.0,0
78576,66.25,2.4,54.87,201.0,0
89132,54.63,13.81,75.68,66.0,0
17087,36.31,13.43,72.23,813.0,0
4436,52.1,15.44,73.76,895.0,0
85788,58.98,19.45,61.69,59.0,0
53397,26.88,5.98,78.83,468.0,0
28304,60.49,5.99,73.46,694.0,0
39121,70.39,19.67,60.58,601.0,0
97883,65.73,11.86,63.48,0.0,1
10123,41.93,7.46,58.13,867.0,0
39906,79.48,12.34,65.68,582.0,0
42271,60.34,11.39,83.93,557.0,0
22460,57.25,16.18,39.04,710.0,0
63559,66.32,10.62,84.37,303.0,0
75187,87.8,7.92,77.33,124.0,0
40916,61.55,-0.8,84.32,541.0,0
26687,63.89,15.65,66.44,717.0,0
81303,48.32,6.52,100.0,253.0,0
87212,54.85,9.82,87.94,70.0,0
38892,42.54,11.2,57.65,602.0,0
70282,75.89,11.95,83.03,312.0,0
2946,44.33,6.16,46.07,925.0,0
18712,68.39,12.56,53.28,738.0,0
57968,58.09,2.97,58.43,402.0,0
58300,65.36,6.53,95.18,347.0,0
65938,71.52,12.74,85.63,325.0,0
44138,54.56,2.26,44.24,585.0,0
99129,56.94,4.87,80.7,31.0,0
69014,20.61,7.28,68.52,324.0,0
89640,77.96,9.5,64.4,0.0,1
93040,43.51,9.41,81.22,49.0,0
10999,90.52,10.33,96.89,817.0,0
75365,69.63,5.34,75.59,278.0,0
24204,82.54,14.46,66.48,772.0,0
64957,66.03,11.47,74.67,296.0,0
69846,60.71,20.16,84.33,236.0,0
70511,86.46,9.87,62.94,217.0,0
26890,37.59,14.68,37.86,716.0,0
27125,92.95,8.58,35.06,626.0,0
36214,71.04,8.66,100.0,587.0,0
40500,40.66,9.87,78.19,585.0,0
84712,99.89,10.71,66.38,88.0,0
67251,33.53,14.78,67.26,275.0,0
25582,53.88,0.61,78.0,675.0,0
39273,53.42,7.78,40.05,510.0,0
49839,46.92,9.59,73.07,491.0,0
78252,64.46,18.92,41.92,217.0,0
34195,45.06,7.99,80.25,588.0,0
46163,59.54,1.52,45.32,550.0,0
87254,61.25,6.85,80.33,60.0,0
6781,42.34,6.97,79.31,879.0,0
20201,54.56,10.55,87.06,733.0,0
57471,41.47,15.39,53.46,300.0,0
45155,68.39,8.84,61.84,450.0,0
42520,50.45,13.97,64.18,488.0,0
42982,36.43,8.14,77.01,524.0,0
30186,68.43,5.53,100.0,663.0,0
5384,62.97,16.57,69.37,872.0,0
23307,67.09,3.23,73.15,766.0,0
81361,82.71,13.18,81.24,163.0,0
87826,73.64,7.01,67.08,123.0,0
39723,53.0,8.8,95.97,509.0,0
4745,71.62,13.2,96.95,942.0,0
77495,76.57,12.88,100.0,199.0,0
54875,65.84,6.13,64.37,528.0,0
77716,63.0,11.5,71.16,127.0,0
63921,41.33,4.38,71.76,329.0,0
55305,68.67,12.75,55.38,365.0,0
47003,74.83,10.37,92.84,538.0,0
19969,49.11,13.72,58.52,656.0,0
41587,80.69,15.16,46.85,462.0,0
47750,78.44,12.06,64.41,527.0,0
67333,64.71,12.23,70.06,195.0,0
1358,55.8,13.68,88.26,911.0,0
35958,66.81,7.55,66.79,630.0,0
26468,68.97,7.95,67.06,682.0,0
84546,69.34,8.3,80.68,97.0,0
51127,52.04,13.85,94.52,492.0,0
67217,51.92,14.51,27.84,284.0,0
3030,62.59,19.55,100.0,899.0,0
71324,41.4,3.63,70.11,224.0,0
78967,56.52,8.81,82.22,195.0,0
12186,20.69,4.71,43.89,832.0,0
30461,56.01,13.48,80.83,646.0,0
91082,34.98,12.39,70.32,98.0,0
96430,69.26,14.76,86.37,0.0,1
7299,35.89,23.38,35.21,773.0,0
22886,24.95,7.27,32.42,717.0,0
56642,74.84,6.75,79.59,443.0,0
93734,89.88,10.32,81.89,0.0,1
8369,52.5,5.79,59.76,852.0,0
22120,67.22,5.38,93.02,817.0,0
78922,48.45,8.9,97.54,190.0,0
35745,61.7,12.01,70.84,549.0,0
2684,63.34,8.23,88.81,896.0,0
4502,54.06,12.63,59.17,846.0,0
50119,57.84,4.31,49.27,441.0,0
75701,41.22,10.39,45.49,237.0,0
35658,56.41,7.45,100.0,583.0,0
87217,59.69,13.9,100.0,153.0,0
16615,68.28,16.75,55.0,723.0,0
42631,52.03,19.02,67.31,457.0,0
98566,71.65,16.98,100.0,0.0,1
68050,70.9,13.17,66.06,178.0,0
87791,33.85,18.19,82.91,97.0,0
33394,56.03,10.18,29.52,664.0,0
55366,49.15,13.77,87.1,315.0,0
92766,60.11,18.89,61.15,53.0,0
41143,92.58,11.44,88.15,582.0,0
54861,42.4,3.21,72.85,331.0,0
3284,46.09,18.49,55.83,903.0,0
26067,61.32,12.71,96.93,746.0,0
49549,69.88,15.27,76.1,533.0,0
6124,57.74,14.99,81.47,954.0,0
82023,60.32,8.82,92.18,106.0,0
33543,70.0,13.23,82.0,651.0,0
89264,54.68,7.62,69.75,165.0,0
91308,66.27,13.16,46.27,0.0,1
54745,58.34,8.26,85.86,465.0,0
65576,68.85,10.03,64.68,291.0,0
4981,39.6,14.72,91.54,954.0,0
76093,54.02,15.95,91.22,181.0,0
16152,63.02,6.43,62.51,870.0,0
96725,42.66,9.3,89.33,21.0,0
6333,47.29,13.98,81.24,767.0,0
26211,49.36,5.54,77.02,694.0,0
17709,32.89,10.99,74.97,784.0,0
31746,38.39,19.74,69.0,665.0,0
95020,63.66,16.57,93.39,0.0,1
66716,79.11,12.13,42.01,214.0,0
26419,64.24,2.44,69.35,731.0,0
78668,58.71,7.35,32.47,79.0,0
76052,71.01,19.29,71.72,187.0,0
64623,37.45,3.63,84.53,323.0,0
19577,65.1,8.59,49.08,666.0,0
2492,46.1,10.35,58.81,875.0,0
39933,84.9,5.61,58.35,581.0,0
79381,38.95,10.88,67.9,147.0,0
20776,77.63,12.89,100.0,749.0,0
20934,73.73,10.21,60.25,723.0,0
62442,55.83,5.18,93.77,345.0,0
79351,44.81,18.2,72.47,161.0,0
49201,50.55,13.38,12.34,442.0,0
7120,42.62,17.44,64.92,814.0,0
87385,66.3,11.81,100.0,72.0,0
4204,59.25,10.87,60.13,898.0,0
21786,49.26,6.56,68.2,732.0,0
99893,74.85,6.03,66.71,0.0,1
58303,38.56,10.51,82.25,445.0,0
92042,54.03,11.93,46.05,0.0,1
60847,60.77,11.91,55.39,294.0,0
32448,62.49,12.87,63.56,637.0,0
11201,50.74,10.46,60.31,818.0,0
15577,49.88,-0.78,86.46,798.0,0
73976,71.5,5.39,70.37,238.0,0
48144,45.11,13.29,34.38,520.0,0
17740,40.11,12.14,55.27,833.0,0
8725,47.24,14.95,63.42,810.0,0
81832,45.95,3.48,44.49,211.0,0
17840,53.92,10.97,51.76,812.0,0
204,51.34,9.74,72.5,916.0,0
85082,61.73,8.97,69.03,82.0,0
9411,55.22,6.31,92.67,724.0,0
67636,29.31,17.1,36.41,230.0,0
38008,54.7,19.11,40.07,544.0,0
84904,87.24,12.71,100.0,51.0,0
83873,56.08,7.07,37.39,75.0,0
66274,83.55,9.36,98.63,240.0,0
33168,57.4,9.24,81.37,615.0,0
63058,97.82,13.41,52.38,170.0,0
31812,72.75,7.95,94.62,518.0,0
40247,66.52,8.6,87.05,495.0,0
94525,61.06,7.64,83.12,63.0,0
18193,59.35,21.69,91.42,722.0,0
84645,48.77,8.13,93.33,123.0,0
55439,72.41,16.81,45.6,453.0,0
12115,54.63,18.21,59.22,875.0,0
60860,75.35,4.12,68.3,391.0,0
57780,64.28,14.24,50.95,378.0,0
39552,68.05,15.02,52.54,567.0,0
9508,50.76,9.61,100.0,886.0,0
57582,53.81,12.38,38.02,265.0,0
88594,55.33,4.63,76.07,56.0,0
48761,58.66,13.45,60.01,472.0,0
59661,69.24,-0.46,8.93,455.0,0
86016,80.02,13.75,56.37,89.0,0
15948,52.68,13.32,69.76,819.0,0
65496,37.64,16.3,99.91,321.0,0
12528,62.04,16.87,38.1,793.0,0
4034,32.6,10.58,57.78,885.0,0
58250,81.34,16.8,49.84,303.0,0
31798,70.79,9.8,83.42,683.0,0
87309,35.61,7.69,42.5,191.0,0
29724,83.82,6.95,53.36,634.0,0
38862,62.04,4.33,69.23,502.0,0
46544,91.13,10.32,94.23,541.0,0
1236,69.61,7.0,58.69,930.0,0
59249,75.88,2.92,79.76,396.0,0
54012,54.0,15.47,66.65,419.0,0
90699,77.72,13.6,71.38,30.0,0
32244,48.15,13.7,45.55,690.0,0
14440,70.98,8.25,53.01,763.0,0
71670,71.99,19.79,82.94,211.0,0
578,62.8,9.56,38.29,1078.0,0
82535,71.82,4.51,91.53,172.0,0
39144,71.8,10.98,52.3,623.0,0
83289,42.4,19.4,80.99,170.0,0
41209,48.37,4.06,70.31,638.0,0
77709,73.55,12.55,84.09,61.0,0
15736,71.54,4.73,88.44,760.0,0
68722,63.54,14.95,85.52,327.0,0
21414,59.14,17.59,71.81,619.0,0
37011,64.56,15.26,62.81,488.0,0
60628,60.21,0.63,41.35,289.0,0
76668,51.06,10.45,54.86,187.0,0
4886,66.04,11.57,34.01,881.0,0
35737,76.45,12.23,67.49,542.0,0
72171,79.53,9.92,55.85,296.0,0
10978,79.61,4.25,70.49,856.0,0
34022,61.0,8.08,80.61,605.0,0
19661,31.96,11.42,70.09,774.0,0
84032,67.48,1.31,60.42,135.0,0
26122,47.79,11.33,82.21,723.0,0
3676,42.86,5.91,90.8,1035.0,0
8951,71.6,7.15,66.11,823.0,0
12753,71.72,5.94,76.73,816.0,0
45830,54.2,5.83,100.0,576.0,0
35710,39.42,12.58,39.18,604.0,0
49843,58.13,10.27,81.45,455.0,0
38678,56.41,12.29,46.03,605.0,0
48982,56.36,13.85,70.11,447.0,0
78943,70.59,9.09,87.02,215.0,0
36840,59.88,10.3,39.4,572.0,0
43362,40.04,8.18,67.56,439.0,0
50527,60.94,9.51,99.05,384.0,0
37564,81.19,8.49,70.16,638.0,0
80378,65.77,10.84,65.89,167.0,0
91642,52.38,7.22,58.17,68.0,0
99015,56.71,9.4,67.76,0.0,1
61563,49.11,22.9,45.99,277.0,0
11799,39.51,17.61,90.87,722.0,0
68033,37.35,11.27,84.83,294.0,0
76524,54.46,7.14,70.33,209.0,0
83876,52.44,7.81,53.86,67.0,0
90522,63.99,18.41,84.16,140.0,0
32832,72.65,13.26,60.35,540.0,0
84061,65.3,9.26,88.36,104.0,0
82021,43.55,12.07,85.19,131.0,0
23940,41.38,7.41,100.0,751.0,0
18854,70.29,-1.81,57.68,842.0,0
5982,46.19,5.65,100.0,921.0,0
33157,66.29,15.36,82.93,622.0,0
77347,59.94,7.36,73.61,164.0,0
41248,81.72,8.58,86.56,532.0,0
95939,59.65,12.78,60.88,0.0,1
65730,80.11,5.36,64.1,245.0,0
41530,70.08,11.53,90.53,573.0,0
71438,35.07,24.02,88.97,270.0,0
49113,45.76,11.85,78.43,562.0,0
1261,70.67,7.94,78.19,978.0,0
83643,70.02,6.9,60.32,107.0,0
74977,45.28,5.6,72.49,240.0,0
61170,37.23,13.45,83.89,344.0,0
5987,52.73,5.97,61.2,903.0,0
68570,94.12,8.97,45.46,313.0,0
39665,50.47,14.22,56.27,542.0,0
63003,63.37,20.99,74.67,371.0,0
33486,57.63,14.59,89.01,602.0,0
49902,64.09,15.21,78.94,349.0,0
18906,80.73,2.46,74.57,782.0,0
98898,65.79,13.11,87.25,0.0,1
7739,82.05,3.0,49.14,838.0,0
87844,22.86,2.89,100.0,0.0,1
9149,53.74,4.39,56.9,987.0,0
69,82.35,15.18,80.46,898.0,0
61063,37.76,4.15,88.73,329.0,0
9530,66.91,17.86,67.32,759.0,0
15526,17.7,15.99,58.75,711.0,0
80194,60.31,5.52,33.5,160.0,0
3294,55.68,14.66,34.07,977.0,0
12442,56.9,17.42,68.53,791.0,0
87933,66.57,9.56,100.0,101.0,0
14775,78.99,8.85,73.62,745.0,0
97745,72.01,11.2,64.61,0.0,1
81809,62.09,8.98,65.08,91.0,0
99338,64.57,4.85,51.72,0.0,1
82493,51.33,13.97,60.36,72.0,0
91120,81.12,12.38,74.85,105.0,0
74875,62.15,10.62,41.11,141.0,0
63082,99.64,14.02,56.92,299.0,0
96121,62.81,5.66,66.57,25.0,0
43924,56.91,11.07,72.99,517.0,0
88984,71.15,13.95,51.58,96.0,0
36449,66.57,14.95,93.05,695.0,0
25155,46.61,3.92,86.7,801.0,0
42864,65.52,4.3,59.17,464.0,0
56979,100.19,11.17,42.22,391.0,0
81628,71.36,7.5,63.0,85.0,0
1012,100.27,11.63,82.42,877.0,0
7701,58.38,9.71,81.6,885.0,0
28146,52.33,8.18,66.49,718.0,0
30764,56.26,19.17,77.17,635.0,0
11323,85.93,8.68,60.16,809.0,0
99562,32.24,5.77,100.0,18.0,0
77057,55.65,16.41,65.02,211.0,0
72904,64.27,3.19,68.7,255.0,0
61497,69.75,11.99,83.95,360.0,0
25111,59.23,12.63,63.0,741.0,0
589,68.21,11.03,51.94,916.0,0
54354,51.61,15.05,42.63,418.0,0
13302,60.73,1.46,47.85,965.0,0
51940,55.96,6.47,39.11,384.0,0
56101,69.2,4.87,91.81,374.0,0
84052,40.29,4.05,36.43,184.0,0
11786,68.77,15.32,100.0,766.0,0
7481,36.45,11.41,68.19,904.0,0
88114,75.37,14.51,100.0,75.0,0
80824,59.98,3.46,75.14,187.0,0
60171,70.19,14.45,32.76,350.0,0
78341,72.56,4.94,63.35,153.0,0
27454,54.1,9.07,100.0,601.0,0
6406,47.72,5.65,48.34,920.0,0
92765,69.57,9.59,100.0,64.0,0
37029,75.64,15.86,63.24,515.0,0
85213,61.11,10.96,55.89,73.0,0
62528,58.55,9.15,85.06,293.0,0
49732,64.17,19.44,72.99,427.0,0
80308,76.38,11.76,100.0,200.0,0
99264,77.25,-1.65,64.4,0.0,1
44217,47.18,12.23,68.18,509.0,0
94678,50.44,12.79,45.55,0.0,1
22940,48.07,17.82,69.74,706.0,0
72174,47.05,8.57,100.0,267.0,0
5677,52.61,5.24,68.39,817.0,0
22436,78.4,11.91,48.51,749.0,0
53194,72.13,8.39,96.7,411.0,0
325,53.33,10.71,67.83,995.0,0
10867,21.35,9.78,68.57,871.0,0
73831,78.13,15.35,43.27,231.0,0
3652,59.28,10.29,44.47,938.0,0
17551,48.62,15.35,90.58,707.0,0
43586,106.84,13.67,97.05,488.0,0
64306,70.27,9.41,83.31,308.0,0
69189,84.11,8.15,73.44,309.0,0
96756,62.63,5.54,88.4,0.0,1
31873,51.58,14.73,77.04,623.0,0
3135,62.45,7.45,61.21,869.0,0
87518,66.21,12.54,76.05,0.0,1
7028,44.61,12.56,65.12,942.0,0
8575,68.24,6.07,74.57,955.0,0
7776,54.13,3.21,69.97,904.0,0
26394,33.69,14.58,63.61,708.0,0
80401,77.72,17.54,74.87,89.0,0
26602,64.06,14.34,74.28,689.0,0
32072,63.7,15.42,72.9,583.0,0
3697,61.5,2.45,53.87,888.0,0
17746,77.12,13.83,43.7,819.0,0
81738,36.98,11.35,100.0,123.0,0
49087,57.26,15.7,70.08,529.0,0
24081,32.16,2.94,65.5,682.0,0
35593,93.96,6.2,85.26,513.0,0
5040,56.98,12.06,76.33,1004.0,0
16051,58.9,13.97,47.6,757.0,0
47649,62.81,12.67,74.62,416.0,0
34096,40.33,5.39,87.94,503.0,0
89517,56.4,13.02,99.86,50.0,0
94892,98.88,8.09,74.83,0.0,1
28493,64.13,3.28,90.23,710.0,0
54231,26.7,7.5,87.52,394.0,0
59235,55.31,14.47,50.25,394.0,0
95256,60.67,15.43,87.54,0.0,1
84064,73.76,4.01,77.89,190.0,0
10171,71.4,7.54,67.61,740.0,0
35008,63.87,13.61,61.4,521.0,0
57112,51.62,3.96,79.92,547.0,0
28896,40.74,0.53,46.7,641.0,0
79156,51.37,3.44,87.94,246.0,0
42046,45.75,6.28,86.67,518.0,0
85897,59.2,6.32,25.84,134.0,0
92515,55.51,7.27,53.45,86.0,0
92755,53.28,16.9,86.01,19.0,0
76283,71.99,10.99,93.3,223.0,0
78101,57.39,11.97,81.8,168.0,0
42739,74.43,2.36,76.99,518.0,0
1283,51.7,9.79,73.37,919.0,0
16898,79.17,11.21,61.32,774.0,0
97211,35.65,10.56,57.84,11.0,0
12451,51.27,3.75,78.07,904.0,0
54164,50.65,9.49,59.03,403.0,0
45717,82.61,5.98,32.63,453.0,0
97251,66.6,8.3,76.74,0.0,1
19059,51.94,11.44,64.08,754.0,0
97185,53.54,10.06,63.57,3.0,1
21946,34.97,15.03,89.9,626.0,0
10732,60.09,-2.89,91.54,858.0,0
37463,65.12,1.27,80.16,593.0,0
51901,48.91,2.74,85.82,501.0,0
78743,66.07,9.24,88.7,107.0,0
58923,47.41,15.86,71.18,332.0,0
75561,53.44,26.19,59.1,174.0,0
84383,46.37,12.6,48.28,36.0,0
81156,28.11,8.4,89.47,165.0,0
72762,62.53,5.7,73.27,292.0,0
65704,73.72,10.45,43.25,373.0,0
16433,60.61,1.79,66.77,762.0,0
19399,93.76,14.31,52.96,679.0,0
70422,43.09,8.1,70.74,262.0,0
62421,65.22,18.84,48.71,387.0,0
8288,42.75,7.14,100.0,817.0,0
42357,54.55,11.61,56.89,625.0,0
13837,63.48,7.61,75.32,783.0,0
38514,66.92,16.65,38.9,542.0,0
46379,59.06,12.9,75.74,398.0,0
80604,45.79,10.93,89.78,138.0,0
1017,73.48,8.58,34.63,897.0,0
2713,76.59,13.25,89.1,910.0,0
7777,69.42,5.15,74.26,928.0,0
6118,54.44,16.29,68.2,900.0,0
28937,49.71,10.91,82.05,620.0,0
96892,92.92,11.42,86.26,0.0,1
12398,45.2,2.24,87.78,908.0,0
72376,71.92,5.84,60.78,279.0,0
7674,43.44,5.47,85.1,844.0,0
18528,46.1,6.23,76.01,729.0,0
92892,80.16,9.27,55.68,0.0,1
81966,50.41,1.48,70.7,143.0,0
33251,65.36,23.08,45.51,600.0,0
57309,96.85,2.97,70.33,379.0,0
82416,72.91,-1.99,47.34,56.0,0
98364,51.71,-2.19,83.29,72.0,0
59820,75.79,15.48,95.01,339.0,0
49124,70.02,13.43,82.69,384.0,0
13939,63.22,4.94,100.0,876.0,0
72835,31.25,11.75,72.85,156.0,0
17873,81.35,4.2,91.94,799.0,0
63997,66.39,8.96,59.65,320.0,0
51797,35.75,17.46,76.54,463.0,0
13220,46.82,11.21,100.0,866.0,0
7471,50.99,17.45,59.24,882.0,0
94447,49.83,10.68,58.34,3.0,1
25680,38.92,19.01,89.14,607.0,0
89323,71.73,7.43,84.99,0.0,1
93928,45.59,12.92,70.07,60.0,0
81866,73.3,15.94,40.86,145.0,0
40155,47.7,14.74,100.0,557.0,0
11293,34.62,10.44,82.28,907.0,0
59820,84.78,4.79,38.54,330.0,0
51693,75.94,7.48,68.89,478.0,0
45686,67.18,10.37,65.41,458.0,0
35408,61.67,4.67,36.94,518.0,0
19567,80.16,6.15,37.11,707.0,0
12176,50.82,-1.71,86.9,870.0,0
36944,76.15,19.32,50.17,567.0,0
354,63.83,16.24,90.64,918.0,0
56144,54.04,6.66,64.78,450.0,0
76514,53.16,10.66,23.73,199.0,0
68295,79.37,13.36,79.32,274.0,0
68467,53.16,12.16,51.1,293.0,0
28944,29.3,7.15,84.76,586.0,0
65757,73.66,3.48,83.54,325.0,0
53081,37.67,8.45,94.14,368.0,0
48070,63.61,8.22,68.26,505.0,0
90852,68.94,6.98,100.0,4.0,1
85766,55.45,9.9,54.57,131.0,0
80319,49.07,7.88,66.52,112.0,0
21829,67.37,7.16,83.62,719.0,0
73515,48.07,5.58,72.06,279.0,0
48920,49.95,12.61,83.3,466.0,0
17320,24.17,6.44,20.03,855.0,0
92314,67.22,12.38,74.72,75.0,0
7414,71.61,5.01,57.74,904.0,0
56003,69.64,8.37,100.0,345.0,0
19079,58.38,9.08,100.0,702.0,0
61190,53.06,10.15,63.47,358.0,0
79244,32.96,8.76,87.16,141.0,0
56990,68.99,13.67,67.4,366.0,0
13993,64.17,16.53,39.95,843.0,0
40411,83.84,3.44,77.87,544.0,0
61562,60.25,14.57,79.01,226.0,0
3306,63.37,3.81,63.25,912.0,0
41468,68.22,10.44,86.48,497.0,0
10211,45.5,17.62,100.0,864.0,0
82430,26.31,17.37,54.17,138.0,0
95500,56.25,8.12,92.03,73.0,0
41928,55.36,7.99,65.88,482.0,0
73555,44.0,18.56,55.83,292.0,0
11879,85.45,17.71,78.44,749.0,0
55637,59.18,4.7,53.98,456.0,0
6685,94.94,16.96,61.99,825.0,0
69141,94.4,9.88,95.49,316.0,0
7170,81.67,13.99,58.09,859.0,0
90082,54.33,12.34,97.29,13.0,0
71405,51.51,5.74,82.27,180.0,0
72711,88.95,16.19,25.68,107.0,0
81982,74.24,11.56,68.59,145.0,0
45576,71.98,7.5,68.29,453.0,0
71399,63.35,7.02,81.71,230.0,0
15149,25.01,7.24,92.36,793.0,0
52197,48.14,17.82,28.83,407.0,0
62208,70.48,5.37,67.81,395.0,0
49508,76.45,16.91,89.24,424.0,0
80951,72.36,7.06,46.18,72.0,0
6559,57.17,5.87,63.12,862.0,0
77115,37.59,10.56,74.89,143.0,0
50216,55.09,13.13,73.29,376.0,0
33998,78.97,8.88,100.0,607.0,0
86049,69.17,6.99,81.18,104.0,0
15256,45.56,4.41,73.1,760.0,0
9091,77.53,10.99,52.17,862.0,0
44062,41.22,15.21,62.41,528.0,0
89700,64.36,13.85,55.77,37.0,0
75558,54.52,8.19,95.65,254.0,0
85711,49.06,12.17,46.37,195.0,0
53361,61.4,10.41,77.35,348.0,0
71467,78.87,8.46,62.09,236.0,0
64630,91.65,14.6,91.69,333.0,0
75468,77.1,11.73,40.06,252.0,0
41441,83.64,10.69,44.27,620.0,0
36463,72.34,15.96,78.39,616.0,0
87457,57.72,7.54,75.92,49.0,0
11614,35.5,1.17,73.32,849.0,0
52093,51.71,15.12,87.8,466.0,0
72532,50.29,11.61,58.27,208.0,0
86627,57.06,15.85,82.48,19.0,0
63049,76.25,8.99,53.42,335.0,0
83814,51.54,14.77,57.84,100.0,0
85655,65.85,-1.48,55.57,163.0,0
92178,63.86,12.59,52.23,41.0,0
27119,32.25,7.2,69.83,700.0,0
74530,64.59,12.78,40.94,226.0,0
83519,52.97,8.19,100.0,171.0,0
22611,65.89,5.73,45.96,808.0,0
86935,59.91,3.56,60.99,101.0,0
49023,88.16,2.29,71.81,463.0,0
75023,42.17,12.96,72.81,187.0,0
22193,68.38,-1.13,39.16,711.0,0
67448,73.17,10.85,66.69,245.0,0
7301,87.85,11.18,66.98,880.0,0
61448,51.27,13.03,81.4,340.0,0
51278,63.57,9.42,73.54,472.0,0
89231,42.5,2.78,81.65,182.0,0
81638,75.12,11.7,60.35,146.0,0
88941,54.96,17.17,82.83,58.0,0
96122,60.73,6.26,89.74,0.0,1
52544,68.35,1.44,80.25,452.0,0
30399,42.44,15.48,74.91,670.0,0
32885,71.64,7.37,63.06,603.0,0
46663,50.8,3.32,78.75,588.0,0
11344,81.4,6.73,84.61,741.0,0
73075,49.41,13.33,68.59,189.0,0
42102,39.58,0.85,72.55,488.0,0
32143,50.74,14.74,60.88,664.0,0
48085,53.9,4.78,25.47,459.0,0
85098,77.19,15.48,90.63,165.0,0
7344,53.46,7.81,85.38,892.0,0
99100,60.04,2.23,59.53,0.0,1
77235,37.82,2.36,82.62,154.0,0
36910,42.66,10.78,91.52,616.0,0
26808,69.37,4.39,77.44,685.0,0
47236,55.14,13.24,43.24,516.0,0
98475,76.18,10.87,92.29,0.0,1
97098,70.8,8.02,91.32,29.0,0
11772,72.08,4.91,72.08,769.0,0
33264,76.52,5.75,50.15,724.0,0
8655,47.97,13.3,88.28,849.0,0
12126,67.88,9.12,91.06,792.0,0
72575,65.36,3.48,81.0,167.0,0
91195,58.88,15.06,48.14,46.0,0
20691,79.14,8.22,95.1,720.0,0
18738,89.77,7.18,84.76,745.0,0
8397,53.18,14.3,56.21,942.0,0
55932,60.38,3.54,37.14,326.0,0
6116,74.37,11.5,69.28,921.0,0
82884,62.97,12.49,90.02,127.0,0
77660,59.97,3.87,32.75,252.0,0
26921,57.17,13.1,73.21,713.0,0
34083,88.83,11.2,67.98,528.0,0
28949,91.05,18.27,72.74,550.0,0
7705,54.14,2.6,52.46,844.0,0
84102,52.27,6.51,56.02,190.0,0
36526,91.85,11.61,60.9,527.0,0
72138,61.12,3.59,83.82,280.0,0
39776,46.59,17.02,58.41,573.0,0
111,52.51,13.81,90.39,979.0,0
61378,76.46,16.28,97.78,313.0,0
72622,69.12,21.3,43.71,174.0,0
29706,66.25,12.7,100.0,724.0,0
72443,78.65,6.14,100.0,256.0,0
3843,81.39,8.73,85.66,800.0,0
91895,44.36,8.49,91.74,86.0,0
91807,61.08,3.06,54.01,102.0,0
68675,73.4,15.59,68.47,222.0,0
68633,40.51,5.82,78.06,342.0,0
45015,72.66,12.41,36.17,446.0,0
65813,69.33,10.77,79.13,291.0,0
12358,81.19,7.41,86.92,801.0,0
67526,51.17,7.54,56.13,233.0,0
60228,54.6,5.54,51.55,324.0,0
84399,95.26,19.56,81.43,118.0,0
80428,64.59,9.39,89.94,163.0,0
66704,59.23,1.5,52.91,231.0,0
57158,67.75,6.23,77.85,503.0,0
47026,81.03,9.95,79.54,466.0,0
59118,51.53,0.72,48.5,315.0,0
86390,55.91,10.29,86.73,95.0,0
30672,54.78,4.33,62.98,741.0,0
65213,62.62,22.34,41.05,246.0,0
63664,40.88,8.93,60.12,345.0,0
43529,59.36,6.13,37.26,440.0,0
71041,73.54,12.49,59.2,229.0,0
37148,78.03,17.56,72.93,586.0,0
8584,47.36,6.76,85.76,836.0,0
66118,76.03,4.51,38.17,239.0,0
28720,41.65,5.57,79.11,689.0,0
85235,61.15,4.91,100.0,63.0,0
38248,56.64,2.52,67.37,578.0,0
96234,66.19,-0.99,83.99,48.0,0
61345,25.6,15.29,70.77,339.0,0
24324,54.52,8.22,44.02,718.0,0
44688,52.62,6.79,93.43,565.0,0
13223,96.4,15.02,76.28,811.0,0
5286,47.43,10.17,41.6,916.0,0
1909,47.95,1.98,100.0,981.0,0
49929,60.25,13.3,60.42,409.0,0
21473,40.08,5.74,58.45,666.0,0
31898,53.2,10.78,51.75,606.0,0
19185,60.65,18.19,43.57,777.0,0
55730,74.82,11.27,70.08,291.0,0
96742,38.86,10.48,68.5,0.0,1
48877,66.19,14.33,37.77,497.0,0
97341,52.74,15.4,66.73,0.0,1
2346,44.33,6.72,44.63,934.0,0
80019,45.14,14.1,100.0,51.0,0
68845,65.11,2.41,92.55,300.0,0
51669,33.58,10.6,54.89,435.0,0
62266,66.21,16.51,57.82,266.0,0
2690,52.52,15.28,100.0,959.0,0
9450,77.23,2.78,19.41,822.0,0
9147,54.93,13.72,39.44,948.0,0
78415,78.66,9.05,42.29,166.0,0
5485,78.04,13.16,87.48,855.0,0
91226,84.99,6.99,68.78,0.0,1
72787,58.46,0.74,79.81,269.0,0
95067,39.84,18.77,97.52,0.0,1
13100,75.29,12.97,86.51,805.0,0
59823,61.3,9.35,60.72,305.0,0
78168,64.81,7.89,65.41,233.0,0
47224,37.5,7.46,44.43,519.0,0
8354,53.9,12.81,52.43,819.0,0
66924,62.94,6.46,17.15,220.0,0
8846,70.04,16.75,100.0,844.0,0
79034,40.28,2.33,61.83,126.0,0
43363,63.19,12.46,39.17,449.0,0
76065,63.23,11.9,71.22,136.0,0
10096,56.91,7.6,94.1,866.0,0
22033,64.72,6.82,66.94,793.0,0
87707,66.6,15.03,55.55,42.0,0
97906,30.75,7.88,68.53,0.0,1
78079,91.46,6.89,74.3,152.0,0
81671,54.31,7.81,65.22,49.0,0
89978,60.26,8.6,60.06,125.0,0
16650,54.47,-3.27,51.54,814.0,0
14470,72.33,10.53,41.55,784.0,0
19768,60.12,13.53,45.51,723.0,0
72777,77.46,9.17,69.59,185.0,0
95407,52.6,3.62,61.26,12.0,0
49791,35.19,20.0,65.06,463.0,0
52856,68.61,6.13,65.97,470.0,0
65148,42.16,4.05,98.84,294.0,0
92767,78.61,14.39,94.03,52.0,0
43926,73.78,10.7,74.08,525.0,0
59983,75.25,16.87,75.89,369.0,0
22612,31.71,8.51,89.2,660.0,0
33991,43.42,17.49,74.24,570.0,0
60229,76.18,-2.85,69.15,354.0,0
16829,31.68,16.69,93.31,860.0,0
37570,75.78,12.21,81.43,559.0,0
68957,68.59,2.49,56.78,245.0,0
21880,55.46,6.72,64.46,744.0,0
63575,61.6,4.57,100.0,265.0,0
5287,76.58,14.23,82.93,923.0,0
69715,89.52,8.63,31.96,177.0,0
73246,74.52,14.45,96.36,256.0,0
8230,63.85,10.29,78.7,764.0,0
53877,58.68,21.77,50.33,360.0,0
59004,63.6,9.91,55.6,382.0,0
73332,45.61,4.43,96.4,223.0,0
33303,39.52,9.98,100.0,637.0,0
93195,67.78,-7.2,57.05,59.0,0
60258,49.03,9.17,73.97,265.0,0
8750,66.53,4.6,71.76,870.0,0
50388,81.53,17.59,60.93,439.0,0
70264,39.48,10.03,68.69,300.0,0
54866,48.65,17.13,22.75,385.0,0
82015,46.1,5.16,62.39,99.0,0
89135,77.09,13.33,57.44,34.0,0
79991,41.27,3.69,65.21,153.0,0
74360,61.22,8.85,68.19,235.0,0
93236,43.88,5.33,93.35,85.0,0
63302,50.77,0.1,70.71,384.0,0
29312,35.88,17.35,79.8,695.0,0
87531,57.14,4.83,41.38,95.0,0
83506,40.09,13.6,73.9,122.0,0
73277,62.02,11.89,78.19,160.0,0
91545,73.94,10.76,76.65,39.0,0
78025,89.29,9.37,59.3,185.0,0
80192,68.94,12.15,29.24,247.0,0
35051,69.13,12.45,63.9,570.0,0
23377,60.02,10.16,57.69,756.0,0
97528,56.36,8.98,45.66,0.0,1
68641,38.73,9.56,72.81,322.0,0
32230,67.19,6.73,51.51,550.0,0
194,74.66,10.39,86.96,937.0,0
50222,51.74,6.48,50.26,450.0,0
92918,62.32,3.51,62.86,37.0,0
6003,40.95,9.25,63.52,960.0,0
79884,76.11,10.8,68.89,144.0,0
4517,69.34,6.22,60.41,996.0,0
46846,65.37,11.26,88.89,527.0,0
76316,61.08,13.05,63.11,198.0,0
47362,56.1,6.83,36.12,421.0,0
20150,69.1,14.61,95.15,756.0,0
61428,52.41,7.85,54.69,410.0,0
16396,69.9,8.99,79.91,778.0,0
74000,53.43,10.61,78.28,190.0,0
97360,49.09,9.03,77.9,0.0,1
31144,27.09,9.56,89.48,574.0,0
72440,73.1,14.1,100.0,282.0,0
6255,75.92,10.51,46.56,927.0,0
51461,40.45,14.2,85.9,417.0,0
99050,69.45,2.71,56.49,0.0,1
69772,46.19,10.65,61.31,304.0,0
70783,73.69,5.15,95.43,161.0,0
419,54.74,15.36,74.94,864.0,0
80322,61.07,7.7,76.71,148.0,0
72713,61.18,24.37,48.27,169.0,0
99168,53.56,5.41,88.05,0.0,1
96335,71.38,8.0,28.15,105.0,0
80508,55.47,11.35,65.67,145.0,0
52444,59.43,3.25,54.14,450.0,0
56678,46.74,5.35,77.58,442.0,0
24125,53.85,9.12,56.57,812.0,0
50913,36.19,10.51,62.16,429.0,0
19744,64.68,4.82,78.2,772.0,0
16949,36.32,6.42,62.81,797.0,0
48117,45.91,11.45,53.49,478.0,0
5559,56.48,5.72,52.7,857.0,0
21527,62.4,9.65,96.52,654.0,0
83808,45.9,3.83,96.42,128.0,0
31240,72.37,15.39,76.3,668.0,0
20150,57.14,13.61,53.09,720.0,0
64892,73.5,6.73,67.03,323.0,0
23065,63.87,15.0,82.67,748.0,0
64083,62.41,10.9,100.0,383.0,0
67580,61.74,11.47,56.42,309.0,0
81996,49.6,8.07,63.96,144.0,0
27152,41.71,-3.39,52.67,675.0,0
95239,32.31,6.85,58.22,0.0,1
71551,66.88,10.26,100.0,205.0,0
76370,70.04,13.11,100.0,166.0,0
29125,46.9,5.2,84.39,700.0,0
31933,60.92,17.33,41.97,604.0,0
3160,51.9,8.01,100.0,823.0,0
46363,62.07,17.8,78.56,528.0,0
80226,50.53,2.16,45.46,241.0,0
99848,59.73,10.02,72.48,15.0,0
29502,68.57,17.93,62.72,685.0,0
30819,47.71,9.13,47.36,678.0,0
5577,81.73,10.64,86.33,890.0,0
8551,38.62,4.9,39.81,871.0,0
85542,44.27,3.08,58.19,191.0,0
77951,40.27,12.24,84.17,235.0,0
85252,93.54,12.9,42.7,138.0,0
62050,-3.04,0.89,74.87,427.0,0
92335,40.53,8.22,59.36,95.0,0
82782,45.79,15.64,68.04,26.0,0
83625,65.74,16.91,49.62,44.0,0
51814,93.79,11.65,62.66,313.0,0
41878,25.11,5.0,96.07,501.0,0
51208,66.33,14.05,77.45,494.0,0
75126,37.09,9.68,68.25,166.0,0
54758,59.04,5.9,80.88,343.0,0
1403,59.79,12.03,47.99,1017.0,0
59158,66.48,0.53,100.0,374.0,0
21088,54.32,8.39,68.67,650.0,0
61940,44.45,5.06,45.19,345.0,0
71174,47.89,14.24,51.72,205.0,0
35927,55.96,6.81,91.15,577.0,0
9452,21.1,12.51,78.27,835.0,0
36124,65.45,8.73,100.0,595.0,0
67113,56.63,11.66,70.42,292.0,0
74087,56.55,7.08,34.75,293.0,0
59705,61.45,16.7,93.2,273.0,0
60241,72.5,7.67,79.48,298.0,0
97106,55.14,16.41,57.82,48.0,0
12934,53.0,4.12,44.52,802.0,0
43422,76.23,4.91,65.37,609.0,0
15997,41.86,17.74,73.27,830.0,0
74430,71.38,13.73,63.66,255.0,0
42804,61.52,6.93,72.41,516.0,0
59726,40.06,14.21,53.36,331.0,0
47442,46.62,9.1,39.37,518.0,0
62638,76.18,21.55,90.0,238.0,0
30030,71.15,7.76,56.31,693.0,0
44329,72.11,27.18,70.6,524.0,0
56376,73.19,6.38,51.31,406.0,0
6048,39.31,8.53,74.3,934.0,0
6882,55.15,7.2,75.51,903.0,0
75776,72.33,8.63,86.55,245.0,0
46476,68.56,1.99,60.24,528.0,0
227,54.87,4.49,74.38,968.0,0
82603,65.61,11.45,36.0,62.0,0
79958,75.23,3.92,87.41,208.0,0
48057,56.57,13.72,79.58,525.0,0
35186,57.92,6.56,64.51,608.0,0
47640,41.71,4.29,52.92,553.0,0
30704,73.78,2.38,80.82,691.0,0
18925,47.68,7.36,100.0,832.0,0
98853,84.57,16.94,81.62,0.0,1
1391,67.18,17.3,30.45,866.0,0
93709,80.52,13.39,39.49,125.0,0
27212,84.63,12.46,45.32,755.0,0
16092,67.68,16.56,91.29,700.0,0
21499,87.36,4.72,100.0,748.0,0
21192,76.87,10.87,63.93,720.0,0
10744,67.12,4.04,64.21,886.0,0
82678,64.27,2.76,68.72,102.0,0
25492,54.79,10.83,55.58,637.0,0
16273,97.69,11.34,89.93,757.0,0
95581,43.15,9.65,100.0,84.0,0
86991,64.63,7.78,81.43,81.0,0
32058,53.28,10.24,72.49,693.0,0
74246,61.08,8.64,75.39,152.0,0
10185,53.07,-0.61,100.0,879.0,0
81028,69.66,1.19,52.8,278.0,0
2997,70.13,12.55,50.33,816.0,0
38106,72.9,8.72,59.16,539.0,0
17235,26.36,5.28,100.0,752.0,0
39106,44.76,8.86,48.35,586.0,0
20688,76.91,8.09,79.39,691.0,0
69554,75.19,7.76,33.39,227.0,0
65137,60.72,8.2,78.74,326.0,0
75283,58.8,11.06,74.06,206.0,0
8659,92.77,19.32,90.24,915.0,0
90653,65.28,4.86,47.65,19.0,0
29000,75.75,4.5,83.38,722.0,0
96952,82.34,7.24,71.04,20.0,0
73945,41.32,12.12,100.0,300.0,0
28183,49.0,18.92,44.96,786.0,0
61064,60.1,9.12,71.97,269.0,0
17754,53.31,10.46,55.31,727.0,0
56905,55.88,6.64,56.18,321.0,0
80755,38.01,11.32,50.38,149.0,0
57991,60.08,0.89,26.41,374.0,0
65747,56.35,5.08,43.29,313.0,0
83121,48.37,10.65,89.37,67.0,0
84516,54.29,7.1,36.34,192.0,0
88947,86.3,5.22,76.95,38.0,0
36194,68.6,7.46,83.32,587.0,0
51408,37.55,7.53,47.82,425.0,0
44132,73.14,3.68,92.61,531.0,0
75484,65.17,15.02,73.17,211.0,0
95381,66.9,14.48,56.15,0.0,1
75648,46.68,9.91,74.11,172.0,0
73259,55.08,11.61,85.32,300.0,0
88485,54.42,10.68,76.54,62.0,0
566,65.62,9.59,82.44,904.0,0
38646,59.19,12.08,56.57,511.0,0
36191,48.82,5.54,72.86,574.0,0
8527,41.14,17.54,100.0,862.0,0
18919,69.86,18.06,92.38,775.0,0
91604,47.52,7.09,69.65,73.0,0
25916,72.97,17.49,86.78,672.0,0
22352,70.35,5.56,95.04,743.0,0
92094,52.99,15.97,71.7,0.0,1
57683,71.85,10.48,59.6,449.0,0
71529,76.74,7.31,87.95,280.0,0
97635,52.7,-0.68,65.65,78.0,0
38349,61.32,10.06,100.0,442.0,0
84739,66.74,13.85,79.55,110.0,0
39357,27.38,9.77,77.11,707.0,0
96360,39.77,9.83,78.38,69.0,0
18676,91.54,5.26,73.32,738.0,0
79686,75.35,14.6,66.06,102.0,0
96558,53.03,0.89,51.59,0.0,1
48954,43.79,3.3,80.56,533.0,0
27319,41.31,15.51,100.0,662.0,0
41911,53.88,7.83,84.66,592.0,0
80941,50.9,10.27,62.5,74.0,0
39261,38.49,12.22,41.49,609.0,0
21965,62.31,18.76,58.9,702.0,0
67076,63.25,16.05,92.66,263.0,0
38424,74.44,6.4,62.5,519.0,0
66666,64.94,17.04,96.65,311.0,0
41801,98.23,10.95,72.94,503.0,0
84443,69.79,19.37,85.78,74.0,0
69947,51.26,8.27,79.36,273.0,0
9070,79.2,13.94,52.91,811.0,0
58567,46.86,4.01,28.09,391.0,0
60984,62.77,11.32,41.78,318.0,0
94134,24.46,5.07,55.64,29.0,0
17864,96.94,6.16,79.34,794.0,0
73951,38.86,-2.31,88.41,255.0,0
82596,53.97,13.46,25.09,150.0,0
71717,66.97,2.65,98.96,224.0,0
80803,78.14,2.56,85.28,192.0,0
42533,27.11,9.08,94.47,465.0,0
803,60.12,6.08,90.05,961.0,0
9182,49.99,16.15,67.54,854.0,0
30559,47.68,17.0,60.5,666.0,0
73796,53.29,5.43,87.05,221.0,0
95104,41.8,7.28,97.26,46.0,0
25345,52.19,7.7,71.55,702.0,0
84287,76.75,15.25,73.51,109.0,0
14924,68.26,2.69,100.0,829.0,0
35399,60.59,9.16,100.0,575.0,0
27018,69.35,6.31,73.47,656.0,0
51303,57.61,13.74,100.0,459.0,0
29753,49.11,7.36,45.61,652.0,0
67619,49.41,17.63,63.19,232.0,0
72465,73.08,11.09,90.27,234.0,0
41693,26.96,12.39,73.74,584.0,0
67671,71.34,13.58,91.46,212.0,0
78003,57.74,8.1,64.93,238.0,0
68508,60.61,-2.09,54.51,280.0,0
3761,32.06,14.77,61.36,879.0,0
5942,49.16,4.76,50.7,944.0,0
88229,40.18,8.62,55.58,139.0,0
7530,44.52,8.25,58.37,821.0,0
59373,23.82,12.42,100.0,458.0,0
9632,63.17,-0.63,46.16,844.0,0
43620,30.26,12.48,82.66,497.0,0
54223,55.36,7.78,80.06,459.0,0
57554,69.43,9.72,88.75,445.0,0
91268,78.91,8.61,81.53,25.0,0
27381,73.08,3.94,74.5,670.0,0
68907,51.56,13.22,74.38,351.0,0
56212,49.9,10.22,74.45,392.0,0
63479,71.3,19.54,84.07,165.0,0
47437,75.07,9.35,58.05,479.0,0
98210,45.51,12.83,82.7,23.0,0
65511,72.04,14.92,40.97,290.0,0
18052,87.66,12.21,92.8,864.0,0
2026,72.55,16.12,40.21,906.0,0
66872,89.44,8.64,67.89,273.0,0
27303,81.06,11.52,79.02,743.0,0
21193,56.64,6.38,100.0,737.0,0
62892,37.14,10.97,33.25,307.0,0
10098,81.2,16.75,66.01,908.0,0
91043,57.24,12.29,55.11,4.0,1
96019,70.67,6.15,38.56,0.0,1
12508,76.38,7.53,70.33,856.0,0
39288,63.16,19.78,39.82,623.0,0
39386,51.98,17.0,41.69,568.0,0
65970,52.04,8.02,28.28,329.0,0
43051,68.13,15.12,14.02,516.0,0
85645,67.1,9.16,42.72,38.0,0
563,82.76,5.63,31.72,959.0,0
8512,54.56,22.46,100.0,828.0,0
4048,55.85,13.83,60.35,812.0,0
11261,74.13,13.51,83.76,906.0,0
51457,61.92,5.8,100.0,393.0,0
48514,67.07,10.76,40.74,542.0,0
80015,70.87,14.24,33.45,135.0,0
64030,48.09,12.12,78.67,299.0,0
18589,88.06,12.87,66.33,728.0,0
68032,56.42,4.93,100.0,335.0,0
38668,44.06,6.91,72.6,606.0,0
44903,79.74,6.95,73.32,474.0,0
54959,71.71,8.16,52.0,423.0,0
82220,70.6,7.91,59.02,112.0,0
80500,63.64,1.35,31.72,178.0,0
42544,54.53,9.25,83.64,484.0,0
64506,57.1,11.76,100.0,283.0,0
2538,35.94,2.82,73.33,936.0,0
47198,73.68,11.51,56.94,444.0,0
91073,39.62,15.94,51.98,36.0,0
48712,76.7,4.17,73.69,428.0,0
12829,62.06,12.2,80.64,817.0,0
75071,60.34,6.65,66.87,283.0,0
41611,52.7,10.53,38.57,492.0,0
29269,45.19,16.55,94.64,617.0,0
87176,48.15,4.5,91.42,95.0,0
40458,52.22,12.37,67.26,477.0,0
78368,69.57,5.01,95.41,199.0,0
24870,61.35,12.94,95.42,711.0,0
36059,61.33,1.47,41.44,626.0,0
92966,43.51,12.49,78.91,39.0,0
16841,67.29,0.77,70.78,794.0,0
49161,80.09,9.66,79.59,433.0,0
85814,51.01,6.8,69.42,138.0,0
33648,72.28,12.6,85.88,580.0,0
23209,21.72,6.08,10.47,752.0,0
68905,49.6,4.45,87.79,221.0,0
72788,52.82,12.78,64.95,303.0,0
75354,47.08,8.2,38.54,175.0,0
49663,46.71,10.09,76.21,412.0,0
91973,67.33,11.43,100.0,0.0,1
5839,76.3,12.87,86.29,763.0,0
82994,82.83,11.23,28.9,158.0,0
90579,32.32,10.82,58.55,15.0,0
98853,64.38,12.92,86.76,0.0,1
90220,61.84,14.03,71.18,33.0,0
53519,58.26,9.84,23.5,483.0,0
21412,55.42,13.48,78.68,665.0,0
25502,65.05,19.33,56.09,750.0,0
51543,46.57,11.9,72.8,439.0,0
26268,55.06,7.07,87.55,773.0,0
82553,56.09,5.8,69.13,155.0,0
33215,50.73,8.62,81.48,748.0,0
6318,55.51,13.19,68.18,765.0,0
23889,58.48,10.22,83.85,654.0,0
59001,46.55,0.33,51.06,354.0,0
495,53.54,6.85,82.39,910.0,0
70112,59.43,9.98,100.0,193.0,0
63304,44.65,13.94,39.17,246.0,0
55751,79.33,13.91,64.44,356.0,0
27282,41.16,11.62,75.24,722.0,0
86922,62.13,5.98,53.76,0.0,1
61728,72.49,7.39,59.86,286.0,0
12059,32.75,12.1,70.31,829.0,0
61921,93.18,8.51,96.36,398.0,0
28293,75.1,10.6,78.19,589.0,0
56205,58.32,22.24,100.0,363.0,0
15663,35.77,8.08,68.3,708.0,0
46993,56.39,10.21,28.29,476.0,0
4470,50.59,20.46,30.7,850.0,0
37551,69.41,1.48,63.59,650.0,0
72401,83.88,8.52,45.46,279.0,0
74430,62.98,13.11,63.29,235.0,0
65618,69.28,9.88,63.94,342.0,0
5399,51.18,3.95,42.59,904.0,0
31969,61.17,3.11,38.18,667.0,0
66351,58.91,4.72,77.23,323.0,0
4868,76.51,11.71,100.0,900.0,0
53925,81.31,7.5,96.0,436.0,0
96302,61.59,6.34,93.54,0.0,1
65675,92.6,13.37,64.76,301.0,0
36186,62.14,10.07,51.5,530.0,0
60641,55.15,3.36,65.07,280.0,0
20449,53.63,1.02,34.26,716.0,0
71817,86.89,21.53,70.31,225.0,0
38376,68.54,6.42,34.22,477.0,0
98709,72.0,7.93,71.34,0.0,1
13202,58.64,12.06,100.0,809.0,0
69713,42.14,6.53,100.0,301.0,0
45395,53.52,8.57,51.51,513.0,0
83661,71.71,10.2,48.03,106.0,0
88761,51.79,3.04,60.77,97.0,0
66478,53.22,4.95,75.15,275.0,0
44618,73.03,6.25,80.9,573.0,0
32748,63.36,9.74,80.73,570.0,0
69075,56.17,5.53,63.21,240.0,0
20497,53.62,5.97,61.06,774.0,0
66570,58.61,11.36,31.91,300.0,0
75886,45.88,4.28,52.84,117.0,0
4147,68.55,5.87,41.15,901.0,0
86527,62.34,13.24,56.88,49.0,0
67897,65.82,5.61,59.56,173.0,0
70722,52.41,8.96,73.99,220.0,0
4060,59.46,11.68,50.69,910.0,0
37503,47.99,11.19,56.2,587.0,0
53118,63.52,12.6,74.75,435.0,0
26877,63.4,13.46,84.13,734.0,0
45804,47.5,9.43,51.48,578.0,0
72596,57.45,18.1,65.64,291.0,0
26117,65.85,15.4,75.13,690.0,0
2512,91.36,5.04,68.77,864.0,0
15012,21.54,13.45,100.0,786.0,0
28151,48.99,0.79,78.61,643.0,0
80531,37.63,7.4,71.14,105.0,0
72324,69.52,8.97,100.0,262.0,0
6812,50.58,15.41,56.27,912.0,0
93653,82.05,8.82,98.46,39.0,0
30312,47.67,8.66,86.65,695.0,0
83862,65.65,6.76,47.51,86.0,0
64913,85.35,19.49,53.3,366.0,0
16922,85.01,2.91,80.23,768.0,0
8892,58.24,10.23,76.98,884.0,0
95644,41.11,5.9,18.15,38.0,0
96441,84.05,6.7,52.62,0.0,1
97046,41.25,8.65,76.1,51.0,0
6300,49.23,7.78,81.6,917.0,0
99904,53.68,10.35,35.37,0.0,1
27786,58.68,4.05,37.29,649.0,0
19730,71.5,20.74,91.92,698.0,0
30381,72.52,9.57,64.49,615.0,0
78749,59.5,1.64,75.76,236.0,0
40749,55.57,9.35,63.72,486.0,0
72202,59.84,6.98,93.66,276.0,0
81983,58.49,4.08,87.12,154.0,0
74966,70.46,15.0,66.75,216.0,0
23697,46.55,9.45,71.51,769.0,0
69294,61.56,10.23,68.07,271.0,0
97741,52.55,11.22,87.31,0.0,1
46063,60.61,-1.75,70.24,517.0,0
56359,33.04,9.74,93.02,354.0,0
71289,45.18,16.92,78.66,200.0,0
18071,41.1,-2.87,57.51,809.0,0
52070,67.16,7.44,84.07,473.0,0
86599,57.84,7.81,64.37,93.0,0
51671,67.57,19.52,68.54,408.0,0
67463,64.87,17.08,71.38,176.0,0
32693,48.71,1.75,63.33,707.0,0
96515,53.31,13.42,75.24,0.0,1
91314,59.72,18.33,64.2,1.0,1
5978,62.98,8.08,36.04,809.0,0
85114,77.17,8.74,36.23,131.0,0
87650,52.49,12.19,41.1,83.0,0
59450,63.76,12.41,82.3,320.0,0
73279,57.74,-0.59,51.31,270.0,0
53383,36.6,8.8,63.43,469.0,0
78249,60.98,13.18,64.61,184.0,0
3250,79.29,17.03,92.34,905.0,0
90083,59.85,13.77,48.29,10.0,0
90163,75.37,1.62,52.17,52.0,0
62715,73.09,12.76,56.14,274.0,0
79195,60.53,13.23,60.02,128.0,0
87445,49.78,21.02,75.11,57.0,0
38228,36.07,10.62,100.0,606.0,0
76993,36.27,5.82,66.18,209.0,0
78200,52.04,6.3,67.49,216.0,0
69364,72.89,5.25,43.81,308.0,0
9236,65.66,12.53,60.43,883.0,0
26548,39.9,11.97,30.45,709.0,0
69654,63.87,6.99,12.03,296.0,0
48897,52.19,7.95,48.11,495.0,0
58443,52.4,12.97,97.8,351.0,0
60195,84.33,1.96,47.86,402.0,0
683,37.09,-2.83,100.0,985.0,0
53107,70.73,14.23,90.08,398.0,0
79468,66.78,12.69,80.61,136.0,0
32052,62.19,8.34,73.32,541.0,0
97222,66.26,10.23,90.75,0.0,1
50585,35.84,10.83,41.88,476.0,0
65055,56.33,3.98,48.77,315.0,0
21333,74.47,17.92,100.0,715.0,0
29260,68.34,3.09,76.38,670.0,0
90685,74.12,9.81,69.14,0.0,1
79379,32.93,10.25,44.99,266.0,0
45080,46.58,19.13,66.73,465.0,0
7055,87.41,5.69,100.0,854.0,0
43753,74.85,-0.8,93.11,481.0,0
89582,54.1,12.46,61.84,32.0,0
8411,62.52,13.04,37.27,799.0,0
46074,64.87,15.23,75.58,487.0,0
88766,65.08,9.96,74.38,0.0,1
58898,68.42,14.37,51.16,296.0,0
66435,91.85,10.14,87.9,217.0,0
5413,46.63,4.03,90.45,900.0,0
4132,29.76,9.81,69.95,844.0,0
43711,74.32,6.62,51.8,563.0,0
46974,89.36,3.98,40.39,477.0,0
28235,45.81,5.07,71.56,677.0,0
39842,29.02,4.21,56.2,570.0,0
94752,89.7,4.31,68.14,50.0,0
65208,64.43,15.92,94.13,283.0,0
47443,62.46,9.34,43.6,431.0,0
11174,54.78,5.83,57.92,946.0,0
92192,73.48,8.45,62.89,0.0,1
16610,90.51,7.01,34.39,785.0,0
55309,53.53,13.74,59.87,326.0,0
80654,86.09,9.26,45.5,119.0,0
62130,51.12,7.6,71.14,282.0,0
15202,54.11,9.28,83.6,802.0,0
27973,62.43,16.22,86.89,628.0,0
55201,63.97,10.88,93.44,392.0,0
78932,66.64,11.82,80.24,90.0,0
68445,81.89,9.44,36.15,391.0,0
76106,62.44,11.33,65.39,153.0,0
20481,74.54,9.71,100.0,775.0,0
52726,65.65,6.96,80.23,411.0,0
57385,47.53,5.94,87.5,430.0,0
5378,40.23,3.87,97.43,920.0,0
83732,88.28,10.13,54.82,123.0,0
40319,52.78,16.45,93.1,497.0,0
54491,67.52,9.97,93.86,390.0,0
39423,38.23,12.79,90.71,583.0,0
87211,31.3,4.15,72.64,147.0,0
92867,90.41,13.67,85.02,0.0,1
4889,62.1,1.97,76.71,929.0,0
25965,74.1,16.84,99.02,686.0,0
90026,38.89,8.12,63.35,67.0,0
47255,51.84,7.0,71.79,467.0,0
77385,72.07,10.62,44.56,163.0,0
66986,98.24,19.15,62.45,267.0,0
29008,58.62,2.81,62.84,758.0,0
9792,53.62,15.2,83.32,911.0,0
79642,68.51,7.36,81.9,168.0,0
7047,59.44,6.05,71.7,964.0,0
45832,76.56,9.99,75.58,517.0,0
61270,74.27,18.35,45.76,278.0,0
26279,82.12,3.23,33.86,701.0,0
59044,64.23,5.77,76.63,385.0,0
54882,68.97,9.09,59.77,322.0,0
66355,66.11,11.87,72.34,216.0,0
79882,40.39,14.06,85.52,83.0,0
21811,82.47,10.98,53.05,674.0,0
70705,66.79,14.44,73.88,204.0,0
45448,73.39,15.36,51.17,486.0,0
4044,67.3,10.7,64.51,902.0,0
42319,66.62,15.14,49.06,471.0,0
30754,63.07,15.2,58.14,639.0,0
76876,21.85,13.12,40.75,178.0,0
56386,64.18,9.37,73.83,417.0,0
2486,38.69,16.69,57.31,883.0,0
10020,74.35,16.3,54.78,904.0,0
1236,52.32,9.63,73.98,975.0,0
53610,53.0,9.62,88.02,430.0,0
95937,60.69,6.99,93.69,0.0,1
81688,37.21,0.28,30.53,188.0,0
30735,68.45,14.83,24.83,580.0,0
85894,62.31,1.3,55.92,43.0,0
76818,64.03,8.45,46.23,127.0,0
46346,63.98,10.57,82.94,552.0,0
18010,56.96,13.39,63.14,777.0,0
93987,68.11,23.46,87.09,0.0,1
80876,48.63,16.06,66.05,89.0,0
78955,76.33,14.77,61.35,178.0,0
66705,42.73,11.2,65.95,372.0,0
39650,84.54,12.52,68.51,505.0,0
44149,67.71,20.22,46.15,439.0,0
23079,73.28,17.36,74.41,723.0,0
86642,51.12,3.38,68.86,212.0,0
40222,77.23,7.17,68.84,542.0,0
76909,50.45,8.73,90.63,213.0,0
42931,64.67,4.69,96.13,543.0,0
47603,80.68,4.15,97.96,514.0,0
28908,54.63,4.45,57.34,758.0,0
50668,59.4,15.08,57.28,394.0,0
17495,54.63,8.04,87.15,854.0,0
10846,63.07,2.56,59.82,840.0,0
3659,67.11,9.66,94.7,940.0,0
9943,51.68,-2.14,70.83,917.0,0
97478,58.0,9.9,87.32,0.0,1
72259,57.93,10.98,42.06,241.0,0
2098,98.55,15.24,85.13,803.0,0
87842,96.49,17.63,36.21,35.0,0
34317,43.07,11.64,100.0,605.0,0
68497,64.52,12.67,48.14,234.0,0
85302,65.84,9.91,67.01,34.0,0
47857,75.28,18.68,64.84,512.0,0
16633,67.38,8.47,75.55,909.0,0
21967,64.42,12.38,93.65,700.0,0
88236,56.18,4.87,36.85,29.0,0
1809,76.27,2.13,32.62,875.0,0
7309,37.77,12.17,100.0,760.0,0
48044,80.96,6.2,46.16,472.0,0
7240,60.02,11.84,57.98,853.0,0
41304,64.26,16.26,60.12,559.0,0
19693,55.63,11.84,35.17,818.0,0
75861,59.47,6.28,96.26,250.0,0
40135,41.75,4.05,100.0,587.0,0
749,67.11,9.39,39.86,972.0,0
50740,67.4,4.04,85.35,439.0,0
51556,56.24,3.96,58.18,495.0,0
11494,74.0,9.42,50.01,830.0,0
71301,36.47,13.21,64.53,283.0,0
38423,78.3,8.35,68.76,604.0,0
54555,48.9,7.58,79.9,491.0,0
12792,31.28,6.34,63.29,933.0,0
11104,63.21,5.31,80.33,901.0,0
48059,66.82,10.36,66.65,452.0,0
29855,56.15,2.89,79.13,664.0,0
93335,64.28,2.54,48.22,36.0,0
44929,57.38,16.59,35.87,484.0,0
65735,52.89,6.63,100.0,259.0,0
37626,42.59,8.83,79.4,570.0,0
64895,73.62,15.39,98.41,359.0,0
14961,67.65,2.51,93.01,852.0,0
78050,64.72,9.73,76.89,212.0,0
53561,54.02,7.68,44.9,469.0,0
49588,44.81,15.64,60.81,511.0,0
1823,77.7,8.71,84.65,836.0,0
92708,57.66,10.84,98.08,24.0,0
40099,54.3,12.38,66.4,503.0,0
12779,77.19,1.91,68.72,818.0,0
12778,44.87,8.08,72.28,820.0,0
97323,64.49,2.88,24.91,0.0,1
6841,56.49,12.23,91.84,803.0,0
20705,38.81,9.96,70.15,681.0,0
72107,56.23,9.73,98.14,232.0,0
62835,61.5,6.27,64.45,334.0,0
60028,58.18,15.69,100.0,355.0,0
39594,57.14,4.81,82.59,575.0,0
47785,38.91,3.54,89.49,493.0,0
17934,64.75,5.87,80.65,836.0,0
29714,70.73,12.49,52.8,611.0,0
74625,74.92,8.63,68.5,230.0,0
8179,39.87,5.73,99.24,975.0,0
2657,71.11,17.78,100.0,848.0,0
7244,63.86,16.05,74.32,883.0,0
92137,46.22,7.83,45.4,77.0,0
27199,67.7,14.67,60.36,676.0,0
96894,16.96,7.4,49.11,55.0,0
60935,48.16,9.37,30.64,333.0,0
89094,81.64,14.14,46.04,76.0,0
57038,56.33,21.13,71.15,365.0,0
68758,48.45,12.26,84.72,273.0,0
43617,49.89,11.93,60.46,530.0,0
88624,22.76,1.93,62.77,113.0,0
27583,52.02,1.19,56.62,712.0,0
24965,58.02,14.47,99.58,682.0,0
86090,58.99,15.32,61.51,97.0,0
70147,50.92,3.43,80.99,250.0,0
25499,58.24,11.89,100.0,710.0,0
5998,84.48,15.78,66.38,814.0,0
67038,80.45,11.5,69.21,328.0,0
85916,61.56,9.19,69.91,65.0,0
94026,54.47,6.48,44.73,107.0,0
25839,61.36,18.58,74.8,643.0,0
886,13.76,2.87,57.85,991.0,0
33430,51.49,12.07,56.43,671.0,0
52745,30.13,9.9,99.16,391.0,0
6388,50.87,7.48,67.1,908.0,0
87334,61.48,14.44,60.85,80.0,0
26645,65.94,17.34,68.04,602.0,0
97584,60.38,10.48,100.0,0.0,1
55208,86.05,12.66,73.87,329.0,0
54138,61.15,8.82,93.6,441.0,0
44709,43.24,16.63,60.01,502.0,0
2866,39.42,-2.59,57.28,943.0,0
86470,79.4,19.85,56.29,42.0,0
28388,57.53,13.07,87.87,581.0,0
30416,61.92,8.56,84.49,685.0,0
19200,43.67,6.98,85.14,719.0,0
55453,68.41,7.63,81.88,359.0,0
99870,82.69,1.36,61.25,0.0,1
72387,73.2,10.43,100.0,162.0,0
65060,84.54,9.99,58.18,262.0,0
49109,44.43,7.5,66.58,498.0,0
19111,77.47,9.46,31.8,688.0,0
1137,39.47,11.11,93.9,897.0,0
28729,73.98,22.39,58.51,641.0,0
90024,64.8,4.08,95.05,68.0,0
66641,60.07,10.82,79.17,388.0,0
835,65.97,7.7,46.79,928.0,0
78332,63.78,6.02,56.4,158.0,0
36526,55.64,4.42,99.62,541.0,0
11855,49.45,14.76,67.64,811.0,0
32859,52.29,14.36,76.99,702.0,0
58576,40.94,16.44,70.01,431.0,0
74623,68.9,16.08,64.99,117.0,0
64815,60.26,8.91,68.75,329.0,0
67899,72.39,8.48,53.6,322.0,0
69506,82.55,11.45,81.46,239.0,0
85118,59.03,9.71,89.45,67.0,0
27181,50.34,7.71,81.25,624.0,0
59670,59.71,12.61,46.52,247.0,0
18052,78.96,13.94,65.53,727.0,0
7321,70.39,-0.37,52.38,891.0,0
32534,60.7,5.43,79.06,605.0,0
67674,83.16,8.68,68.08,305.0,0
16360,70.92,15.41,30.96,788.0,0
34989,55.75,22.18,55.11,636.0,0
6891,56.54,16.65,26.96,866.0,0
25827,62.14,12.51,38.32,798.0,0
99285,60.76,14.2,84.88,0.0,1
92328,44.87,6.23,59.95,21.0,0
75719,60.14,9.21,95.91,276.0,0
61744,37.48,6.27,100.0,374.0,0
88358,77.66,14.79,71.17,158.0,0
29971,29.17,11.89,65.54,654.0,0
84697,71.54,8.69,57.0,112.0,0
57940,43.17,2.99,73.63,365.0,0
49408,58.48,18.98,74.76,349.0,0
55662,72.11,10.7,60.7,410.0,0
91294,79.59,10.58,64.94,11.0,0
64668,74.81,5.45,93.25,287.0,0
88307,50.22,10.1,75.81,29.0,0
59954,54.25,14.78,82.35,233.0,0
1687,57.43,11.18,58.52,915.0,0
11066,74.38,8.44,98.39,864.0,0
62068,55.76,7.83,100.0,323.0,0
59513,65.7,4.3,93.79,333.0,0
59518,71.75,6.87,93.66,387.0,0
78230,36.73,4.7,33.51,190.0,0
30642,66.99,21.4,86.82,603.0,0
69666,54.47,18.14,66.47,240.0,0
33840,64.06,2.26,51.11,616.0,0
63810,22.61,17.27,93.95,332.0,0
62283,62.96,13.14,55.61,349.0,0
49085,27.59,11.97,70.1,489.0,0
94445,75.49,11.14,53.59,80.0,0
76799,65.89,12.53,76.66,198.0,0
63227,71.98,7.76,48.41,299.0,0
54710,42.76,15.78,55.86,379.0,0
57442,66.36,14.66,84.54,446.0,0
44455,77.27,5.95,60.15,546.0,0
17711,59.97,17.33,91.82,832.0,0
39738,66.28,14.81,21.88,594.0,0
75484,57.27,7.08,45.33,164.0,0
92867,31.32,16.53,78.7,0.0,1
22886,47.79,9.48,73.87,721.0,0
23764,64.22,8.06,79.11,694.0,0
33887,45.17,8.86,66.09,629.0,0
45860,51.55,19.09,64.36,511.0,0
36473,57.97,12.89,73.95,598.0,0
28345,68.5,6.79,59.75,651.0,0
74462,50.81,11.32,24.67,275.0,0
44210,61.14,8.48,78.73,435.0,0
84524,49.19,10.86,53.12,127.0,0
98610,43.64,12.48,60.7,0.0,1
99208,36.98,1.73,22.49,0.0,1
90446,68.41,14.72,51.66,57.0,0
74793,54.78,16.12,51.62,180.0,0
50024,81.51,10.51,65.85,430.0,0
78718,36.19,13.96,77.73,276.0,0
3911,80.28,7.56,73.76,976.0,0
84606,63.51,7.7,48.92,41.0,0
55367,56.33,5.03,100.0,427.0,0
99837,75.43,9.45,88.68,0.0,1
83841,60.43,12.27,99.11,146.0,0
61969,63.26,2.52,37.24,413.0,0
8708,66.43,17.14,70.26,855.0,0
14114,69.84,20.9,38.51,754.0,0
753,66.41,2.11,50.96,874.0,0
512,52.32,2.38,84.01,988.0,0
94702,49.82,11.75,44.88,51.0,0
68639,34.52,11.68,71.31,297.0,0
4931,65.27,11.17,45.36,940.0,0
68948,63.24,14.87,86.15,299.0,0
71434,65.39,2.81,41.65,318.0,0
80372,71.09,6.16,92.71,139.0,0
81937,68.62,16.35,55.24,102.0,0
5515,49.06,13.23,72.23,908.0,0
47497,44.92,14.1,43.43,486.0,0
20354,58.88,9.88,38.63,798.0,0
28901,77.97,12.03,62.39,698.0,0
65134,39.14,5.98,78.95,284.0,0
79509,74.65,14.28,37.61,157.0,0
1432,62.44,11.68,86.64,957.0,0
67809,65.25,12.45,64.48,390.0,0
19506,57.1,3.39,65.3,691.0,0
54708,72.54,-2.21,65.45,442.0,0
95022,54.88,17.7,98.92,0.0,1
37086,61.01,7.23,57.92,608.0,0
41006,50.6,-1.62,51.13,491.0,0
26121,78.19,22.63,69.16,602.0,0
30115,71.76,11.6,81.45,594.0,0
78044,48.04,12.61,74.65,231.0,0
21451,74.69,7.12,59.44,750.0,0
51666,75.25,9.83,54.66,451.0,0
30799,69.82,7.04,83.48,589.0,0
8492,87.51,14.76,63.76,895.0,0
50831,65.13,13.02,47.01,417.0,0
29645,58.57,14.56,58.31,651.0,0
78002,64.23,16.24,98.77,218.0,0
94058,42.8,11.77,45.86,0.0,1
57033,57.99,8.72,73.48,367.0,0
60545,58.28,8.21,97.83,316.0,0
70502,93.65,10.9,77.24,180.0,0
25240,70.82,5.26,57.73,622.0,0
45494,88.19,-5.49,95.45,482.0,0
47125,58.05,10.68,79.34,432.0,0
4608,75.3,15.91,74.45,906.0,0
96829,39.27,15.61,51.39,0.0,1
30892,58.6,17.0,53.09,586.0,0
85801,62.05,18.3,61.47,58.0,0
36293,67.22,13.59,83.12,565.0,0
63440,46.27,14.54,68.22,302.0,0
89058,56.6,11.66,45.21,93.0,0
55497,56.25,16.68,39.69,307.0,0
70971,42.86,20.71,74.69,196.0,0
15304,36.79,12.01,100.0,809.0,0
44209,108.12,7.37,83.31,460.0,0
19405,58.18,9.28,69.14,775.0,0
67435,74.44,13.36,99.0,264.0,0
95358,62.08,14.56,100.0,0.0,1
21872,47.81,5.19,37.36,742.0,0
52168,45.77,16.09,40.9,515.0,0
50172,62.81,9.96,80.13,477.0,0
9472,74.39,11.02,56.56,815.0,0
28123,60.18,17.61,79.84,641.0,0
2453,65.7,13.3,77.3,947.0,0
62659,64.65,5.28,100.0,423.0,0
49324,56.6,9.06,80.01,452.0,0
3420,53.17,17.79,85.57,902.0,0
77762,61.7,12.96,70.5,179.0,0
82736,70.38,9.63,61.83,139.0,0
61471,73.32,10.95,59.21,429.0,0
52553,56.79,5.79,66.33,382.0,0
3359,76.7,0.53,62.46,878.0,0
99506,62.29,9.18,100.0,0.0,1
82785,68.56,6.72,34.12,111.0,0
20764,40.03,8.03,62.7,775.0,0
49057,72.89,10.24,81.08,497.0,0
22705,61.85,13.05,24.0,676.0,0
86200,42.05,13.78,70.77,111.0,0
86051,47.93,12.16,36.52,82.0,0
59910,57.78,10.38,58.71,393.0,0
34987,87.7,15.47,44.17,525.0,0
60211,72.9,2.52,91.62,335.0,0
38306,63.61,9.03,28.8,592.0,0
99548,57.73,7.59,97.09,0.0,1
4974,62.35,6.0,40.91,943.0,0
42256,41.07,13.66,84.86,567.0,0
29749,46.82,17.61,50.06,534.0,0
86291,52.18,10.43,59.81,149.0,0
36297,85.09,11.49,80.36,553.0,0
3196,91.48,2.94,73.45,975.0,0
55539,56.81,10.64,84.72,455.0,0
85323,58.38,9.32,85.26,144.0,0
34276,50.44,5.27,52.31,595.0,0
32545,43.46,11.72,51.49,695.0,0
39720,63.95,14.17,77.76,597.0,0
40371,48.63,6.35,56.29,484.0,0
45287,50.73,11.25,56.12,535.0,0
21337,79.41,14.54,100.0,782.0,0
16611,37.84,18.57,77.11,769.0,0
83620,41.97,6.86,64.56,182.0,0
97745,54.31,12.54,27.15,0.0,1
20111,63.79,11.72,97.1,768.0,0
36837,95.57,6.17,47.74,610.0,0
56170,35.24,13.43,75.69,336.0,0
8914,74.09,14.37,60.76,770.0,0
49932,59.37,9.9,74.61,472.0,0
7535,16.41,10.72,64.21,945.0,0
30942,54.46,10.1,45.67,584.0,0
23190,42.44,9.23,49.31,761.0,0
72922,46.76,13.22,89.92,188.0,0
31755,44.52,7.48,70.92,689.0,0
46970,93.54,10.52,55.85,488.0,0
85292,46.45,19.34,90.88,115.0,0
86578,48.54,11.03,95.0,132.0,0
48131,36.64,20.18,51.38,458.0,0
34090,72.36,10.15,73.75,628.0,0
8527,58.7,10.06,100.0,827.0,0
83335,40.0,0.65,48.61,222.0,0
78164,68.05,16.09,92.25,113.0,0
84671,35.99,16.96,87.51,79.0,0
19930,64.34,7.89,51.03,679.0,0
48595,52.54,15.38,65.4,522.0,0
40620,64.01,3.69,74.72,520.0,0
45270,55.58,9.59,57.41,568.0,0
84335,42.01,0.54,74.44,111.0,0
81225,54.38,7.81,59.6,123.0,0
34356,30.8,16.04,88.13,617.0,0
9394,44.8,5.79,74.08,780.0,0
24487,67.87,7.61,70.63,749.0,0
40090,60.38,7.55,62.67,518.0,0
54391,46.16,9.93,83.16,353.0,0
61408,47.59,10.51,76.08,292.0,0
91095,92.42,11.8,53.91,110.0,0
99436,62.1,12.49,62.13,0.0,1
14418,58.11,3.22,76.65,917.0,0
72018,45.1,12.66,86.26,282.0,0
23574,70.17,13.76,29.33,734.0,0
39252,56.19,17.0,61.0,534.0,0
68369,54.47,8.6,77.87,301.0,0
43653,90.51,13.19,65.59,396.0,0
26544,70.6,4.93,73.24,655.0,0
41258,40.56,10.24,93.58,519.0,0
20437,72.52,15.65,97.89,670.0,0
8280,45.42,9.44,52.71,865.0,0
63844,57.26,14.63,52.01,363.0,0
18658,61.22,16.11,46.45,706.0,0
87801,67.31,7.12,71.38,87.0,0
64261,62.56,11.52,79.48,304.0,0
95310,65.42,15.21,45.96,0.0,1
6413,40.69,18.53,39.34,849.0,0
98130,63.72,16.17,46.55,0.0,1
41671,58.51,22.74,74.4,460.0,0
82793,78.68,5.0,50.37,76.0,0
11433,56.15,11.45,90.51,884.0,0
63601,64.2,15.28,78.93,252.0,0
93228,75.31,10.95,65.48,0.0,1
41074,68.01,15.16,58.64,507.0,0
4661,54.48,10.59,68.13,865.0,0
61524,53.21,11.69,64.46,289.0,0
40361,53.38,15.93,53.33,630.0,0
35093,51.6,-0.92,88.62,629.0,0
41305,17.36,18.37,75.57,484.0,0
46647,77.93,9.08,48.05,406.0,0
25265,35.5,5.52,73.83,699.0,0
26092,41.55,15.57,60.18,646.0,0
49334,52.49,11.45,81.5,476.0,0
23941,47.19,17.75,84.97,708.0,0
2803,41.34,14.83,63.08,955.0,0
77741,73.7,7.52,88.3,191.0,0
27681,72.35,11.84,87.87,708.0,0
98102,50.26,14.72,63.81,0.0,1
16551,77.52,0.68,79.59,753.0,0
17045,83.8,10.51,100.0,761.0,0
78118,61.37,16.16,91.65,217.0,0
38836,69.44,7.69,71.7,573.0,0
72210,52.83,12.75,47.67,193.0,0
7247,41.81,14.87,66.01,843.0,0
69070,41.56,18.4,77.87,289.0,0
67825,68.43,24.03,64.5,210.0,0
17542,58.81,7.68,86.17,744.0,0
77431,45.67,13.91,67.86,158.0,0
28918,78.66,11.98,35.31,620.0,0
79046,63.1,23.27,50.75,107.0,0
4815,72.16,10.31,97.45,943.0,0
27126,60.52,10.6,74.68,717.0,0
93389,72.57,8.7,81.98,26.0,0
5875,76.1,16.89,44.39,832.0,0
45008,71.68,9.37,61.64,440.0,0
90966,64.59,15.67,100.0,96.0,0
50577,60.47,5.18,67.73,451.0,0
39765,72.92,13.53,100.0,516.0,0
56931,70.25,15.78,29.26,291.0,0
83375,73.8,14.14,56.57,70.0,0
41955,67.19,13.23,76.89,505.0,0
95775,79.77,10.83,80.27,14.0,0
89317,60.83,10.61,71.33,40.0,0
27704,57.96,3.25,50.09,663.0,0
6952,67.79,11.31,100.0,945.0,0
94858,75.38,4.76,46.34,0.0,1
81376,52.03,9.46,100.0,235.0,0
24874,15.78,3.61,41.9,726.0,0
51,49.29,5.69,57.59,838.0,0
65721,39.8,13.7,58.35,183.0,0
65159,49.82,21.6,51.69,210.0,0
29556,68.35,3.9,59.79,632.0,0
60815,65.42,8.85,55.73,373.0,0
46614,57.63,17.04,100.0,468.0,0
63653,79.61,15.15,75.98,243.0,0
88885,55.2,11.79,81.87,50.0,0
56037,66.89,14.8,36.51,419.0,0
86833,32.07,6.66,62.05,92.0,0
38840,65.2,9.05,70.35,535.0,0
86806,34.15,11.83,47.89,70.0,0
53505,48.68,8.75,69.52,465.0,0
73947,71.35,7.74,67.2,260.0,0
14483,42.7,-4.93,75.62,898.0,0
46418,50.42,11.84,91.22,461.0,0
30594,53.71,10.35,32.89,668.0,0
74954,72.47,8.81,78.58,156.0,0
85451,68.97,6.22,82.52,136.0,0
34629,58.12,10.98,65.43,524.0,0
65452,47.51,4.9,81.93,324.0,0
78703,39.72,8.95,61.21,88.0,0
38764,79.12,5.09,52.46,583.0,0
4602,58.43,9.68,72.04,934.0,0
83006,71.36,18.48,91.03,102.0,0
47826,61.15,4.62,94.61,395.0,0
28122,67.95,0.51,100.0,726.0,0
14324,20.45,7.92,54.16,778.0,0
32466,27.36,17.96,83.68,620.0,0
34820,89.83,22.03,82.73,662.0,0
25376,74.4,11.4,84.56,628.0,0
67209,39.04,12.73,76.95,281.0,0
58064,60.15,12.68,100.0,358.0,0
17289,87.27,19.54,80.78,641.0,0
64123,94.33,5.91,72.05,319.0,0
56500,55.78,11.06,60.13,445.0,0
61496,81.84,10.7,98.57,352.0,0
62234,69.66,14.48,44.74,254.0,0
75793,64.33,10.32,87.57,174.0,0
10737,71.28,15.1,100.0,827.0,0
13585,45.49,7.67,64.06,808.0,0
70310,16.33,23.75,100.0,192.0,0
75011,69.4,18.25,100.0,239.0,0
72697,87.42,8.42,59.42,204.0,0
73742,95.44,14.3,47.04,194.0,0
39745,53.67,10.02,75.94,560.0,0
99352,72.67,8.42,78.33,0.0,1
60861,18.13,1.14,94.72,442.0,0
45425,63.32,3.4,68.91,410.0,0
14157,26.23,10.15,67.24,728.0,0
99109,76.29,6.11,74.76,0.0,1
16802,51.0,14.16,80.88,799.0,0
39850,73.01,17.99,99.35,534.0,0
15688,38.85,14.26,80.22,838.0,0
21787,76.87,13.83,56.33,662.0,0
43768,55.88,9.41,78.55,514.0,0
97315,63.65,11.77,72.48,0.0,1
61421,65.66,-2.48,54.6,357.0,0
69351,61.53,15.87,79.84,347.0,0
6630,57.43,13.64,72.23,833.0,0
38431,33.91,1.83,80.31,553.0,0
87509,70.69,12.98,90.78,56.0,0
11704,51.57,11.79,79.41,757.0,0
74963,57.74,8.85,61.99,222.0,0
16044,56.23,0.46,34.16,828.0,0
53708,70.33,8.71,69.14,321.0,0
61783,44.03,11.36,65.86,402.0,0
27485,47.83,15.17,81.5,642.0,0
40206,63.05,13.28,61.68,481.0,0
21723,64.29,7.09,61.64,748.0,0
24259,76.21,0.86,59.09,699.0,0
89100,60.53,15.76,100.0,115.0,0
18088,51.41,7.83,86.77,797.0,0
31053,57.06,17.04,88.47,533.0,0
62383,79.2,8.38,42.94,379.0,0
98866,66.2,21.84,77.42,0.0,1
57135,52.41,13.23,100.0,413.0,0
54295,47.89,12.95,100.0,362.0,0
23133,48.36,3.4,58.66,812.0,0
8106,51.55,18.33,62.49,877.0,0
84124,70.34,7.78,29.75,145.0,0
22675,78.03,13.31,44.02,740.0,0
8753,50.74,6.64,72.54,859.0,0
38419,64.7,12.54,100.0,502.0,0
16325,72.37,9.97,26.4,710.0,0
31215,61.15,5.04,91.55,617.0,0
19510,62.7,12.4,55.81,754.0,0
28311,63.68,6.24,85.61,627.0,0
1249,72.44,11.38,83.6,922.0,0
8407,42.09,8.85,100.0,901.0,0
50147,50.28,6.27,62.12,436.0,0
70204,47.7,3.6,39.83,294.0,0
45719,37.57,12.47,63.71,556.0,0
89101,52.25,9.4,89.68,116.0,0
6938,76.77,9.37,69.1,878.0,0
25549,75.13,11.49,33.86,689.0,0
29602,42.66,9.0,22.94,575.0,0
74642,45.27,7.35,60.63,352.0,0
68706,57.14,5.76,85.12,248.0,0
53203,56.26,9.65,81.28,457.0,0
69649,59.08,10.19,70.21,240.0,0
9857,61.83,6.46,100.0,839.0,0
25607,52.01,15.19,68.13,637.0,0
52799,59.23,11.82,81.5,373.0,0
14545,67.5,20.03,85.28,806.0,0
43480,68.57,10.41,94.75,420.0,0
46612,37.58,11.61,64.37,437.0,0
41161,72.18,13.79,86.87,501.0,0
88597,49.91,9.01,84.33,33.0,0
11579,64.11,8.02,35.93,840.0,0
41249,46.36,16.87,58.02,468.0,0
72652,59.15,17.37,38.64,195.0,0
3029,51.05,10.67,85.57,943.0,0
56003,77.02,8.08,48.67,405.0,0
14082,62.28,15.25,28.9,860.0,0
92919,49.26,15.72,100.0,0.0,1
40148,85.2,15.08,76.37,511.0,0
17636,34.91,7.28,74.93,769.0,0
20076,73.44,16.26,61.45,835.0,0
21735,64.76,7.18,85.81,713.0,0
4646,63.46,11.68,68.52,893.0,0
23867,66.36,6.85,100.0,715.0,0
19150,67.87,0.38,54.14,847.0,0
62155,68.26,9.11,51.77,381.0,0
26355,80.41,10.48,25.9,651.0,0
26676,64.68,9.94,37.53,668.0,0
53659,67.34,15.2,65.77,361.0,0
36461,49.86,11.53,56.3,597.0,0
23657,84.68,6.12,100.0,596.0,0
4135,76.65,8.06,86.32,920.0,0
77958,59.38,7.43,54.82,304.0,0
90130,73.07,-0.32,56.51,59.0,0
24220,79.7,19.39,64.54,779.0,0
43982,72.74,13.46,30.86,477.0,0
92775,62.93,12.86,97.89,25.0,0
77335,41.93,4.67,77.55,71.0,0
8523,47.0,12.82,82.5,847.0,0
46657,87.81,13.45,100.0,353.0,0
87086,91.34,12.73,73.55,27.0,0
46302,61.23,13.28,44.56,505.0,0
99823,58.3,10.71,68.43,0.0,1
88873,66.17,4.32,100.0,113.0,0
69278,53.82,0.6,100.0,240.0,0
96065,56.43,8.84,84.37,0.0,1
97741,81.96,12.13,80.77,0.0,1
53024,52.49,9.73,95.93,426.0,0
76657,100.64,8.0,77.88,113.0,0
44308,59.94,6.86,51.84,526.0,0
24798,56.58,15.56,42.99,710.0,0
40548,47.74,7.04,71.33,539.0,0
56861,64.16,11.97,31.38,308.0,0
22995,61.32,10.75,58.51,704.0,0
9045,35.1,10.09,100.0,849.0,0
34997,79.06,6.56,74.3,564.0,0
28600,55.27,15.45,76.49,683.0,0
27460,71.42,12.14,74.31,619.0,0
77390,58.91,10.31,60.95,217.0,0
24138,49.44,5.41,84.84,746.0,0
74799,62.79,11.25,75.47,201.0,0
85307,74.64,7.03,48.73,70.0,0
11058,90.36,9.35,69.68,753.0,0
17114,42.97,11.63,53.69,729.0,0
12704,56.64,7.1,32.36,840.0,0
64495,71.3,13.62,61.16,223.0,0
80062,67.14,4.19,49.85,184.0,0
39747,49.68,11.59,78.42,530.0,0
15013,72.37,9.38,96.91,861.0,0
32583,59.32,13.67,41.38,619.0,0
66131,75.74,0.53,57.07,327.0,0
3079,51.26,3.06,100.0,886.0,0
8877,68.04,-1.77,9.6,933.0,0
46468,51.16,4.29,99.55,583.0,0
46721,61.14,0.95,73.38,475.0,0
54912,68.79,5.03,48.45,362.0,0
19104,80.88,14.45,81.42,737.0,0
96680,34.41,9.88,59.65,53.0,0
97437,76.64,9.81,100.0,0.0,1
57158,62.49,-1.96,69.12,350.0,0
41258,59.09,8.58,85.72,617.0,0
58289,64.8,20.02,61.01,353.0,0
29467,50.43,-4.57,80.07,681.0,0
12624,67.78,11.15,67.98,861.0,0
28491,53.11,16.04,40.47,685.0,0
32975,45.27,5.47,77.85,592.0,0
45178,72.98,15.16,67.05,513.0,0
48473,53.56,5.76,42.56,410.0,0
26380,46.99,15.06,46.01,720.0,0
11676,60.52,8.38,76.14,830.0,0
45293,52.62,6.14,64.47,420.0,0
96971,60.27,11.2,100.0,0.0,1
82674,60.78,16.66,99.09,122.0,0
77892,56.52,11.91,60.69,129.0,0
66890,65.87,2.14,74.39,307.0,0
37435,69.71,10.96,100.0,629.0,0
19701,52.04,11.32,49.85,721.0,0
89203,65.03,0.69,81.09,1.0,1
38413,67.07,4.31,91.79,715.0,0
71241,66.14,7.63,76.02,144.0,0
26409,60.25,3.9,61.46,717.0,0
35164,65.57,3.57,64.77,595.0,0
82731,47.91,10.0,69.32,40.0,0
90928,29.39,22.64,88.39,20.0,0
29370,54.88,5.5,50.84,593.0,0
15971,44.5,7.16,74.36,728.0,0
14960,59.24,3.65,48.61,791.0,0
35355,78.83,25.28,88.29,554.0,0
40291,89.34,14.58,43.98,453.0,0
21182,105.59,4.72,65.29,776.0,0
27178,45.53,9.37,62.03,699.0,0
63455,71.77,13.5,82.26,306.0,0
21645,60.33,16.01,62.45,685.0,0
14993,37.29,18.16,80.65,730.0,0
17028,62.92,16.35,76.85,788.0,0
26949,49.37,12.28,56.21,658.0,0
1306,54.15,8.93,49.95,900.0,0
47666,45.8,12.9,75.48,618.0,0
6040,56.79,12.31,70.97,841.0,0
8142,50.07,12.62,69.74,846.0,0
65276,63.57,7.9,69.99,352.0,0
88537,59.86,8.65,84.29,61.0,0
23725,62.52,13.04,80.7,678.0,0
66687,62.57,3.83,33.76,313.0,0
44394,74.69,17.85,55.74,447.0,0
84447,41.35,13.91,59.92,110.0,0
40858,60.9,8.45,80.43,513.0,0
17207,74.79,6.19,81.97,727.0,0
90094,57.24,16.11,58.92,95.0,0
6297,48.41,13.61,59.5,865.0,0
38396,63.6,18.29,86.23,636.0,0
86411,55.63,9.07,78.89,107.0,0
86327,61.62,19.91,62.86,0.0,1
78506,91.58,11.98,59.03,202.0,0
22446,41.08,10.35,40.08,645.0,0
50072,54.86,12.41,91.54,488.0,0
62822,66.3,11.01,34.65,279.0,0
57589,38.29,7.12,100.0,381.0,0
42435,67.62,12.92,56.88,561.0,0
97474,63.12,7.09,75.56,54.0,0
61162,67.78,10.71,77.31,260.0,0
40131,51.9,7.62,44.21,494.0,0
49188,52.52,12.89,44.35,403.0,0
42835,66.91,9.3,87.09,595.0,0
63845,62.14,1.91,67.06,325.0,0
84449,73.18,6.26,57.31,119.0,0
1658,54.72,8.55,53.16,922.0,0
10420,52.92,19.09,82.98,895.0,0
27379,56.62,4.15,58.55,534.0,0
85272,89.94,22.25,83.76,103.0,0
69043,65.13,8.54,59.06,305.0,0
61807,56.45,14.23,87.51,353.0,0
92619,57.47,14.83,87.81,0.0,1
33523,61.5,9.17,100.0,554.0,0
42503,55.67,3.87,53.06,464.0,0
51730,72.67,14.73,92.0,428.0,0
5836,58.47,7.37,53.34,838.0,0
47615,70.9,6.59,81.25,455.0,0
43949,64.07,19.5,51.37,562.0,0
11200,42.13,7.83,73.22,886.0,0
68253,54.08,8.32,89.85,255.0,0
86203,70.33,8.81,86.61,65.0,0
93974,78.63,3.87,91.24,0.0,1
41686,70.94,19.35,63.04,483.0,0
19007,45.74,6.41,74.44,792.0,0
63677,61.35,14.01,73.79,292.0,0
431,53.19,7.78,59.79,908.0,0
3642,55.86,14.98,56.51,890.0,0
44486,72.91,14.88,100.0,488.0,0
3778,70.4,6.14,77.29,985.0,0
71898,71.81,13.07,100.0,292.0,0
90577,67.85,10.1,58.37,0.0,1
71020,78.59,10.05,84.9,194.0,0
90030,74.01,12.46,63.65,65.0,0
66985,61.56,12.53,33.77,280.0,0
11024,54.06,2.16,73.35,779.0,0
54987,49.68,14.73,65.56,379.0,0
28153,58.94,2.75,44.7,665.0,0
88948,61.2,8.33,79.8,87.0,0
86535,56.63,11.9,58.92,88.0,0
1170,64.83,19.9,59.61,904.0,0
21991,54.89,12.44,49.76,755.0,0
11723,56.92,7.57,100.0,836.0,0
44408,67.66,7.13,67.38,475.0,0
9502,78.82,8.55,96.7,842.0,0
21847,39.51,-2.96,79.49,766.0,0
24909,79.75,13.16,71.77,718.0,0
47012,59.11,16.61,85.37,451.0,0
11248,95.54,2.07,77.58,734.0,0
794,48.02,9.65,59.02,875.0,0
91924,62.08,8.58,100.0,43.0,0
3200,69.8,13.22,69.97,937.0,0
29321,45.69,9.28,67.06,620.0,0
93494,72.23,12.55,58.05,0.0,1
589,63.13,13.94,44.93,923.0,0
99148,68.93,9.55,75.45,0.0,1
32814,63.92,13.76,83.32,614.0,0
15442,57.39,0.94,65.46,788.0,0
64572,60.16,17.49,25.28,272.0,0
61314,58.65,3.66,86.1,317.0,0
82705,72.69,15.85,87.9,145.0,0
97200,55.0,10.94,80.87,30.0,0
70046,52.53,6.47,36.82,255.0,0
98067,52.58,9.41,71.52,0.0,1
75492,56.02,8.51,70.5,194.0,0
40986,40.13,10.75,60.22,526.0,0
28743,63.5,6.46,100.0,740.0,0
29617,51.99,13.36,55.91,583.0,0
20882,44.71,5.71,72.53,757.0,0
2457,46.7,11.18,45.54,894.0,0
93738,85.73,14.85,70.2,10.0,0
62164,72.64,8.14,45.64,313.0,0
17024,53.39,9.67,54.68,810.0,0
11089,63.13,7.75,76.37,796.0,0
30772,70.64,10.15,76.9,625.0,0
31453,65.13,12.38,46.94,581.0,0
27829,57.58,9.33,83.7,643.0,0
8001,57.71,13.14,67.3,853.0,0
3931,58.4,5.72,73.07,921.0,0
29860,60.39,16.26,82.3,612.0,0
72856,92.41,16.99,100.0,196.0,0
69982,39.27,10.72,39.59,261.0,0
19701,72.86,8.71,57.07,780.0,0
33787,72.56,3.97,87.34,644.0,0
15758,68.92,13.43,76.14,638.0,0
51719,63.11,4.02,99.12,404.0,0
16116,35.76,1.76,64.45,877.0,0
83242,61.51,10.25,75.15,120.0,0
23076,66.4,5.49,44.09,752.0,0
3960,68.5,7.17,100.0,866.0,0
17850,58.08,5.52,98.65,813.0,0
83561,75.4,16.03,83.58,167.0,0
16952,64.18,-0.18,98.12,855.0,0
66669,44.63,12.86,43.29,338.0,0
22329,43.27,-2.41,100.0,734.0,0
81752,66.94,0.38,47.93,124.0,0
35713,68.56,13.69,69.92,519.0,0
3624,59.47,5.73,62.74,834.0,0
47802,56.19,14.03,81.14,462.0,0
1851,69.61,6.55,67.16,978.0,0
93612,37.72,10.8,39.08,69.0,0
17913,63.73,14.29,70.4,720.0,0
18672,56.81,6.97,71.58,759.0,0
91541,69.2,15.74,74.94,41.0,0
50110,70.83,0.38,93.29,451.0,0
54449,80.09,14.02,53.93,378.0,0
43182,36.36,12.36,61.76,502.0,0
27862,75.35,0.13,48.14,629.0,0
37608,92.18,7.72,91.99,659.0,0
99907,37.0,14.46,84.14,8.0,0
41209,55.2,0.43,59.34,508.0,0
96621,64.97,8.69,71.16,2.0,1
41525,29.44,9.19,50.69,530.0,0
8759,29.94,5.43,98.38,853.0,0
82709,59.36,6.11,83.12,81.0,0
63243,50.76,6.05,87.81,297.0,0
58036,56.06,14.93,70.86,333.0,0
99474,40.68,8.38,78.33,0.0,1
8358,49.43,20.6,63.49,845.0,0
17546,44.89,13.16,68.46,796.0,0
88658,92.52,9.95,75.51,72.0,0
58054,57.11,16.52,82.34,397.0,0
99613,60.58,13.2,75.73,0.0,1
74154,44.52,18.57,63.48,150.0,0
28314,52.5,20.49,25.93,726.0,0
99459,63.42,16.47,87.21,0.0,1
13469,57.91,12.99,44.06,891.0,0
22184,51.36,11.87,100.0,739.0,0
95305,64.69,12.98,81.44,0.0,1
77034,49.99,17.84,50.3,118.0,0
56322,69.7,15.43,95.88,426.0,0
83498,62.75,16.54,56.54,119.0,0
57876,77.49,7.07,79.82,393.0,0
94133,69.02,10.25,39.59,107.0,0
41520,47.44,20.76,88.48,493.0,0
52875,60.71,20.96,69.78,384.0,0
90445,75.21,18.78,21.98,24.0,0
19619,46.79,13.96,87.06,810.0,0
72267,87.69,6.05,72.84,243.0,0
92396,31.89,18.63,71.4,76.0,0
19391,60.17,9.9,80.62,765.0,0
10200,54.12,3.83,74.22,926.0,0
42499,51.36,6.86,44.5,517.0,0
43389,75.8,6.34,57.85,537.0,0
48560,61.44,14.45,93.7,483.0,0
41124,46.09,13.89,50.36,612.0,0
4278,69.19,6.48,48.79,974.0,0
5762,68.7,13.32,36.49,930.0,0
62808,72.02,11.96,82.23,313.0,0
40072,60.19,-2.43,65.27,587.0,0
86012,53.61,17.51,12.12,162.0,0
3653,52.06,12.76,59.22,1013.0,0
54322,35.55,6.81,63.85,457.0,0
71401,66.36,3.94,41.3,239.0,0
30878,38.8,15.46,98.79,708.0,0
71838,42.18,11.74,70.25,166.0,0
83625,35.68,6.7,78.89,146.0,0
21999,70.24,19.78,82.77,643.0,0
99008,44.94,12.13,82.1,0.0,1
43092,74.0,14.56,55.57,550.0,0
65642,75.71,8.66,85.06,312.0,0
95769,52.78,14.92,42.48,39.0,0
16225,42.54,14.49,100.0,707.0,0
66426,77.87,9.18,52.1,301.0,0
82271,47.23,8.81,74.94,103.0,0
73943,44.12,10.04,54.59,200.0,0
61242,77.69,5.68,78.59,280.0,0
98863,83.41,9.89,35.62,0.0,1
38498,72.48,5.31,72.19,617.0,0
44254,66.3,6.83,81.93,451.0,0
52438,76.6,10.54,53.47,444.0,0
57848,58.2,12.56,59.15,411.0,0
11912,72.63,13.46,47.27,815.0,0
5951,49.65,13.08,40.89,892.0,0
90204,40.27,11.76,53.26,3.0,1
97131,65.84,5.79,45.55,40.0,0
3285,55.41,21.27,59.08,898.0,0
41886,69.32,17.85,39.05,529.0,0
62467,51.88,15.19,36.6,343.0,0
73415,82.66,9.38,50.4,204.0,0
22970,60.83,16.41,82.07,755.0,0
44608,76.42,11.64,65.83,438.0,0
81876,86.11,16.06,97.89,98.0,0
96341,28.14,10.94,58.6,32.0,0
77288,64.67,13.85,71.9,212.0,0
87602,79.14,12.68,78.99,32.0,0
48152,44.65,16.81,87.62,395.0,0
22641,69.95,10.75,44.28,778.0,0
48595,71.27,-0.17,100.0,512.0,0
1761,49.02,6.35,60.36,913.0,0
14757,54.01,11.87,47.29,840.0,0
73353,66.83,6.37,89.57,242.0,0
74617,50.7,7.67,75.81,252.0,0
14616,65.63,15.75,76.25,823.0,0
71079,59.82,13.39,48.49,227.0,0
14015,49.78,11.25,66.62,724.0,0
51500,61.56,14.72,48.21,381.0,0
22443,55.84,15.3,41.22,782.0,0
87582,41.61,10.23,71.56,57.0,0
56680,78.06,13.18,79.15,444.0,0
96768,60.82,8.06,61.57,0.0,1
7033,67.78,7.45,79.57,906.0,0
528,59.37,11.1,85.78,994.0,0
11761,58.24,7.32,100.0,927.0,0
82858,36.78,9.41,100.0,103.0,0
92800,66.88,16.11,94.47,15.0,0
36976,62.08,3.13,90.91,568.0,0
1328,52.0,9.38,76.1,828.0,0
96636,63.59,7.46,72.32,3.0,1
12365,77.16,5.91,17.48,835.0,0
10905,86.0,13.72,84.1,838.0,0
33853,32.33,16.92,69.89,579.0,0
82829,32.51,15.58,51.94,232.0,0
50699,37.62,10.81,56.3,423.0,0
43748,38.97,17.69,76.16,566.0,0
18986,64.48,11.89,79.36,776.0,0
38375,67.59,10.12,83.25,484.0,0
5733,71.11,3.11,56.98,893.0,0
63427,68.81,9.4,33.78,347.0,0
40754,53.53,0.3,88.24,489.0,0
52432,31.82,3.1,51.06,633.0,0
26195,100.73,18.67,100.0,682.0,0
98649,52.91,10.54,54.92,0.0,1
75350,58.46,2.87,83.9,179.0,0
73648,40.01,4.84,59.48,318.0,0
8371,82.38,17.04,21.66,837.0,0
80731,71.4,8.86,82.09,172.0,0
33234,48.24,13.16,70.6,607.0,0
70961,42.42,7.65,56.88,245.0,0
81366,45.92,6.28,26.99,123.0,0
90009,69.18,-0.12,61.79,77.0,0
90795,60.92,11.61,100.0,14.0,0
26501,90.81,4.36,51.31,674.0,0
95161,44.85,15.03,89.11,0.0,1
39479,43.47,7.73,45.92,550.0,0
7476,52.99,13.93,68.99,839.0,0
90101,49.59,10.89,64.46,156.0,0
60341,64.84,7.06,78.81,381.0,0
6495,59.83,11.73,100.0,820.0,0
71422,61.81,5.18,64.77,328.0,0
76796,68.61,6.89,75.09,160.0,0
81373,49.92,4.15,62.12,77.0,0
53399,70.74,10.45,63.87,425.0,0
20601,56.87,10.04,100.0,730.0,0
1200,80.06,7.56,87.88,992.0,0
2751,70.99,17.24,80.7,909.0,0
41045,46.86,9.92,65.1,560.0,0
89130,78.65,6.31,100.0,73.0,0
72015,59.54,10.63,59.51,239.0,0
37132,65.99,10.13,86.84,568.0,0
51906,66.04,10.26,56.28,483.0,0
96669,102.81,3.65,64.24,0.0,1
76226,52.74,3.64,66.27,172.0,0
11711,65.13,4.74,73.76,816.0,0
81905,58.44,10.85,62.23,43.0,0
30883,83.53,3.2,46.59,683.0,0
66160,63.54,8.36,16.56,379.0,0
66519,67.33,15.36,41.62,316.0,0
3360,80.38,5.76,92.18,873.0,0
52198,57.02,9.08,63.24,465.0,0
54282,76.17,6.53,65.58,431.0,0
38864,80.63,7.41,66.91,429.0,0
78861,44.56,-2.41,100.0,110.0,0
97086,81.58,8.05,68.93,0.0,1
65335,33.29,9.32,88.31,359.0,0
71018,36.71,13.6,58.86,191.0,0
33661,71.1,9.88,55.01,612.0,0
57418,36.66,3.72,79.08,454.0,0
62210,56.32,4.18,81.33,326.0,0
63702,41.2,1.21,63.56,318.0,0
76981,65.15,13.97,67.47,186.0,0
25132,61.43,12.65,51.15,667.0,0
39394,69.96,11.72,78.07,579.0,0
64032,65.15,1.45,82.79,290.0,0
23821,68.48,4.19,60.59,771.0,0
98782,53.65,12.56,67.36,0.0,1
98460,94.09,6.02,50.71,0.0,1
29156,69.05,8.65,41.67,587.0,0
16169,54.45,4.55,63.72,889.0,0
17680,77.82,10.08,73.06,750.0,0
12749,25.6,7.5,98.74,822.0,0
58935,44.71,6.27,73.42,348.0,0
820,80.75,-3.76,70.36,924.0,0
14709,58.14,15.4,87.37,851.0,0
58147,71.22,11.45,73.37,364.0,0
38631,73.52,6.62,45.08,554.0,0
61643,93.36,3.78,63.5,377.0,0
5821,46.18,8.0,60.43,970.0,0
6061,72.09,11.16,85.71,779.0,0
39877,89.65,4.6,55.38,628.0,0
32298,63.89,6.73,79.36,678.0,0
11505,60.95,13.63,76.19,817.0,0
3148,65.35,-1.82,77.89,926.0,0
13693,59.23,12.37,78.9,887.0,0
59142,47.95,17.27,61.2,357.0,0
93388,21.37,12.6,52.54,8.0,0
85101,97.23,9.52,54.16,131.0,0
2062,50.87,11.7,58.39,1054.0,0
92020,56.23,17.51,59.49,72.0,0
54172,61.32,4.98,78.26,449.0,0
49113,53.43,12.65,56.47,495.0,0
92122,46.01,10.46,52.68,26.0,0
97075,26.08,12.26,53.72,21.0,0
513,54.7,5.62,74.87,995.0,0
19859,63.6,10.45,52.27,745.0,0
27705,74.51,0.89,42.29,734.0,0
97282,73.17,13.26,82.46,0.0,1
69807,52.35,14.99,46.63,204.0,0
52281,51.22,11.19,90.67,357.0,0
1822,65.87,16.03,64.8,847.0,0
65205,67.9,9.87,54.97,281.0,0
46598,60.59,20.04,57.82,422.0,0
60459,60.1,15.57,61.43,313.0,0
54521,65.85,13.75,67.58,409.0,0
29352,73.57,8.22,46.2,660.0,0
38411,54.76,10.86,39.32,547.0,0
61885,56.97,8.59,82.02,373.0,0
73406,83.43,13.2,56.35,232.0,0
92806,64.99,11.06,32.64,0.0,1
12976,47.53,4.92,54.44,777.0,0
39936,45.32,-1.66,47.25,665.0,0
50446,51.31,8.45,87.52,384.0,0
5584,63.09,8.19,60.92,931.0,0
38092,47.19,12.83,100.0,540.0,0
80686,64.16,7.56,67.67,123.0,0
71972,62.55,10.11,73.19,284.0,0
94294,42.79,13.83,39.18,0.0,1
33346,53.26,10.63,56.4,685.0,0
14830,62.39,10.2,25.26,806.0,0
94229,53.7,13.47,67.8,36.0,0
93850,33.45,8.33,48.24,82.0,0
96954,46.14,13.2,45.83,37.0,0
40538,30.39,7.71,96.58,528.0,0
27848,53.74,13.69,84.22,641.0,0
63812,68.55,1.69,100.0,380.0,0
59198,63.35,9.9,63.31,346.0,0
3380,63.87,17.31,62.99,869.0,0
60842,72.04,12.48,55.89,245.0,0
28699,20.38,13.37,82.04,670.0,0
44107,76.41,9.48,76.32,495.0,0
69711,81.9,11.1,48.53,275.0,0
5942,70.26,5.08,73.57,830.0,0
12973,45.27,13.77,75.17,808.0,0
82378,54.22,16.52,100.0,239.0,0
74840,59.99,17.57,70.9,189.0,0
36147,53.87,16.97,31.95,590.0,0
52930,45.34,9.82,66.61,374.0,0
45750,81.1,13.83,49.0,491.0,0
34791,60.73,2.1,79.26,628.0,0
78598,81.19,6.43,56.33,184.0,0
45415,50.22,10.99,60.37,511.0,0
51814,59.46,10.53,79.25,379.0,0
94626,63.75,15.17,74.97,16.0,0
92564,69.16,-1.75,60.26,73.0,0
19298,49.57,11.7,72.17,797.0,0
6763,48.42,11.8,38.88,859.0,0
96030,67.22,14.33,75.62,0.0,1
64088,64.82,6.35,65.15,361.0,0
63195,54.61,10.39,68.84,344.0,0
21236,66.55,9.88,64.02,726.0,0
78204,66.85,2.08,75.31,157.0,0
31379,50.08,8.36,45.52,776.0,0
46403,27.63,10.98,72.82,540.0,0
4737,66.45,2.54,85.37,843.0,0
33556,13.62,15.41,87.26,670.0,0
33001,41.71,10.88,78.35,565.0,0
49882,53.52,14.77,86.09,425.0,0
68747,78.99,12.28,49.78,273.0,0
84866,39.89,10.77,86.36,13.0,0
91129,53.96,6.69,59.07,45.0,0
56839,54.09,8.94,71.78,329.0,0
88185,55.13,1.0,97.47,111.0,0
20494,80.11,10.71,100.0,726.0,0
89200,64.2,11.9,72.37,27.0,0
9363,71.77,18.55,54.57,824.0,0
56971,81.05,7.99,72.85,289.0,0
19766,66.93,14.89,55.21,666.0,0
98262,56.03,2.03,83.45,0.0,1
95221,64.9,13.29,68.12,0.0,1
75174,62.04,19.64,49.64,189.0,0
44191,95.63,6.78,81.42,499.0,0
7438,49.97,8.41,48.33,920.0,0
85706,50.33,10.04,96.3,55.0,0
22772,82.33,8.65,74.38,690.0,0
52992,65.88,3.33,81.69,428.0,0
28957,56.31,4.92,85.73,615.0,0
32386,78.47,13.04,83.44,597.0,0
76923,60.82,7.01,51.99,222.0,0
23933,71.75,3.59,90.08,715.0,0
27751,56.01,10.45,67.96,632.0,0
35355,60.69,4.0,100.0,662.0,0
37514,77.95,6.24,73.2,572.0,0
7031,67.38,9.71,73.6,846.0,0
72049,66.83,5.07,88.37,218.0,0
51860,45.9,4.33,30.99,506.0,0
15980,74.55,15.86,69.61,792.0,0
16570,60.28,-1.04,59.83,837.0,0
35314,62.58,7.8,48.99,586.0,0
30959,49.58,15.47,96.03,607.0,0
43681,65.9,21.25,62.84,499.0,0
25143,70.46,9.87,64.61,690.0,0
62216,53.13,12.38,56.66,302.0,0
81604,34.49,10.85,62.79,195.0,0
18193,65.37,19.68,43.22,765.0,0
11019,54.29,8.47,76.71,833.0,0
36007,77.83,2.39,42.16,523.0,0
40258,57.54,10.57,74.52,469.0,0
62332,66.61,0.45,49.31,300.0,0
26983,42.06,0.8,90.19,692.0,0
1708,51.19,11.84,58.72,968.0,0
89918,64.07,7.11,100.0,63.0,0
18319,83.14,8.67,99.97,693.0,0
70012,32.51,9.46,73.49,266.0,0
50108,57.77,10.7,45.46,432.0,0
30898,94.87,4.3,48.5,544.0,0
18422,51.35,16.85,69.97,841.0,0
78950,63.55,16.61,80.97,163.0,0
16062,68.77,6.84,73.88,802.0,0
81101,49.31,8.6,52.4,195.0,0
18986,65.39,9.74,45.28,688.0,0
63289,72.64,1.11,28.37,332.0,0
33843,55.61,7.4,35.98,545.0,0
24280,64.84,11.78,63.52,728.0,0
12873,57.59,2.22,47.25,824.0,0
82655,46.2,14.3,83.38,56.0,0
64062,57.66,18.87,32.78,313.0,0
34567,53.07,12.83,63.36,576.0,0
17975,70.91,12.52,100.0,644.0,0
35220,54.8,7.05,48.65,603.0,0
99187,70.31,8.49,42.62,0.0,1
59073,48.76,14.54,58.65,367.0,0
26901,73.0,19.54,60.13,709.0,0
99580,83.68,12.69,48.44,0.0,1
51196,54.49,7.65,85.11,465.0,0
8504,43.67,5.32,67.65,841.0,0
87686,52.82,9.79,68.7,82.0,0
31542,53.85,11.59,87.16,668.0,0
48697,79.53,10.14,87.96,372.0,0
60081,70.16,5.53,13.02,302.0,0
57447,50.21,8.82,86.87,345.0,0
98684,88.24,6.03,64.49,0.0,1
97040,85.71,9.61,53.84,0.0,1
55531,54.1,12.68,100.0,302.0,0
15076,41.82,5.82,42.98,835.0,0
28788,39.42,13.98,72.78,637.0,0
74959,43.76,6.55,78.41,215.0,0
84069,63.16,4.4,100.0,182.0,0
49885,66.93,17.4,48.0,409.0,0
2411,44.37,13.78,86.03,943.0,0
72404,47.78,15.52,42.43,300.0,0
35895,58.66,16.21,76.09,552.0,0
37041,62.8,16.86,93.77,553.0,0
42778,38.82,12.18,100.0,603.0,0
92955,39.84,11.51,91.21,0.0,1
56518,57.14,24.3,75.7,390.0,0
69491,60.66,10.81,100.0,223.0,0
52121,55.8,7.6,65.98,404.0,0
49351,66.51,8.13,98.96,413.0,0
80929,87.01,13.74,73.29,160.0,0
50401,64.81,2.87,41.41,479.0,0
10649,93.44,8.61,74.42,832.0,0
15742,94.25,10.23,80.11,804.0,0
74873,76.74,5.47,85.71,165.0,0
54972,35.59,22.67,60.98,416.0,0
36040,49.47,2.46,74.51,734.0,0
74376,69.06,11.59,82.78,137.0,0
27274,32.69,16.74,76.9,711.0,0
63473,51.1,5.62,31.13,410.0,0
52412,70.51,7.82,49.46,404.0,0
69791,49.52,10.39,72.71,288.0,0
63999,62.56,-1.85,94.55,341.0,0
49099,72.48,-2.31,70.61,414.0,0
91548,49.98,-0.54,72.46,36.0,0
55611,52.81,12.38,57.38,432.0,0
19875,40.58,0.98,75.75,739.0,0
19702,77.31,12.44,79.77,731.0,0
25305,50.21,15.47,81.96,666.0,0
42650,38.16,16.34,85.58,548.0,0
15061,64.69,14.79,79.93,860.0,0
23393,54.25,19.53,99.7,653.0,0
76270,73.28,11.13,77.59,145.0,0
63399,93.12,13.95,68.54,387.0,0
35746,50.71,2.45,61.27,634.0,0
88704,81.52,4.44,40.67,0.0,1
74892,59.76,3.13,37.58,121.0,0
29821,33.13,7.6,85.41,604.0,0
39795,67.77,8.97,47.48,539.0,0
21704,73.6,9.11,72.0,643.0,0
22220,41.28,14.54,83.8,879.0,0
30041,41.86,5.55,84.67,697.0,0
54914,54.13,11.19,67.98,356.0,0
85370,91.68,14.6,71.08,70.0,0
53300,61.54,14.16,64.59,369.0,0
8741,87.65,9.15,70.26,823.0,0
99147,59.82,14.9,59.65,0.0,1
67720,59.71,-3.92,42.66,331.0,0
29443,48.6,4.72,62.93,581.0,0
88667,56.65,16.45,87.06,79.0,0
3591,95.77,8.59,85.21,975.0,0
10509,57.41,12.6,49.11,871.0,0
71113,31.98,6.77,84.73,313.0,0
76674,68.46,12.92,65.75,89.0,0
75572,58.75,6.47,36.34,181.0,0
51210,84.99,9.96,40.34,382.0,0
93148,76.5,6.31,74.39,21.0,0
23900,42.44,14.37,44.39,679.0,0
61687,62.63,12.31,56.01,282.0,0
26291,27.56,10.59,56.1,683.0,0
41213,55.79,7.58,67.85,608.0,0
75227,85.59,7.25,68.34,157.0,0
31494,46.44,14.74,76.73,602.0,0
82501,53.18,3.67,87.41,159.0,0
11393,44.8,21.3,72.38,841.0,0
54386,50.24,10.06,75.12,416.0,0
62004,64.74,3.17,70.95,411.0,0
7875,79.04,16.32,67.73,842.0,0
41529,52.11,10.03,100.0,537.0,0
73332,74.85,14.61,52.76,215.0,0
57639,46.98,19.57,36.75,326.0,0
84482,69.73,12.01,97.17,90.0,0
38829,65.36,10.17,18.88,478.0,0
76347,39.51,9.95,79.58,215.0,0
82576,81.08,5.87,100.0,103.0,0
13985,73.01,10.7,55.6,829.0,0
76410,57.08,14.83,44.6,298.0,0
76675,67.14,1.45,55.74,178.0,0
65727,78.49,15.81,79.51,281.0,0
47157,32.99,11.59,52.23,441.0,0
29987,57.38,6.15,16.42,582.0,0
72326,82.07,9.11,82.08,98.0,0
27618,45.37,13.9,84.81,676.0,0
58533,78.11,11.74,34.05,365.0,0
7599,52.63,17.3,49.57,848.0,0
47439,68.12,5.23,68.58,461.0,0
28444,58.52,7.86,61.6,649.0,0
76990,81.17,1.88,69.79,269.0,0
32942,49.67,15.83,82.66,692.0,0
29384,60.09,16.98,57.62,572.0,0
19570,77.91,-3.28,53.74,784.0,0
56885,66.67,8.04,57.0,455.0,0
52992,72.0,11.65,92.8,349.0,0
8814,70.15,16.35,76.76,909.0,0
67031,66.25,21.25,86.15,237.0,0
13615,77.16,16.68,83.97,748.0,0
29849,50.39,-5.8,67.35,695.0,0
81646,28.51,3.89,74.8,223.0,0
53057,82.38,4.08,47.55,417.0,0
62516,44.42,3.21,36.85,313.0,0
17403,56.55,7.4,69.2,743.0,0
3742,72.3,15.06,88.39,878.0,0
22173,29.51,7.63,100.0,704.0,0
91494,53.19,7.7,62.96,106.0,0
2193,73.31,11.56,78.35,914.0,0
67492,47.45,9.2,64.01,316.0,0
32293,52.62,16.93,67.27,668.0,0
49281,72.01,18.8,81.39,489.0,0
79904,62.13,21.87,95.25,153.0,0
81531,44.52,7.04,100.0,121.0,0
9450,54.98,-2.75,68.31,922.0,0
7349,79.14,11.35,74.01,791.0,0
62632,50.37,11.34,91.29,273.0,0
86305,74.61,-1.28,93.72,92.0,0
72424,56.58,5.83,63.18,216.0,0
62858,49.44,7.88,92.5,401.0,0
31468,24.94,15.61,51.62,684.0,0
19985,63.78,4.98,84.86,798.0,0
10079,73.39,7.49,81.79,854.0,0
74109,42.72,13.4,61.0,208.0,0
77396,57.27,12.31,58.08,161.0,0
19209,75.24,6.66,77.59,744.0,0
74442,81.1,12.13,68.27,159.0,0
68581,62.84,9.56,56.4,292.0,0
56066,74.98,5.47,75.99,363.0,0
23209,58.2,6.12,22.86,708.0,0
23070,68.57,13.25,47.61,720.0,0
76626,74.41,10.45,84.91,154.0,0
68893,46.86,10.74,57.25,306.0,0
96108,66.03,8.58,43.58,0.0,1
39916,52.2,8.51,66.93,615.0,0
44460,50.3,13.06,56.81,514.0,0
14504,87.55,9.51,100.0,762.0,0
3721,70.32,14.57,50.22,796.0,0
20500,80.95,-1.41,99.93,707.0,0
80751,82.02,19.06,44.81,85.0,0
94578,67.22,16.11,61.04,0.0,1
34461,84.61,11.43,90.85,640.0,0
33393,64.13,12.11,76.71,579.0,0
8671,57.35,3.69,78.81,804.0,0
90445,74.55,10.56,44.68,42.0,0
88718,71.35,13.85,76.01,71.0,0
9322,81.94,19.88,22.95,772.0,0
47445,40.92,2.62,80.2,402.0,0
53146,65.22,5.06,91.83,472.0,0
66795,20.24,7.05,67.25,393.0,0
20006,70.51,9.55,87.58,722.0,0
23327,60.55,9.5,63.79,665.0,0
5044,33.44,-0.28,45.6,903.0,0
5268,72.02,19.51,69.9,881.0,0
46687,76.24,11.69,93.84,413.0,0
61742,68.0,8.83,68.13,388.0,0
1683,39.03,10.19,53.83,941.0,0
64297,50.94,16.97,57.47,295.0,0
82982,76.99,5.93,100.0,213.0,0
81315,59.2,18.46,51.02,36.0,0
50564,41.41,8.43,54.5,447.0,0
51250,42.31,6.08,59.45,451.0,0
93528,55.44,-0.13,72.7,0.0,1
61090,57.37,7.14,37.33,362.0,0
26136,64.1,11.14,76.15,723.0,0
90802,58.57,7.16,63.38,42.0,0
32115,73.5,11.03,88.51,674.0,0
6372,56.19,6.91,71.9,883.0,0
83006,71.35,15.42,71.76,59.0,0
53221,54.42,10.14,100.0,356.0,0
70222,59.96,16.25,57.41,246.0,0
11763,81.96,5.61,93.83,854.0,0
16604,54.75,3.97,57.52,790.0,0
94016,26.6,10.72,49.16,23.0,0
83963,52.02,3.66,99.2,92.0,0
84080,75.98,8.04,79.57,127.0,0
6061,70.15,11.06,82.32,852.0,0
67581,56.4,12.7,53.87,180.0,0
19064,45.19,18.62,45.38,750.0,0
17275,80.38,-0.82,78.13,725.0,0
72504,81.65,14.06,34.22,299.0,0
37219,58.76,4.71,19.66,516.0,0
29171,78.64,18.76,71.05,648.0,0
75492,61.61,21.5,92.45,143.0,0
86299,59.33,14.95,69.93,96.0,0
88479,67.05,-4.65,96.43,48.0,0
39475,47.15,6.41,57.23,488.0,0
14512,69.17,12.09,80.97,872.0,0
16688,60.94,11.86,64.4,752.0,0
85689,44.81,8.6,71.83,119.0,0
66950,61.83,10.82,38.68,207.0,0
93685,42.29,11.36,70.56,80.0,0
33711,41.88,14.22,71.2,577.0,0
9980,51.53,12.06,63.77,835.0,0
74826,19.04,10.42,72.3,237.0,0
69135,41.94,9.14,48.09,208.0,0
1929,91.75,15.96,76.36,823.0,0
68462,42.18,4.48,65.44,221.0,0
80167,60.54,7.98,80.25,194.0,0
40278,76.46,9.32,75.58,562.0,0
56756,50.8,14.44,48.19,411.0,0
15502,61.28,13.44,89.03,782.0,0
54958,62.59,3.84,51.85,364.0,0
96961,51.75,5.63,85.38,45.0,0
4405,42.49,14.18,65.57,828.0,0
85583,51.42,11.01,61.66,0.0,1
72045,81.71,8.03,88.32,168.0,0
57200,57.17,5.21,52.85,432.0,0
89764,76.04,10.44,71.28,0.0,1
91303,15.93,4.31,87.05,81.0,0
34153,79.29,9.64,76.22,623.0,0
51229,34.8,12.81,71.28,433.0,0
80573,70.99,6.2,87.79,106.0,0
90429,76.2,19.6,64.71,125.0,0
23524,56.65,15.6,78.87,727.0,0
31551,70.34,10.98,79.71,552.0,0
45397,63.42,5.44,79.15,443.0,0
66834,66.95,8.18,59.27,301.0,0
55247,59.46,20.92,96.81,377.0,0
95517,90.67,7.48,67.95,4.0,1
25363,68.92,10.94,63.39,628.0,0
12518,81.34,6.52,88.05,964.0,0
32438,61.21,11.92,20.27,646.0,0
32745,38.66,17.58,78.36,655.0,0
66142,60.22,0.22,55.51,350.0,0
55559,72.85,12.22,36.84,408.0,0
25355,49.49,17.14,64.75,676.0,0
74830,20.8,17.61,75.15,186.0,0
9637,93.07,3.36,100.0,813.0,0
39277,42.91,8.87,50.09,615.0,0
57672,38.67,5.35,61.05,477.0,0
93130,60.28,10.33,47.85,0.0,1
46574,61.65,8.53,75.1,535.0,0
920,68.42,17.62,48.04,884.0,0
3808,46.14,10.47,77.83,904.0,0
83247,58.29,9.72,86.49,63.0,0
9165,74.83,11.71,92.79,832.0,0
59104,51.36,0.54,74.97,370.0,0
3116,46.71,6.34,60.23,984.0,0
46612,67.3,11.15,74.87,544.0,0
96113,93.59,5.75,66.33,3.0,1
51420,56.61,7.51,51.77,456.0,0
87377,39.36,6.67,45.69,0.0,1
91749,69.64,10.16,89.63,40.0,0
84124,43.95,5.83,100.0,55.0,0
89599,53.08,4.85,68.45,129.0,0
82818,85.85,9.68,67.14,72.0,0
54030,57.45,-0.47,45.45,408.0,0
70031,63.3,7.91,64.0,173.0,0
87610,75.27,9.48,88.51,90.0,0
29368,40.04,7.97,58.17,722.0,0
25974,74.87,10.4,79.11,750.0,0
74333,42.68,21.12,73.96,152.0,0
2983,39.91,9.74,76.96,962.0,0
84964,50.44,6.51,52.09,173.0,0
15257,45.06,18.47,60.17,780.0,0
16943,55.99,0.04,62.08,681.0,0
97113,39.52,14.68,39.28,0.0,1
1990,40.28,3.23,55.1,982.0,0
29301,48.5,8.88,82.7,598.0,0
31851,67.0,4.23,77.8,629.0,0
29013,67.7,9.08,60.84,527.0,0
60412,39.11,4.1,71.82,434.0,0
76734,82.03,10.86,55.67,174.0,0
60209,43.38,8.97,32.81,302.0,0
18389,47.94,3.8,87.44,786.0,0
85183,36.21,9.4,33.98,88.0,0
79400,80.59,6.75,59.71,177.0,0
57765,63.83,9.12,75.9,309.0,0
25516,72.84,3.35,73.0,660.0,0
3536,77.5,6.9,100.0,894.0,0
29691,60.22,17.5,65.34,642.0,0
13279,50.87,10.74,26.51,830.0,0
82920,41.31,5.78,100.0,133.0,0
34068,65.32,10.67,40.34,695.0,0
51718,63.17,12.97,45.96,386.0,0
34839,71.11,6.97,80.46,575.0,0
25381,60.03,10.39,68.96,605.0,0
39397,67.98,10.32,45.23,533.0,0
31350,63.02,17.62,92.27,705.0,0
71127,59.94,5.77,53.46,195.0,0
59415,77.26,11.71,77.13,363.0,0
99304,34.95,6.62,70.28,12.0,0
93158,64.54,6.95,95.72,0.0,1
20768,62.59,10.66,64.38,680.0,0
18280,77.31,14.02,49.56,716.0,0
38774,23.76,17.96,42.37,523.0,0
10400,44.45,9.43,59.89,861.0,0
78970,75.7,7.62,70.27,147.0,0
3009,53.61,13.03,63.94,911.0,0
2700,48.33,11.73,80.99,904.0,0
18381,60.45,6.57,90.94,627.0,0
40791,42.49,-0.17,71.18,596.0,0
73927,73.61,11.74,84.95,175.0,0
47223,64.34,6.87,94.45,535.0,0
59279,76.99,18.5,66.77,343.0,0
83825,54.44,8.66,59.1,175.0,0
16854,65.71,10.58,78.19,810.0,0
40297,61.65,13.19,66.76,574.0,0
68600,45.56,13.02,39.44,348.0,0
52725,77.21,14.2,53.98,453.0,0
40414,66.85,22.43,34.0,533.0,0
89998,73.55,0.26,65.28,40.0,0
77452,60.02,12.61,77.99,135.0,0
46104,74.88,2.41,74.45,510.0,0
33734,55.33,9.65,49.14,616.0,0
36135,53.08,18.58,65.97,573.0,0
46213,66.38,12.71,76.36,470.0,0
53363,58.88,10.6,38.74,339.0,0
83995,65.37,15.37,76.98,166.0,0
16368,60.61,8.28,47.5,709.0,0
66732,72.06,15.07,60.09,282.0,0
55750,61.7,9.45,80.25,322.0,0
96505,76.7,15.12,66.88,3.0,1
47940,72.87,9.2,76.8,420.0,0
41088,66.47,17.79,61.48,579.0,0
90685,67.22,12.69,81.24,137.0,0
22602,40.27,6.6,72.77,737.0,0
58208,81.32,11.34,58.27,225.0,0
499,64.3,18.31,88.17,991.0,0
8409,52.65,0.48,62.79,936.0,0
27330,48.98,0.91,59.73,731.0,0
51561,80.44,11.33,54.66,437.0,0
45635,60.55,18.2,68.02,452.0,0
55456,89.54,12.53,43.99,311.0,0
90109,63.18,10.77,80.58,108.0,0
22222,34.93,5.82,100.0,800.0,0
73070,46.36,12.83,49.0,240.0,0
56332,58.04,1.6,80.22,400.0,0
69954,49.47,6.88,77.4,346.0,0
72848,57.15,9.96,57.93,228.0,0
388,58.24,4.35,52.44,967.0,0
61626,40.49,13.07,49.56,291.0,0
69215,79.9,12.39,78.65,297.0,0
12899,74.59,0.34,44.37,831.0,0
82529,59.02,10.25,75.74,160.0,0
97674,55.73,19.95,58.36,13.0,0
62861,64.52,18.64,90.71,329.0,0
84551,74.27,5.3,38.93,150.0,0
6645,51.11,16.32,62.01,927.0,0
80696,69.18,9.26,49.54,141.0,0
17465,67.0,12.34,100.0,806.0,0
41213,66.29,11.32,83.2,515.0,0
46171,53.99,18.38,72.0,501.0,0
63366,62.76,5.84,40.97,296.0,0
39153,69.26,11.58,29.54,565.0,0
85292,52.82,5.98,80.35,184.0,0
21603,41.75,11.73,31.93,663.0,0
70016,27.27,4.35,70.85,338.0,0
73781,63.59,13.2,86.04,283.0,0
62282,68.68,9.66,39.44,342.0,0
90808,47.94,7.92,57.53,0.0,1
23133,61.38,7.53,53.72,717.0,0
18910,63.12,13.27,51.82,834.0,0
51405,50.05,11.26,78.16,389.0,0
78273,51.13,9.28,92.14,145.0,0
70151,56.45,9.05,75.25,220.0,0
52443,76.68,15.61,41.33,370.0,0
96081,61.14,15.12,69.87,0.0,1
67423,71.62,7.38,66.09,280.0,0
26390,58.25,5.64,73.55,666.0,0
43459,56.08,12.44,47.85,535.0,0
8134,58.72,6.98,100.0,915.0,0
9005,40.71,9.34,72.15,878.0,0
46798,70.05,10.18,100.0,390.0,0
37177,60.79,3.86,80.67,615.0,0
54631,64.53,1.64,29.23,433.0,0
68391,58.51,7.24,84.32,277.0,0
35430,57.79,15.87,56.34,597.0,0
96545,32.3,18.72,42.91,0.0,1
57094,70.1,9.9,64.67,301.0,0
65632,51.77,6.7,46.17,280.0,0
13490,51.71,19.94,82.69,803.0,0
9802,94.34,12.62,74.77,763.0,0
92542,50.66,9.05,92.42,37.0,0
90896,55.31,10.08,96.53,99.0,0
78916,41.13,12.26,87.54,168.0,0
45139,79.34,13.11,46.56,383.0,0
32241,66.46,14.83,87.78,653.0,0
74877,93.37,14.27,61.67,198.0,0
99003,68.65,14.15,67.19,0.0,1
44028,69.19,6.9,64.84,449.0,0
5933,74.35,5.71,100.0,949.0,0
15914,54.3,3.98,69.65,886.0,0
38554,87.39,6.84,100.0,627.0,0
9071,62.05,6.36,91.88,855.0,0
1039,77.5,1.97,57.9,965.0,0
70664,62.34,6.66,61.95,153.0,0
66789,38.13,10.76,99.51,229.0,0
30703,54.53,15.25,97.58,622.0,0
37189,77.75,12.85,89.28,485.0,0
94188,65.6,14.45,61.59,-0.0,1
12807,51.69,1.07,74.76,858.0,0
99368,40.52,5.24,61.14,64.0,0
28895,62.08,11.54,100.0,652.0,0
68145,59.48,9.44,67.4,201.0,0
578,64.15,11.79,76.68,957.0,0
57473,54.28,19.65,55.99,189.0,0
92605,61.91,11.8,70.35,0.0,1
27236,86.12,16.87,71.05,695.0,0
13564,63.05,14.34,60.74,863.0,0
28194,44.59,3.38,78.6,704.0,0
3939,55.78,-2.23,67.36,899.0,0
65654,48.91,13.49,46.78,214.0,0
55675,59.81,-1.48,65.9,355.0,0
14082,82.11,8.45,56.4,827.0,0
26191,58.17,4.71,91.89,681.0,0
49188,52.77,19.41,69.61,488.0,0
24403,68.4,8.71,76.87,748.0,0
40876,50.07,6.32,44.49,526.0,0
8078,60.44,10.49,100.0,812.0,0
9815,56.49,11.37,67.53,798.0,0
88354,78.6,8.82,45.19,78.0,0
2694,73.41,16.42,79.42,894.0,0
68423,58.3,2.71,89.68,273.0,0
9393,77.1,11.55,89.11,886.0,0
54268,69.19,5.09,65.77,415.0,0
86237,67.81,16.13,65.4,125.0,0
48664,46.84,19.37,46.18,459.0,0
50655,50.03,7.48,61.05,342.0,0
49136,39.64,8.68,83.06,457.0,0
57619,73.22,5.52,86.27,358.0,0
56036,74.45,7.55,94.74,456.0,0
63232,73.89,5.17,50.45,339.0,0
54026,71.94,3.71,80.84,391.0,0
37396,58.49,8.94,72.46,535.0,0
46094,53.77,0.51,69.19,505.0,0
54600,55.61,15.55,77.3,382.0,0
97800,73.6,8.04,77.87,29.0,0
23232,62.22,6.06,82.13,779.0,0
8318,51.61,9.06,51.69,993.0,0
74116,37.3,1.04,99.3,179.0,0
7492,75.52,14.62,63.79,878.0,0
4776,63.69,8.7,55.08,868.0,0
8550,65.6,17.11,30.81,848.0,0
43844,73.77,12.65,53.98,508.0,0
97494,61.49,2.64,99.45,18.0,0
2774,63.38,4.97,100.0,952.0,0
29224,66.96,16.59,52.03,620.0,0
55023,50.55,0.06,29.21,442.0,0
98472,71.61,1.45,65.53,52.0,0
66309,71.75,15.16,100.0,272.0,0
48071,68.94,12.59,100.0,469.0,0
1877,100.93,8.18,91.55,826.0,0
11426,62.64,8.06,58.47,946.0,0
29026,92.3,3.65,63.28,635.0,0
84805,81.79,10.48,73.09,127.0,0
26146,52.14,24.39,80.53,632.0,0
4637,79.31,6.69,48.78,904.0,0
92442,40.12,13.51,82.21,121.0,0
17915,70.75,11.16,44.4,817.0,0
47540,41.97,6.82,25.94,442.0,0
24066,43.05,15.59,24.4,688.0,0
89885,78.74,7.1,94.27,0.0,1
82153,49.65,9.42,25.49,175.0,0
64606,54.96,6.25,100.0,255.0,0
94283,55.22,6.15,86.82,35.0,0
35970,64.25,7.85,57.67,580.0,0
93417,51.59,1.22,91.79,83.0,0
79040,95.11,5.22,100.0,150.0,0
81844,64.84,12.99,65.12,195.0,0
5422,66.44,0.65,80.25,893.0,0
26101,59.02,-1.59,75.11,686.0,0
86756,72.35,12.78,64.56,37.0,0
60729,64.9,10.13,92.92,270.0,0
9764,74.28,17.99,94.44,835.0,0
69822,48.94,6.75,78.41,303.0,0
16963,51.8,16.28,70.82,798.0,0
72633,54.85,8.4,92.64,313.0,0
28942,67.36,9.08,82.6,700.0,0
10978,89.95,11.01,72.56,805.0,0
54854,72.79,14.77,39.01,384.0,0
77880,91.24,3.56,83.48,196.0,0
11070,49.11,0.12,66.58,824.0,0
98271,80.4,14.28,75.08,0.0,1
4117,71.34,20.0,75.74,918.0,0
56069,43.89,16.4,61.44,373.0,0
28720,70.48,13.36,96.51,604.0,0
43779,87.56,0.94,71.56,560.0,0
57633,61.41,8.49,68.31,290.0,0
84292,65.99,8.9,75.83,191.0,0
57541,72.54,10.34,61.99,341.0,0
33839,46.52,8.81,84.67,603.0,0
73522,73.35,19.25,78.44,212.0,0
39385,54.83,16.11,27.62,527.0,0
4326,46.81,4.59,46.52,920.0,0
16981,57.71,14.21,100.0,785.0,0
47045,53.79,3.25,86.53,512.0,0
18518,50.73,16.0,65.05,848.0,0
86643,35.54,7.65,75.14,137.0,0
56801,78.32,12.38,72.31,334.0,0
60688,55.17,11.17,43.58,242.0,0
97378,72.19,4.75,26.82,2.0,1
11043,78.76,17.25,50.9,833.0,0
94567,53.46,15.19,61.05,0.0,1
64387,46.72,5.59,93.79,219.0,0
28657,68.74,5.36,57.03,633.0,0
6712,94.87,10.36,76.55,909.0,0
94871,40.08,10.49,58.85,0.0,1
21978,92.77,8.46,85.63,758.0,0
81218,86.96,14.47,78.32,56.0,0
11719,48.22,7.16,100.0,809.0,0
41611,61.57,16.29,84.96,507.0,0
33755,52.95,9.35,50.24,620.0,0
22737,30.88,7.0,66.56,746.0,0
78875,58.64,10.18,90.97,238.0,0
64728,60.97,13.28,62.49,319.0,0
52660,51.24,5.96,79.02,503.0,0
35967,69.45,13.47,37.02,505.0,0
3176,44.59,9.65,10.51,994.0,0
46898,40.37,12.43,62.35,450.0,0
91184,51.76,10.79,69.74,95.0,0
62966,47.7,15.66,90.2,306.0,0
29846,45.74,8.83,64.51,615.0,0
14510,50.45,8.82,50.66,766.0,0
30746,61.65,16.38,63.11,591.0,0
38550,70.53,12.55,99.02,572.0,0
50437,55.26,9.01,56.02,438.0,0
18149,69.04,1.73,65.58,862.0,0
50743,33.31,11.35,84.56,432.0,0
4289,50.42,8.49,87.73,941.0,0
52439,45.77,12.69,95.43,440.0,0
16509,38.92,9.69,59.66,824.0,0
90343,51.33,2.84,65.99,78.0,0
36418,51.01,17.67,61.95,517.0,0
25783,84.51,15.5,56.93,658.0,0
99602,31.31,7.27,76.36,30.0,0
89080,60.47,16.78,21.49,91.0,0
91599,52.87,3.79,58.0,52.0,0
71999,47.44,1.24,75.56,327.0,0
82535,46.01,8.16,81.1,179.0,0
22164,47.31,13.14,78.92,795.0,0
48627,72.84,17.2,79.31,413.0,0
66297,62.72,9.57,87.43,367.0,0
90428,47.68,10.89,66.69,88.0,0
74843,60.1,9.44,64.55,222.0,0
5471,50.56,14.14,65.58,867.0,0
6214,98.55,14.38,80.17,792.0,0
30310,66.11,11.64,83.71,628.0,0
894,53.61,5.45,60.63,920.0,0
2336,65.69,13.94,95.89,868.0,0
41707,74.52,21.0,54.41,455.0,0
47390,58.41,9.58,93.95,475.0,0
87822,83.86,8.62,24.76,39.0,0
88750,63.46,10.02,44.29,7.0,0
41348,57.26,7.22,72.31,488.0,0
52240,30.53,13.64,73.8,400.0,0
16262,47.49,-1.06,64.72,726.0,0
2662,54.21,1.77,67.03,900.0,0
6930,30.07,12.44,73.38,916.0,0
8547,51.56,15.03,78.4,835.0,0
66872,54.4,15.74,58.77,231.0,0
66169,65.99,9.27,56.5,299.0,0
71281,71.3,18.87,93.32,220.0,0
82264,44.29,8.05,65.92,96.0,0
12425,51.93,7.5,61.21,876.0,0
97712,54.06,6.35,81.94,0.0,1
85843,60.53,10.15,75.69,123.0,0
34924,40.08,9.38,73.85,623.0,0
29855,58.76,4.89,80.33,664.0,0
85854,59.49,8.51,56.94,89.0,0
4765,60.42,11.04,82.1,914.0,0
59685,56.85,3.16,80.4,381.0,0
28561,54.5,15.1,92.92,674.0,0
1736,71.05,7.47,64.86,1018.0,0
46570,50.25,17.69,54.51,481.0,0
5671,43.05,11.89,92.05,876.0,0
56271,85.13,11.92,79.49,438.0,0
67962,69.98,11.43,42.35,287.0,0
89735,70.24,7.85,78.07,41.0,0
53747,35.38,3.51,67.13,435.0,0
43737,51.61,13.2,58.36,507.0,0
38325,79.94,12.1,64.53,546.0,0
7407,40.05,13.57,73.55,891.0,0
99880,57.24,11.62,81.47,0.0,1
48462,65.84,3.07,78.01,465.0,0
3942,71.08,11.34,33.73,868.0,0
68965,43.11,4.28,21.74,273.0,0
15332,43.59,15.46,23.74,721.0,0
51894,55.16,8.89,70.06,416.0,0
46362,63.51,20.39,74.05,567.0,0
50094,65.22,20.66,95.78,395.0,0
57016,47.2,5.6,100.0,453.0,0
5288,72.67,-0.86,94.22,870.0,0
80482,44.77,10.35,40.58,154.0,0
31797,31.78,2.69,52.87,599.0,0
45067,96.75,8.69,87.84,491.0,0
57458,55.41,6.15,37.49,369.0,0
2268,74.98,10.71,82.9,967.0,0
87911,49.48,11.89,84.23,96.0,0
22173,60.35,5.7,75.75,632.0,0
92527,84.52,18.13,98.04,0.0,1
17520,56.31,11.13,65.52,749.0,0
78879,87.79,-0.93,100.0,224.0,0
28333,65.64,6.54,69.01,706.0,0
56278,48.97,9.09,44.98,432.0,0
87909,47.79,12.17,58.2,92.0,0
24154,39.05,11.84,97.6,787.0,0
81457,69.5,3.56,49.8,152.0,0
82352,56.12,18.65,52.64,220.0,0
79467,66.65,6.97,100.0,265.0,0
85748,62.11,9.13,39.83,94.0,0
90220,62.31,2.63,57.05,91.0,0
76620,71.05,14.54,77.08,54.0,0
65355,91.66,12.74,54.26,280.0,0
28189,55.54,10.09,82.13,702.0,0
90268,65.87,14.3,53.54,11.0,0
53926,46.05,18.55,80.55,364.0,0
63844,45.57,1.37,61.05,347.0,0
51580,47.47,2.39,34.11,489.0,0
93065,39.6,13.03,32.6,6.0,1
23222,64.74,1.17,41.55,736.0,0
36771,62.86,11.57,65.74,636.0,0
60360,86.29,9.68,65.2,339.0,0
94617,51.72,7.22,72.6,42.0,0
28735,79.42,16.0,65.12,587.0,0
32809,47.4,7.92,77.49,703.0,0
3867,62.43,8.4,88.93,904.0,0
8860,58.72,11.79,73.15,869.0,0
24458,56.91,12.53,63.25,735.0,0
4423,69.27,11.01,52.46,829.0,0
12502,46.34,7.58,62.79,872.0,0
74950,61.3,9.0,38.49,228.0,0
81664,74.61,11.11,55.0,170.0,0
2560,44.65,15.69,66.23,960.0,0
87673,82.46,19.99,64.59,0.0,1
67456,85.1,18.13,68.45,230.0,0
55657,99.26,10.61,71.54,359.0,0
43827,63.76,9.51,44.85,532.0,0
81672,70.43,3.49,81.37,125.0,0
83586,68.34,4.16,48.06,183.0,0
6586,56.36,14.31,73.85,959.0,0
25253,41.34,12.97,43.41,729.0,0
118,46.66,3.16,81.42,997.0,0
38668,62.39,7.53,61.86,480.0,0
54575,51.94,8.21,58.62,293.0,0
15807,57.38,7.46,42.98,764.0,0
92192,69.49,7.33,51.26,41.0,0
40546,97.14,7.33,59.81,450.0,0
324,84.43,8.8,100.0,887.0,0
66750,55.36,15.43,63.3,257.0,0
20175,75.11,11.37,97.49,757.0,0
37094,41.85,4.95,90.71,556.0,0
60638,56.61,12.69,77.72,337.0,0
75546,48.22,5.54,37.25,146.0,0
55729,67.16,12.33,97.63,372.0,0
35555,86.71,14.77,59.24,540.0,0
66200,75.47,10.6,72.52,281.0,0
57695,49.45,8.19,82.23,349.0,0
88888,77.68,6.66,52.78,73.0,0
49516,48.53,23.12,27.31,452.0,0
82219,85.1,0.55,50.04,52.0,0
9351,26.73,9.1,62.83,859.0,0
34018,78.37,9.44,100.0,656.0,0
51648,47.84,12.58,74.44,417.0,0
150,68.34,17.43,60.57,934.0,0
90814,56.53,19.29,100.0,23.0,0
53414,56.09,15.52,70.78,363.0,0
6167,60.75,10.91,82.98,885.0,0
72230,91.67,16.93,70.54,254.0,0
61673,43.07,-0.89,86.12,360.0,0
39431,70.55,10.07,69.64,532.0,0
13940,67.53,12.31,84.79,853.0,0
70342,69.47,7.69,45.15,258.0,0
84929,63.59,15.57,97.3,228.0,0
92554,45.61,8.87,82.92,12.0,0
54415,64.14,17.49,78.53,289.0,0
69558,46.4,12.75,90.06,245.0,0
27223,71.3,10.24,73.14,685.0,0
99501,69.98,11.92,87.82,0.0,1
74558,58.97,16.27,60.95,245.0,0
90702,53.94,9.84,37.93,37.0,0
63039,69.36,5.01,43.7,391.0,0
47242,14.34,14.76,50.57,471.0,0
63109,41.66,6.55,68.35,356.0,0
71342,90.2,8.6,73.81,221.0,0
16914,71.76,3.08,67.96,788.0,0
8910,71.6,5.41,45.27,790.0,0
18428,57.45,10.09,74.47,745.0,0
22756,72.37,9.74,60.89,779.0,0
52976,67.92,9.24,59.56,411.0,0
93263,47.83,9.27,64.38,10.0,0
60020,74.65,7.96,87.4,235.0,0
85694,59.67,13.68,100.0,188.0,0
23887,71.06,10.22,39.49,737.0,0
70859,56.57,11.2,66.27,214.0,0
56363,56.4,11.82,92.04,458.0,0
42366,68.91,5.15,36.1,565.0,0
54573,55.57,8.62,82.73,385.0,0
29107,61.27,8.91,75.53,611.0,0
20457,53.31,8.0,61.99,736.0,0
49667,54.64,8.36,95.45,445.0,0
80495,61.23,6.0,46.33,103.0,0
52000,70.3,8.49,87.63,431.0,0
54519,82.87,13.23,57.17,362.0,0
33160,74.59,9.27,94.26,519.0,0
19768,59.5,13.11,74.01,656.0,0
80532,57.61,14.05,73.21,119.0,0
60498,70.11,11.0,46.48,296.0,0
23912,72.87,10.95,55.2,710.0,0
4306,42.64,2.58,72.85,950.0,0
29354,59.13,6.1,72.7,631.0,0
67376,62.73,6.72,97.17,308.0,0
39929,87.89,9.86,45.48,646.0,0
39178,78.8,12.55,51.32,579.0,0
75226,56.59,6.84,100.0,176.0,0
41477,40.55,6.54,71.64,576.0,0
13991,80.83,13.04,100.0,704.0,0
66788,33.53,21.95,58.96,288.0,0
89840,82.04,3.92,43.49,12.0,0
96048,39.48,10.62,76.16,0.0,1
15061,81.9,11.16,53.13,844.0,0
10488,65.08,18.48,74.39,854.0,0
13340,76.01,11.58,68.48,835.0,0
39461,72.72,12.71,68.37,532.0,0
46636,73.49,13.91,100.0,532.0,0
30794,53.53,-1.78,99.52,721.0,0
95161,59.06,10.16,57.69,102.0,0
63718,57.18,7.58,100.0,342.0,0
54853,63.81,11.74,59.43,416.0,0
52342,35.5,10.13,76.25,325.0,0
71455,68.28,5.73,95.14,217.0,0
27578,68.5,6.8,97.58,709.0,0
91316,62.48,18.97,56.58,39.0,0
19855,63.16,16.08,88.92,732.0,0
98792,50.95,14.31,87.08,0.0,1
31671,79.74,16.74,75.09,629.0,0
35633,71.47,7.44,59.11,547.0,0
21605,37.35,7.44,56.41,728.0,0
97499,57.7,2.99,55.29,0.0,1
40851,88.97,10.49,60.52,540.0,0
25708,73.9,10.05,75.76,678.0,0
40443,78.13,13.26,92.09,466.0,0
54973,50.19,5.52,76.79,430.0,0
23352,38.62,20.07,86.63,649.0,0
97000,55.95,14.91,69.58,113.0,0
28858,80.01,15.72,68.26,639.0,0
76278,67.25,8.77,75.13,209.0,0
95824,42.3,13.16,59.6,0.0,1
45459,56.51,8.13,39.82,520.0,0
19679,40.33,-2.92,59.72,835.0,0
41612,83.34,9.41,40.39,459.0,0
98290,60.9,8.19,70.97,0.0,1
5580,49.42,11.66,80.79,827.0,0
20853,52.72,13.62,69.91,688.0,0
27839,26.99,4.85,71.73,665.0,0
19817,39.16,13.13,53.69,867.0,0
36108,66.45,6.53,98.03,498.0,0
60966,63.63,4.28,58.45,298.0,0
17406,44.16,18.37,75.77,683.0,0
14681,74.07,19.25,63.19,817.0,0
30233,62.05,15.42,51.61,688.0,0
47123,49.28,4.78,58.61,561.0,0
84519,53.64,6.74,76.26,117.0,0
2571,71.11,9.95,77.14,860.0,0
97633,48.84,8.96,51.44,0.0,1
99051,64.29,12.34,100.0,0.0,1
45640,66.68,8.8,79.1,551.0,0
21382,75.5,7.18,40.57,698.0,0
52729,52.67,9.99,100.0,460.0,0
39742,54.46,12.46,76.12,559.0,0
31508,32.7,5.76,68.16,646.0,0
97107,56.87,9.4,59.48,51.0,0
25415,75.5,9.87,86.77,608.0,0
93189,65.53,8.61,82.2,71.0,0
76524,70.64,13.68,67.1,191.0,0
67476,52.36,3.56,18.45,304.0,0
60669,59.33,6.16,35.09,327.0,0
72858,65.52,8.59,87.12,231.0,0
61551,64.38,4.81,52.27,361.0,0
85688,70.1,18.85,75.8,31.0,0
75715,68.2,2.89,86.52,140.0,0
59331,87.93,7.69,59.02,341.0,0
64001,62.73,5.28,71.25,326.0,0
86816,74.31,9.4,51.18,144.0,0
41555,64.6,3.01,53.5,526.0,0
38408,68.34,8.43,72.28,560.0,0
76398,63.98,8.43,91.72,207.0,0
70372,55.91,12.45,57.12,141.0,0
39270,79.76,7.84,93.7,458.0,0
73781,38.69,8.42,83.84,368.0,0
59745,62.39,11.43,84.5,365.0,0
2804,67.15,0.64,55.11,896.0,0
47314,82.33,6.05,79.76,449.0,0
93392,55.01,15.32,51.64,22.0,0
63589,73.31,17.61,88.48,235.0,0
17894,50.48,12.88,95.23,743.0,0
62101,43.02,5.07,56.49,339.0,0
15628,59.03,13.0,99.23,830.0,0
87632,52.63,7.16,64.98,92.0,0
25603,48.27,11.46,74.51,695.0,0
49914,66.84,13.74,43.67,410.0,0
52604,50.87,11.84,50.04,428.0,0
33182,73.86,8.26,79.69,600.0,0
28449,73.06,19.7,75.9,659.0,0
25261,50.64,12.66,60.67,622.0,0
37898,53.62,3.18,24.07,561.0,0
28128,39.54,21.35,53.74,680.0,0
40123,67.29,11.99,83.03,579.0,0
93781,74.35,11.57,86.64,99.0,0
68542,53.43,15.22,54.14,229.0,0
33277,52.11,9.99,65.63,602.0,0
76249,60.16,2.76,77.23,215.0,0
89021,51.26,12.79,71.71,116.0,0
57442,63.8,11.54,57.09,397.0,0
81525,86.59,9.68,69.72,57.0,0
39200,56.17,17.31,51.18,572.0,0
95663,59.91,1.69,74.34,27.0,0
90988,61.26,7.89,30.78,44.0,0
66910,64.07,9.21,95.88,239.0,0
52505,78.86,16.09,91.3,394.0,0
42745,62.48,9.05,40.0,525.0,0
19261,64.89,7.11,100.0,834.0,0
25626,45.08,15.96,64.23,650.0,0
51193,58.13,3.15,36.02,459.0,0
17598,78.64,13.2,100.0,748.0,0
22181,58.86,8.27,73.67,694.0,0
97192,47.75,16.9,89.42,0.0,1
65052,52.6,10.43,95.06,249.0,0
76472,75.03,6.67,86.84,256.0,0
21925,73.4,12.62,67.26,768.0,0
77442,44.73,11.52,100.0,153.0,0
65234,70.34,7.16,94.0,271.0,0
34201,55.0,11.96,65.99,562.0,0
13717,57.34,8.64,53.2,784.0,0
97765,72.28,17.07,62.84,0.0,1
34610,44.27,9.63,84.04,547.0,0
34131,46.68,3.31,100.0,515.0,0
15308,43.16,1.34,82.28,758.0,0
87365,50.54,10.28,72.9,38.0,0
27862,53.03,8.81,60.36,702.0,0
38689,72.83,5.52,77.21,582.0,0
43875,66.36,9.67,69.62,443.0,0
41520,51.61,18.78,46.59,521.0,0
57743,64.63,11.61,59.18,363.0,0
98666,42.92,12.96,98.86,54.0,0
62184,71.39,14.48,98.02,311.0,0
84828,63.45,2.46,40.28,206.0,0
66819,85.0,10.39,60.95,221.0,0
25567,68.86,0.25,81.19,608.0,0
68899,35.68,26.5,60.47,140.0,0
2949,60.1,13.3,58.15,871.0,0
97808,75.75,15.44,100.0,0.0,1
40977,42.97,10.11,63.75,533.0,0
71244,61.75,4.29,31.2,224.0,0
93946,56.12,18.25,55.05,0.0,1
48465,59.12,9.59,94.18,547.0,0
16989,51.64,23.62,89.77,738.0,0
45319,68.98,10.42,60.54,487.0,0
80983,69.05,3.57,75.77,132.0,0
72456,53.48,12.31,89.58,240.0,0
56061,79.85,7.26,55.75,364.0,0
49336,53.58,14.38,52.03,550.0,0
28235,47.85,3.62,54.88,769.0,0
50484,72.56,13.83,87.6,385.0,0
51570,58.88,1.9,37.01,478.0,0
67830,75.77,8.38,43.24,277.0,0
23591,34.83,10.71,18.06,737.0,0
26655,56.82,18.09,27.3,693.0,0
46172,60.79,11.65,86.0,566.0,0
38168,67.8,14.49,44.44,557.0,0
28376,80.06,14.21,72.3,660.0,0
16391,61.76,4.9,69.65,772.0,0
32906,68.27,9.14,88.97,723.0,0
7638,58.72,14.56,52.86,722.0,0
90126,85.33,6.66,64.92,127.0,0
46884,69.12,9.89,69.8,451.0,0
46476,77.16,7.99,63.0,559.0,0
28900,52.87,9.54,67.61,643.0,0
15848,64.63,10.14,87.76,826.0,0
82894,55.77,4.31,50.19,109.0,0
26401,74.87,6.0,72.05,641.0,0
42258,56.08,8.95,90.18,571.0,0
85251,48.91,3.04,75.77,202.0,0
91314,41.08,6.36,42.04,146.0,0
44180,43.43,5.28,93.21,626.0,0
80988,57.01,19.04,38.67,155.0,0
96298,68.12,14.86,61.15,0.0,1
17261,55.64,6.77,49.15,762.0,0
42349,66.13,4.7,100.0,554.0,0
80473,58.51,10.26,57.59,108.0,0
2295,80.42,12.43,38.89,878.0,0
50941,42.65,7.84,73.33,538.0,0
93453,56.01,8.37,87.57,39.0,0
82640,38.2,5.67,52.57,153.0,0
33517,45.75,10.48,84.69,613.0,0
97382,96.21,5.87,34.24,0.0,1
57116,68.72,5.58,100.0,368.0,0
9697,54.64,-2.33,43.98,832.0,0
401,52.02,7.92,34.4,980.0,0
14004,37.58,4.63,62.09,869.0,0
35903,69.38,-3.79,58.82,589.0,0
33510,60.58,12.8,44.31,628.0,0
27259,60.15,4.79,50.09,649.0,0
13670,41.98,18.94,59.53,779.0,0
31584,70.21,8.95,67.88,713.0,0
33920,30.3,9.58,40.5,643.0,0
82067,54.35,14.77,92.53,147.0,0
79174,57.94,5.79,30.12,178.0,0
2087,41.13,12.05,65.84,919.0,0
90774,48.47,17.68,52.52,35.0,0
81964,58.07,7.49,75.39,153.0,0
92386,34.77,2.91,60.22,0.0,1
13036,56.59,9.05,81.61,807.0,0
67634,52.71,12.56,29.27,171.0,0
53058,42.54,19.55,97.8,450.0,0
3465,28.69,13.59,52.61,901.0,0
14198,78.91,9.1,65.59,853.0,0
17870,65.29,14.25,69.9,733.0,0
34766,51.89,13.43,80.1,608.0,0
62985,66.14,2.07,77.57,261.0,0
25334,38.52,5.45,80.03,662.0,0
18031,60.4,2.79,98.96,708.0,0
35841,67.86,12.74,92.46,655.0,0
84870,41.68,5.18,98.42,175.0,0
76477,60.53,18.08,67.72,126.0,0
50874,72.18,-3.89,58.71,406.0,0
54685,49.05,6.67,72.54,411.0,0
56338,99.28,19.13,59.49,355.0,0
94164,61.72,6.74,82.42,44.0,0
6253,37.79,13.49,98.14,863.0,0
26712,56.06,4.25,72.96,819.0,0
70944,65.25,7.71,55.91,269.0,0
32588,69.44,3.31,22.77,711.0,0
48917,60.32,13.21,98.46,528.0,0
12598,58.18,2.77,62.24,809.0,0
49800,58.28,6.32,50.42,361.0,0
13332,67.42,4.89,63.46,784.0,0
62869,59.51,11.82,61.39,314.0,0
38260,59.85,8.39,52.76,552.0,0
47547,46.28,16.07,100.0,583.0,0
44145,68.55,5.59,67.11,536.0,0
52153,60.96,12.04,68.72,402.0,0
40015,55.84,13.35,83.81,586.0,0
73733,70.69,11.68,81.34,168.0,0
51746,48.64,9.29,50.79,459.0,0
782,70.66,12.01,100.0,1025.0,0
9139,53.08,2.93,100.0,924.0,0
52491,78.52,14.92,100.0,395.0,0
59902,59.67,5.44,48.4,302.0,0
17983,64.25,-0.95,46.72,751.0,0
95559,64.41,16.82,94.3,46.0,0
70330,50.84,2.86,67.88,325.0,0
76760,76.94,15.11,78.42,184.0,0
9373,60.07,15.53,55.46,854.0,0
82698,70.35,1.57,88.73,153.0,0
37696,60.24,7.45,60.09,592.0,0
93884,74.71,9.53,72.87,19.0,0
44990,65.09,16.4,70.32,408.0,0
73701,72.7,5.92,70.26,201.0,0
54554,52.68,4.1,64.35,427.0,0
65842,54.68,10.98,90.08,320.0,0
22755,53.56,8.27,59.25,758.0,0
76651,48.51,14.77,53.94,197.0,0
70991,59.13,20.0,38.05,113.0,0
2907,64.28,15.98,80.62,958.0,0
83465,47.89,3.79,55.68,62.0,0
11871,50.55,10.12,67.91,807.0,0
15,64.69,14.33,100.0,928.0,0
60852,33.99,12.91,59.21,460.0,0
94599,61.44,7.71,42.5,28.0,0
88728,51.86,9.12,100.0,34.0,0
2428,72.96,9.82,45.74,976.0,0
32262,61.29,6.41,63.3,690.0,0
30219,47.24,7.98,69.09,595.0,0
30455,66.3,-0.13,78.34,646.0,0
95372,30.45,3.09,93.22,15.0,0
48176,54.17,17.18,63.62,494.0,0
53857,77.94,7.48,87.22,421.0,0
28586,54.48,11.57,37.63,659.0,0
3297,56.54,11.23,55.97,828.0,0
37833,71.05,11.18,69.84,637.0,0
15934,85.88,19.75,84.23,751.0,0
12927,57.79,9.82,58.17,886.0,0
88313,58.73,11.07,90.75,149.0,0
18273,61.42,9.99,80.62,812.0,0
96592,60.74,16.79,68.94,0.0,1
48544,55.92,8.61,45.53,559.0,0
90108,53.43,10.44,56.48,71.0,0
35565,49.46,15.96,72.49,601.0,0
92218,65.84,0.19,96.02,49.0,0
58783,37.94,7.1,75.89,389.0,0
56430,69.32,2.44,81.05,345.0,0
75351,46.3,3.77,91.59,227.0,0
11740,86.19,10.38,95.47,836.0,0
4179,54.28,5.21,99.54,859.0,0
36890,71.6,12.24,66.28,523.0,0
1701,59.08,14.19,58.03,938.0,0
58225,65.99,14.35,33.88,408.0,0
38917,72.4,14.67,79.55,582.0,0
15070,55.49,8.39,71.11,813.0,0
95628,60.68,12.88,69.26,0.0,1
95132,70.33,12.42,57.71,0.0,1
41895,52.84,15.87,66.7,431.0,0
46884,75.73,11.66,100.0,449.0,0
82852,71.14,1.26,56.59,94.0,0
69840,55.66,14.59,88.17,239.0,0
35656,61.96,12.94,73.18,676.0,0
79021,67.85,7.53,65.84,124.0,0
53295,80.22,13.09,99.04,406.0,0
58627,51.6,13.34,46.75,260.0,0
49684,58.39,8.91,88.2,439.0,0
23525,76.38,2.48,37.43,655.0,0
90219,53.87,17.53,60.32,0.0,1
40841,58.16,3.21,87.71,535.0,0
69813,56.63,11.3,47.92,192.0,0
55860,41.56,-0.4,84.91,380.0,0
44939,79.7,9.37,86.93,450.0,0
95821,63.14,14.08,70.89,35.0,0
99336,74.99,10.12,77.1,44.0,0
9118,44.7,10.41,52.09,813.0,0
31196,85.9,4.9,71.52,685.0,0
47334,101.07,8.08,67.68,499.0,0
18171,72.05,8.55,54.1,785.0,0
84434,70.75,3.66,56.67,95.0,0
72443,41.58,6.38,84.45,229.0,0
37123,48.38,11.93,93.26,519.0,0
8447,53.02,12.56,74.75,863.0,0
89992,81.47,3.15,61.34,136.0,0
46306,85.79,6.65,69.58,428.0,0
56953,67.45,11.42,63.94,449.0,0
86891,60.12,10.65,86.35,173.0,0
74111,71.4,4.74,1.91,226.0,0
62775,68.34,14.15,54.22,344.0,0
80598,39.28,10.95,69.19,189.0,0
3402,59.62,7.14,85.09,869.0,0
78419,73.84,17.03,38.91,79.0,0
93162,69.09,3.93,100.0,0.0,1
32935,66.12,15.32,70.22,620.0,0
38407,47.6,15.64,53.31,526.0,0
95879,59.36,6.39,72.46,0.0,1
46018,52.56,11.55,75.45,419.0,0
78303,56.0,17.9,54.52,215.0,0
27238,60.63,4.62,100.0,760.0,0
80250,84.7,8.54,71.12,168.0,0
46883,58.37,4.47,69.28,503.0,0
84376,41.9,10.88,53.66,126.0,0
75437,55.67,7.67,53.54,94.0,0
72824,62.51,8.21,100.0,141.0,0
47665,35.77,9.27,86.24,469.0,0
49299,77.33,7.44,83.82,495.0,0
89136,72.77,10.27,66.1,86.0,0
30021,111.78,16.55,41.16,588.0,0
34798,78.29,13.84,94.46,610.0,0
54420,67.77,4.09,85.19,397.0,0
7312,57.7,10.8,100.0,867.0,0
95771,66.65,20.59,94.63,0.0,1
37463,77.69,5.95,62.7,590.0,0
3339,41.1,12.12,64.14,893.0,0
88276,55.91,10.26,67.43,109.0,0
15939,59.93,4.78,44.72,753.0,0
88576,57.81,1.17,82.33,136.0,0
53799,55.4,12.67,38.56,420.0,0
44501,58.04,11.65,64.94,520.0,0
6640,63.36,21.25,43.59,853.0,0
15269,49.35,8.51,43.31,845.0,0
98799,60.41,12.88,91.71,4.0,1
38353,59.08,11.09,100.0,509.0,0
69169,65.34,15.83,94.32,205.0,0
40312,68.67,11.98,53.26,538.0,0
3753,57.91,17.2,78.94,853.0,0
36790,76.22,10.05,80.93,568.0,0
53279,63.51,16.87,68.6,384.0,0
45128,74.7,9.28,93.3,514.0,0
29594,74.06,18.75,75.0,566.0,0
851,88.13,-12.1,53.62,988.0,0
36132,57.38,5.15,37.12,481.0,0
44248,21.48,7.15,63.9,480.0,0
89236,43.19,15.17,74.17,39.0,0
16865,49.0,16.05,41.74,832.0,0
72738,63.12,0.3,67.08,272.0,0
177,73.36,14.35,69.89,958.0,0
58368,72.64,11.84,77.94,378.0,0
12553,70.98,10.8,30.64,749.0,0
22595,71.83,6.51,61.96,679.0,0
83242,58.59,10.65,90.04,221.0,0
77212,51.28,11.3,58.08,131.0,0
59033,63.08,22.37,74.74,436.0,0
55551,36.77,13.53,46.86,445.0,0
95712,62.27,9.38,60.3,0.0,1
43831,59.92,12.64,55.15,509.0,0
80150,67.06,6.72,67.06,129.0,0
27433,59.48,15.13,34.88,726.0,0
67148,46.39,13.46,46.48,278.0,0
29875,42.65,15.23,54.13,687.0,0
18205,66.55,11.5,69.26,692.0,0
79141,68.68,12.84,57.57,195.0,0
48349,76.46,19.31,83.64,390.0,0
27043,48.62,9.7,58.97,710.0,0
27606,51.11,9.45,59.29,664.0,0
26305,74.07,9.12,54.35,710.0,0
33491,49.79,2.08,46.12,578.0,0
98342,69.38,4.54,72.25,0.0,1
7055,56.36,13.48,87.57,812.0,0
80924,68.58,11.88,68.57,99.0,0
60145,67.75,7.49,77.47,401.0,0
92803,44.2,8.98,62.58,0.0,1
51802,56.29,6.11,32.49,375.0,0
52087,57.72,19.39,65.61,396.0,0
94141,60.46,6.16,82.82,67.0,0
85380,64.73,10.59,77.34,112.0,0
47019,52.59,6.95,50.64,543.0,0
54441,52.09,9.95,80.89,452.0,0
70221,61.03,10.67,76.32,237.0,0
19568,55.23,8.37,100.0,715.0,0
99155,71.37,11.67,81.33,0.0,1
81815,66.3,11.83,80.08,101.0,0
45776,60.95,14.09,32.6,512.0,0
43892,43.46,6.44,85.09,533.0,0
50448,42.55,4.56,80.09,505.0,0
14118,44.35,8.8,65.21,798.0,0
20808,63.26,6.26,73.86,786.0,0
29125,50.42,-8.0,64.48,677.0,0
45711,80.0,14.2,44.66,423.0,0
89688,50.83,3.18,70.79,62.0,0
35945,54.05,9.55,74.22,544.0,0
13945,96.84,6.21,21.21,762.0,0
5459,55.0,15.3,81.69,912.0,0
29957,72.1,14.52,8.08,725.0,0
90985,66.91,6.88,53.71,71.0,0
5088,59.75,16.15,44.7,886.0,0
9024,77.34,10.63,95.27,834.0,0
4934,49.62,7.22,100.0,899.0,0
84483,33.08,3.48,47.38,111.0,0
63090,47.84,12.39,72.88,325.0,0
73679,52.82,13.06,7.32,211.0,0
14362,65.78,14.66,99.15,703.0,0
20882,54.0,5.18,100.0,739.0,0
84271,70.14,14.43,58.05,50.0,0
99788,78.65,10.4,84.81,0.0,1
62177,67.83,14.06,61.9,327.0,0
8426,74.66,1.04,78.49,893.0,0
53461,77.82,4.72,68.12,520.0,0
21848,43.69,11.67,85.63,737.0,0
14869,50.53,3.3,46.33,803.0,0
66328,40.26,9.27,58.16,217.0,0
21706,74.63,19.14,63.86,699.0,0
6339,58.17,13.37,42.51,962.0,0
61281,73.19,19.87,89.26,394.0,0
80340,57.1,3.01,57.04,188.0,0
68708,50.97,10.31,38.01,259.0,0
10108,50.84,9.02,78.14,829.0,0
13870,59.28,6.45,75.77,872.0,0
23523,60.14,7.07,78.08,657.0,0
3132,65.83,11.36,33.28,909.0,0
1585,48.77,13.17,84.69,917.0,0
99599,50.43,9.72,72.57,0.0,1
55110,50.02,12.6,78.62,395.0,0
82199,73.3,10.84,66.84,143.0,0
70345,76.97,9.33,86.04,283.0,0
64088,76.52,-0.55,80.99,286.0,0
7142,51.04,13.53,67.51,842.0,0
86988,52.78,6.12,99.38,137.0,0
24315,45.55,8.66,100.0,687.0,0
59519,75.08,15.52,100.0,366.0,0
62643,52.36,5.03,84.07,309.0,0
7918,58.14,16.46,81.42,910.0,0
67175,51.49,17.11,39.08,330.0,0
11267,57.56,7.57,49.92,874.0,0
10586,52.09,12.75,67.06,839.0,0
81792,70.54,9.87,62.01,97.0,0
82235,68.08,0.04,100.0,112.0,0
87219,63.51,3.12,76.6,151.0,0
38137,50.51,16.96,73.34,524.0,0
99996,54.34,13.13,58.41,0.0,1
10212,58.62,10.34,63.03,832.0,0
73131,89.34,10.87,51.34,193.0,0
90024,71.4,5.13,31.99,0.0,1
32999,34.28,4.73,43.34,654.0,0
55168,84.05,13.9,53.19,388.0,0
75106,67.46,3.1,52.03,263.0,0
36002,49.3,15.98,61.48,567.0,0
34169,94.43,8.99,81.7,575.0,0
55619,54.21,13.47,83.02,337.0,0
7201,80.46,16.85,47.72,873.0,0
62374,64.73,4.55,100.0,389.0,0
54944,50.48,11.01,70.86,443.0,0
54347,43.24,9.16,69.18,419.0,0
22923,52.25,10.29,79.37,681.0,0
65535,67.75,6.08,42.48,231.0,0
9745,84.5,9.16,83.07,897.0,0
54173,90.84,16.29,58.25,306.0,0
39283,72.43,9.67,57.23,501.0,0
64919,52.29,11.96,72.8,287.0,0
56512,37.63,6.26,44.15,343.0,0
9278,58.98,10.01,66.22,861.0,0
11744,63.4,7.59,64.14,763.0,0
63106,50.42,16.03,72.56,268.0,0
92997,61.37,4.99,43.91,0.0,1
50074,24.9,9.57,46.04,402.0,0
67032,34.39,5.16,84.4,316.0,0
46321,69.34,8.44,64.57,497.0,0
14057,38.15,9.73,100.0,835.0,0
36010,79.45,14.97,43.73,616.0,0
88078,68.08,3.73,100.0,83.0,0
64023,54.88,9.51,57.03,298.0,0
87837,54.49,11.32,88.53,0.0,1
9567,60.32,4.66,97.76,910.0,0
87171,90.11,5.38,63.3,39.0,0
73823,34.1,2.81,81.63,370.0,0
72095,58.91,2.05,60.39,191.0,0
16611,62.98,12.17,88.09,772.0,0
76741,61.38,12.62,62.14,131.0,0
36713,87.86,10.38,51.18,507.0,0
98545,52.63,4.8,86.07,4.0,1
17007,58.64,11.15,80.2,816.0,0
43036,61.0,13.21,80.62,541.0,0
49884,55.54,9.73,56.17,467.0,0
537,69.02,13.05,49.82,968.0,0
55737,33.33,7.17,51.45,376.0,0
76140,70.13,10.33,67.45,171.0,0
16737,61.45,11.24,41.88,763.0,0
42507,65.7,7.29,38.62,451.0,0
79620,48.62,15.38,71.85,160.0,0
1176,40.25,4.98,32.89,937.0,0
63732,83.57,16.6,60.21,294.0,0
27572,61.47,8.3,62.19,610.0,0
33018,74.96,9.25,90.24,638.0,0
49750,50.96,2.42,100.0,524.0,0
46012,58.13,14.84,72.81,496.0,0
78302,62.66,3.44,100.0,174.0,0
93416,55.48,7.32,58.72,18.0,0
87220,69.4,8.72,74.03,132.0,0
64701,68.66,4.56,43.69,416.0,0
17932,61.22,12.45,62.92,738.0,0
91853,59.07,18.23,63.83,14.0,0
94849,42.2,19.65,74.9,0.0,1
23409,55.36,14.37,97.77,640.0,0
20770,57.39,4.31,74.95,733.0,0
46647,103.38,9.26,89.62,436.0,0
20988,67.77,11.58,86.64,767.0,0
58562,50.96,7.18,64.05,334.0,0
98655,38.47,6.5,81.66,0.0,1
56388,69.05,5.49,58.57,358.0,0
71467,69.94,14.58,79.87,248.0,0
21146,70.04,15.75,64.18,787.0,0
17065,80.14,15.09,85.68,680.0,0
75534,64.57,9.65,84.63,182.0,0
193,70.71,6.5,58.01,1020.0,0
85344,72.01,9.65,100.0,144.0,0
14922,56.46,12.66,78.18,731.0,0
32223,69.78,10.17,53.21,588.0,0
1190,62.61,13.43,62.08,840.0,0
94196,50.05,2.72,55.81,0.0,1
29769,56.15,14.21,87.07,574.0,0
98133,41.66,19.38,55.83,38.0,0
41768,48.44,7.24,57.59,515.0,0
33516,72.64,8.5,77.81,613.0,0
26434,43.63,10.87,50.65,661.0,0
67088,40.61,12.86,70.14,279.0,0
31334,68.29,11.0,86.19,656.0,0
41167,71.99,7.76,61.59,520.0,0
42884,80.85,9.28,83.18,543.0,0
36101,54.46,18.14,100.0,543.0,0
19612,47.24,4.88,92.82,835.0,0
27972,66.38,6.21,68.73,685.0,0
5678,93.33,13.4,66.01,845.0,0
53933,51.94,16.17,89.38,455.0,0
26034,65.35,8.97,40.99,640.0,0
14367,57.83,4.25,70.18,745.0,0
71374,36.32,3.89,39.7,297.0,0
61647,53.41,13.47,58.44,325.0,0
96079,46.24,10.62,75.3,45.0,0
48164,85.21,9.77,85.92,506.0,0
88482,65.87,9.91,62.22,22.0,0
79210,55.51,14.1,82.06,171.0,0
23284,77.17,17.99,100.0,726.0,0
70103,52.35,9.92,83.1,292.0,0
71329,83.32,13.19,55.79,203.0,0
32280,70.69,10.31,75.01,617.0,0
87672,30.81,13.17,42.47,73.0,0
88393,59.55,16.89,73.26,73.0,0
39289,49.91,13.23,80.74,552.0,0
85640,61.22,16.47,76.99,0.0,1
82730,80.07,5.82,94.57,122.0,0
26720,78.83,6.22,70.07,590.0,0
26549,70.5,15.8,84.06,713.0,0
17080,69.56,0.44,96.74,796.0,0
83067,90.73,2.29,37.31,170.0,0
96747,41.68,14.7,89.65,4.0,1
91083,62.99,17.87,69.09,47.0,0
14460,66.91,3.89,56.14,828.0,0
37847,45.65,11.9,89.83,678.0,0
19459,63.38,13.37,100.0,755.0,0
64048,58.0,10.18,69.04,344.0,0
17840,74.96,8.36,68.34,775.0,0
89722,58.36,7.64,36.03,62.0,0
70040,49.69,17.65,70.46,269.0,0
52407,91.46,8.74,47.84,428.0,0
57577,44.18,14.4,71.88,365.0,0
38449,53.11,6.72,83.1,598.0,0
7019,51.82,16.14,72.83,893.0,0
45335,68.88,4.96,49.7,465.0,0
69110,33.15,8.47,87.86,231.0,0
16745,62.07,14.73,80.26,838.0,0
14145,45.2,10.35,53.0,845.0,0
45903,49.34,1.42,91.14,454.0,0
97266,63.0,2.92,68.35,0.0,1
40926,73.1,7.66,92.17,526.0,0
27672,69.65,13.03,71.18,679.0,0
84199,50.39,8.99,49.05,143.0,0
40080,63.82,13.05,82.94,520.0,0
83488,89.45,18.86,71.37,126.0,0
57740,79.87,4.59,71.1,327.0,0
86427,63.52,14.57,69.12,108.0,0
79314,42.03,14.13,73.77,142.0,0
21626,70.14,13.04,49.34,733.0,0
74919,56.2,13.48,70.13,185.0,0
90849,27.39,14.14,58.39,18.0,0
40952,42.66,4.03,100.0,474.0,0
28151,54.26,4.48,88.1,679.0,0
26195,36.6,11.98,81.9,674.0,0
20263,67.53,15.72,85.15,707.0,0
62192,53.72,14.38,59.82,316.0,0
52736,65.8,6.52,59.18,349.0,0
42185,73.88,4.49,94.98,583.0,0
8940,62.14,4.53,78.55,836.0,0
6486,71.09,9.7,100.0,863.0,0
43451,70.2,7.58,58.72,554.0,0
45779,70.68,5.64,88.77,469.0,0
82695,56.88,3.84,44.78,68.0,0
6174,69.74,16.33,66.59,902.0,0
93077,60.43,9.96,44.52,0.0,1
47394,67.59,6.81,68.98,442.0,0
32670,47.79,8.26,73.62,641.0,0
82178,67.57,10.61,46.13,133.0,0
56979,41.51,18.54,77.35,288.0,0
74035,79.89,18.76,60.33,201.0,0
17880,74.01,10.68,62.18,701.0,0
62614,52.24,1.23,71.72,250.0,0
81161,45.57,10.61,91.94,131.0,0
83678,51.69,11.88,60.75,137.0,0
86144,64.85,6.85,73.71,105.0,0
77465,60.8,6.49,63.22,202.0,0
71730,78.15,18.92,65.4,277.0,0
3233,55.2,11.1,81.65,965.0,0
42983,73.81,16.89,89.12,531.0,0
84745,33.55,12.08,31.7,169.0,0
39954,80.83,17.49,75.18,586.0,0
37822,60.27,12.32,69.11,593.0,0
29772,41.72,-0.68,66.47,683.0,0
95788,63.52,15.99,62.17,0.0,1
79618,57.12,6.9,66.84,149.0,0
49344,72.42,7.77,55.41,429.0,0
90482,50.64,7.73,65.98,71.0,0
88412,65.99,13.71,91.84,127.0,0
23995,36.26,7.12,73.66,748.0,0
53452,35.71,18.75,100.0,381.0,0
24057,61.03,9.12,60.3,715.0,0
91842,68.79,7.56,42.5,60.0,0
70281,48.68,10.48,40.33,401.0,0
94346,53.8,14.58,52.13,50.0,0
41619,60.44,5.51,99.05,478.0,0
24227,65.6,15.32,69.36,643.0,0
78744,68.85,8.82,94.36,157.0,0
83296,61.72,12.73,58.56,96.0,0
6267,48.32,13.26,55.58,897.0,0
88581,65.2,9.79,73.87,111.0,0
96358,81.54,11.19,100.0,0.0,1
4939,69.76,7.77,56.32,898.0,0
42102,55.12,9.36,81.47,603.0,0
98745,47.99,15.7,100.0,0.0,1
67907,53.51,13.27,50.39,208.0,0
48320,58.08,16.61,87.46,548.0,0
76789,51.7,1.04,67.5,138.0,0
76465,72.61,-2.84,93.4,154.0,0
52050,75.06,12.8,48.01,403.0,0
56058,69.8,18.63,81.88,428.0,0
16923,74.89,12.38,86.79,723.0,0
30051,70.95,14.71,89.07,711.0,0
54678,83.07,14.11,77.44,425.0,0
62104,50.1,3.41,81.36,358.0,0
64209,74.45,18.14,100.0,269.0,0
5299,56.7,19.08,65.34,852.0,0
44174,57.34,10.14,49.1,509.0,0
34499,74.78,16.12,96.85,571.0,0
39642,30.32,10.87,63.82,531.0,0
24312,72.0,9.66,90.1,636.0,0
20836,71.18,-0.83,41.89,805.0,0
78347,70.63,-3.52,62.26,235.0,0
49881,36.34,6.65,33.17,505.0,0
89539,42.58,3.39,69.08,115.0,0
75927,53.69,12.31,76.5,213.0,0
8941,58.31,11.92,75.62,734.0,0
30293,70.15,8.54,44.38,555.0,0
52570,60.17,8.95,73.8,366.0,0
21590,61.97,10.39,85.43,867.0,0
55966,38.01,6.86,80.11,348.0,0
72107,61.83,13.35,30.41,190.0,0
34853,56.01,4.96,60.85,597.0,0
41385,66.18,14.35,91.77,496.0,0
92686,69.3,8.33,79.22,6.0,1
7887,56.01,3.08,88.93,862.0,0
28651,89.13,16.03,90.98,569.0,0
21895,64.35,6.96,40.11,794.0,0
69196,67.98,17.4,61.07,281.0,0
37197,51.08,11.3,52.42,607.0,0
20419,69.53,9.35,68.77,707.0,0
92529,84.42,19.06,66.91,0.0,1
6845,62.49,5.33,81.3,871.0,0
50433,78.38,11.19,79.8,441.0,0
37883,71.9,11.14,81.89,602.0,0
36710,48.77,6.64,68.45,531.0,0
26499,66.65,14.38,76.8,776.0,0
29165,58.03,5.2,75.5,620.0,0
97293,42.58,4.11,89.96,22.0,0
49718,67.55,6.81,74.84,409.0,0
48208,48.23,9.11,39.71,491.0,0
13621,56.92,13.8,63.46,807.0,0
53701,72.13,7.83,60.95,459.0,0
48968,53.83,11.88,53.91,405.0,0
91848,82.68,9.24,65.43,38.0,0
89044,58.62,6.12,72.01,57.0,0
16788,59.05,16.04,67.48,724.0,0
87013,42.64,15.61,48.95,95.0,0
61664,45.04,9.96,65.1,245.0,0
3901,61.3,12.72,66.74,903.0,0
6109,57.34,7.99,65.27,836.0,0
41169,58.23,8.24,78.96,508.0,0
91465,34.98,12.34,75.63,21.0,0
66593,72.82,11.26,75.8,274.0,0
55500,64.68,-6.69,60.89,450.0,0
45722,59.37,14.0,90.21,484.0,0
78249,49.17,16.93,50.88,130.0,0
6083,52.62,6.33,96.36,923.0,0
62829,61.39,14.71,100.0,328.0,0
38125,35.91,15.64,66.72,594.0,0
80562,58.16,15.72,59.9,136.0,0
90406,64.27,13.98,88.96,38.0,0
89630,37.04,4.75,59.71,77.0,0
23177,66.57,11.75,78.04,661.0,0
70319,71.03,10.21,63.64,289.0,0
5564,49.01,6.38,39.41,849.0,0
61436,64.86,13.2,65.97,280.0,0
4880,50.11,2.45,100.0,926.0,0
52155,79.54,6.04,38.43,327.0,0
83722,61.87,3.97,60.12,89.0,0
96281,46.02,9.64,71.21,0.0,1
81151,54.16,-0.47,98.33,185.0,0
34402,98.14,8.26,43.4,628.0,0
92061,66.57,6.29,82.71,58.0,0
8543,77.49,11.26,57.57,711.0,0
95764,62.41,6.43,23.49,0.0,1
65346,56.29,6.5,66.89,345.0,0
94463,77.76,12.5,14.03,0.0,1
1088,62.5,8.5,61.68,911.0,0
29671,76.19,18.84,37.37,475.0,0
59465,20.57,9.03,73.31,320.0,0
42230,72.03,8.15,100.0,501.0,0
56251,97.79,15.55,63.33,349.0,0
22013,75.38,15.45,42.69,725.0,0
18633,81.66,6.73,72.48,793.0,0
69916,57.2,13.4,80.38,207.0,0
8239,64.83,8.05,65.51,974.0,0
5118,70.58,12.67,93.09,962.0,0
72734,68.78,4.97,85.57,243.0,0
90351,65.43,6.56,61.73,42.0,0
26407,54.61,11.03,58.42,813.0,0
68853,67.65,5.27,95.74,341.0,0
6669,83.41,18.05,88.14,868.0,0
43596,60.01,10.96,94.57,435.0,0
42866,43.64,5.83,92.42,495.0,0
59726,44.77,11.79,79.33,326.0,0
62926,45.97,10.88,52.78,225.0,0
25865,45.03,14.34,88.92,656.0,0
86402,55.04,-0.64,78.34,103.0,0
19417,76.16,15.35,58.77,789.0,0
4466,59.23,14.9,98.26,833.0,0
16925,67.29,13.68,54.19,832.0,0
2576,68.46,16.93,62.35,874.0,0
12637,97.24,6.39,86.6,841.0,0
36642,52.81,14.85,30.09,596.0,0
19423,47.97,12.47,61.37,766.0,0
77084,47.96,8.77,82.72,237.0,0
28825,61.83,7.69,69.46,663.0,0
43673,65.38,6.99,59.35,483.0,0
92154,49.46,7.92,100.0,45.0,0
16704,49.61,14.79,75.4,791.0,0
23042,26.37,6.65,81.25,562.0,0
86606,86.32,15.24,65.67,54.0,0
10074,75.35,12.75,94.68,865.0,0
60327,59.31,9.94,42.95,344.0,0
49018,74.08,12.18,76.38,468.0,0
92902,75.52,5.71,100.0,0.0,1
24707,62.45,10.15,94.96,706.0,0
12822,31.4,7.29,63.89,871.0,0
82094,73.46,7.38,61.64,99.0,0
47398,18.89,6.75,85.0,530.0,0
18631,69.38,8.72,88.34,672.0,0
96129,66.75,16.05,80.15,0.0,1
7500,83.47,10.47,73.88,843.0,0
442,66.5,10.36,47.49,862.0,0
3651,56.6,7.29,79.37,995.0,0
49188,60.18,13.13,85.13,377.0,0
42566,52.69,14.11,73.23,459.0,0
29242,56.89,19.24,100.0,605.0,0
81493,43.38,7.3,86.29,181.0,0
27136,43.15,11.34,100.0,751.0,0
80523,40.48,9.96,76.91,183.0,0
29244,69.46,20.66,40.93,625.0,0
23262,51.82,4.79,54.71,762.0,0
97186,62.7,3.72,87.86,45.0,0
85190,63.23,10.14,53.77,104.0,0
99054,77.92,17.51,100.0,0.0,1
37931,49.78,21.48,40.87,575.0,0
95179,46.49,15.37,91.12,0.0,1
85279,77.07,8.21,66.77,10.0,0
82687,47.9,7.69,49.92,117.0,0
78627,68.92,12.97,69.15,54.0,0
16803,79.34,7.19,46.2,813.0,0
50306,40.3,8.31,42.18,420.0,0
70477,57.89,5.53,80.3,273.0,0
2952,71.41,5.01,95.69,904.0,0
83623,82.2,11.87,94.64,191.0,0
32404,48.56,16.12,84.74,699.0,0
97410,68.13,8.98,99.38,32.0,0
96993,50.45,14.9,62.69,0.0,1
90409,76.0,-1.46,97.36,17.0,0
19403,60.45,7.66,40.7,732.0,0
44034,65.9,9.36,44.65,513.0,0
13219,66.04,13.08,91.04,805.0,0
58843,24.32,3.32,97.94,432.0,0
66367,55.51,11.24,17.99,283.0,0
15098,56.0,9.75,61.96,827.0,0
9822,49.24,10.08,70.8,906.0,0
35886,64.23,3.22,78.61,628.0,0
40584,62.33,11.59,50.73,577.0,0
59838,76.37,8.22,91.32,338.0,0
57978,66.11,11.87,100.0,450.0,0
3263,66.04,6.57,83.84,895.0,0
27813,47.81,7.12,66.3,810.0,0
96566,57.28,16.97,99.74,0.0,1
64473,65.09,8.88,44.36,281.0,0
77342,68.81,-2.11,51.39,84.0,0
68955,39.67,3.17,70.89,237.0,0
10209,52.26,10.17,86.39,975.0,0
86456,75.87,7.62,75.7,218.0,0
40871,50.99,12.82,66.44,581.0,0
27771,69.49,7.25,91.0,669.0,0
44273,76.69,11.52,47.8,457.0,0
80085,41.93,10.4,88.03,152.0,0
42839,83.26,14.7,74.87,576.0,0
22545,47.24,8.51,75.86,840.0,0
61643,67.52,13.04,94.47,315.0,0
64411,32.23,9.97,57.17,316.0,0
16094,51.23,16.29,77.84,872.0,0
96780,75.59,-4.16,61.52,0.0,1
30759,41.08,6.34,70.31,674.0,0
95721,62.25,12.72,40.83,0.0,1
63560,50.15,8.91,47.83,309.0,0
75938,76.87,9.37,44.39,178.0,0
74817,45.25,9.35,55.24,179.0,0
73571,58.39,5.59,57.09,197.0,0
63743,70.61,8.27,65.98,261.0,0
69185,40.53,15.07,45.26,229.0,0
23662,51.29,10.54,92.31,690.0,0
74065,53.76,17.89,38.55,255.0,0
28385,32.44,10.26,28.15,707.0,0
8916,51.5,6.55,72.24,843.0,0
6886,95.37,10.67,80.49,784.0,0
92922,73.87,17.33,56.49,79.0,0
28812,81.62,13.4,100.0,572.0,0
45174,67.41,8.82,42.63,546.0,0
63065,85.28,10.69,81.0,372.0,0
3914,73.52,9.92,66.17,895.0,0
98162,77.26,4.91,83.15,73.0,0
85266,47.47,16.1,68.53,142.0,0
62239,65.63,10.92,73.33,349.0,0
66738,74.17,9.8,62.29,250.0,0
42852,81.03,8.95,41.94,571.0,0
59528,51.95,14.77,54.16,291.0,0
88999,60.23,17.46,74.26,177.0,0
38018,43.05,7.97,82.27,598.0,0
90881,69.17,14.95,88.1,38.0,0
68012,74.21,12.59,60.57,310.0,0
7163,66.74,18.05,77.08,837.0,0
42735,16.84,6.64,78.59,549.0,0
49944,67.8,11.29,85.11,426.0,0
38985,70.12,7.85,67.97,623.0,0
10341,63.48,13.57,46.65,821.0,0
95864,63.71,5.48,85.37,0.0,1
61386,70.84,5.35,45.39,365.0,0
20683,43.44,3.14,56.34,725.0,0
31528,59.25,15.96,41.41,646.0,0
33385,52.88,22.91,100.0,649.0,0
40389,70.86,12.04,100.0,557.0,0
12700,55.17,1.75,100.0,882.0,0
74250,41.68,10.32,80.05,153.0,0
99335,61.18,6.39,79.15,0.0,1
95600,18.13,2.27,34.64,49.0,0
52109,55.31,6.81,84.78,416.0,0
15059,76.82,0.68,77.44,791.0,0
45458,47.15,9.49,73.48,526.0,0
56490,56.85,6.85,88.77,352.0,0
19168,63.78,13.69,90.43,832.0,0
88028,82.1,18.23,54.54,41.0,0
10091,55.42,12.87,61.1,796.0,0
37196,49.5,13.26,75.38,517.0,0
37812,46.38,17.77,82.47,561.0,0
81723,68.1,5.87,66.04,208.0,0
73945,54.29,13.21,82.58,179.0,0
74280,47.02,7.41,51.34,253.0,0
39675,49.05,9.62,61.03,566.0,0
57791,36.2,11.18,75.67,298.0,0
3954,64.49,4.06,67.39,855.0,0
54516,79.31,13.33,100.0,394.0,0
15467,76.52,6.1,79.67,789.0,0
73354,92.37,3.82,94.55,155.0,0
6622,55.84,11.11,45.36,958.0,0
17881,80.58,5.4,50.57,783.0,0
93336,71.96,3.17,56.17,56.0,0
96852,79.11,14.62,71.84,0.0,1
35810,70.29,4.19,70.3,537.0,0
83313,68.3,7.0,76.25,134.0,0
23027,35.23,13.36,59.43,692.0,0
99890,74.07,21.44,67.35,0.0,1
40438,59.44,14.69,62.25,574.0,0
25921,57.77,13.19,50.44,718.0,0
15552,64.04,10.76,37.85,727.0,0
98492,64.82,12.18,97.09,24.0,0
69157,37.18,9.05,79.68,247.0,0
17141,49.29,9.32,71.4,747.0,0
74388,92.75,10.1,49.64,282.0,0
49441,47.94,7.69,41.3,477.0,0
99441,40.58,8.57,61.87,0.0,1
94187,46.95,11.18,100.0,54.0,0
32961,76.0,9.04,71.2,637.0,0
17017,64.09,5.56,48.04,660.0,0
95762,64.66,3.43,66.81,28.0,0
53211,83.64,7.88,100.0,425.0,0
77089,69.26,7.41,72.59,238.0,0
27416,52.85,15.47,68.66,700.0,0
3105,57.63,10.34,78.48,921.0,0
94144,45.95,5.97,66.15,0.0,1
99489,67.46,13.31,79.47,0.0,1
61873,46.32,10.39,74.61,381.0,0
99612,74.3,11.38,65.09,0.0,1
28900,74.66,9.43,79.97,629.0,0
74208,52.15,18.19,66.65,225.0,0
69425,16.68,8.4,72.97,335.0,0
20453,73.63,9.93,74.33,822.0,0
85325,54.81,5.9,68.6,88.0,0
57950,43.89,16.68,50.05,375.0,0
23512,62.61,9.86,76.81,703.0,0
21148,47.04,5.71,100.0,724.0,0
67234,39.15,-2.61,88.09,264.0,0
42354,33.36,14.82,95.55,497.0,0
609,54.1,14.89,61.31,931.0,0
30129,69.49,12.08,81.76,622.0,0
5626,64.53,10.44,48.74,893.0,0
67614,58.74,19.39,62.94,239.0,0
45805,71.2,12.68,45.07,426.0,0
95595,87.32,14.29,97.55,0.0,1
43550,69.13,1.28,60.09,583.0,0
72807,35.45,9.28,46.41,256.0,0
6050,91.37,13.37,56.08,907.0,0
56047,64.39,20.91,60.88,351.0,0
81210,69.2,11.29,64.35,147.0,0
43102,62.53,15.06,74.41,473.0,0
71039,77.69,3.9,34.89,180.0,0
7094,62.32,10.24,67.21,850.0,0
96346,54.45,21.1,100.0,0.0,1
98443,88.47,15.61,82.67,0.0,1
71132,62.05,12.25,62.73,212.0,0
95597,104.21,9.22,81.15,0.0,1
3895,85.25,6.42,86.42,912.0,0
18608,56.19,14.76,77.45,760.0,0
7282,49.66,15.6,52.32,906.0,0
78870,76.57,13.57,59.25,104.0,0
91822,50.29,3.75,83.87,22.0,0
73258,59.64,11.01,44.43,176.0,0
79416,78.72,10.52,43.68,217.0,0
59892,43.06,8.94,80.04,392.0,0
58388,38.18,1.97,54.59,449.0,0
46294,50.15,9.04,100.0,602.0,0
38458,35.68,17.47,71.82,557.0,0
68515,49.47,3.71,95.16,307.0,0
24613,50.81,13.01,100.0,751.0,0
26036,32.15,14.38,50.08,718.0,0
86443,56.06,-1.54,65.03,126.0,0
54210,76.6,9.7,67.46,379.0,0
91634,64.11,5.62,58.18,0.0,1
26304,61.38,13.21,71.97,695.0,0
74424,90.97,0.77,100.0,120.0,0
92408,73.99,13.1,65.57,46.0,0
71330,74.6,11.52,60.35,129.0,0
50207,64.16,8.87,78.22,411.0,0
64621,76.95,5.15,96.77,299.0,0
27604,56.39,9.44,46.5,777.0,0
9382,63.82,10.52,89.98,796.0,0
54810,73.28,7.87,62.74,356.0,0
22582,71.89,8.73,63.37,729.0,0
64709,73.5,10.35,71.06,247.0,0
13029,100.08,5.93,24.73,791.0,0
49240,50.7,12.52,30.14,316.0,0
43574,78.52,11.49,58.26,487.0,0
78545,40.52,6.4,68.38,143.0,0
96785,60.87,9.17,86.89,0.0,1
59328,57.19,15.37,78.8,302.0,0
37135,67.14,3.96,41.46,578.0,0
11366,42.64,6.71,36.9,841.0,0
43304,68.36,3.64,82.97,509.0,0
85827,48.68,15.97,63.19,93.0,0
63247,64.85,9.1,50.91,383.0,0
6511,77.21,8.96,55.38,858.0,0
49622,55.44,9.09,43.09,440.0,0
34129,64.59,7.01,75.79,536.0,0
68120,84.36,14.76,54.04,217.0,0
42094,33.67,9.18,57.67,605.0,0
39130,52.98,6.85,58.85,565.0,0
98737,23.27,16.06,100.0,0.0,1
74796,47.85,12.42,63.63,278.0,0
49225,78.64,8.73,71.56,481.0,0
79164,32.54,15.95,65.42,206.0,0
6440,30.76,5.48,70.88,841.0,0
3968,55.69,10.12,68.41,926.0,0
85342,52.09,13.69,70.8,28.0,0
64494,55.51,14.33,38.02,288.0,0
47745,40.94,12.86,61.0,477.0,0
61993,76.38,7.08,61.48,370.0,0
35730,57.59,7.71,78.92,556.0,0
94461,78.15,11.5,100.0,0.0,1
57668,60.89,11.31,80.46,412.0,0
95604,74.2,16.25,81.35,7.0,0
22516,56.56,8.37,77.22,711.0,0
91200,58.35,4.25,73.69,62.0,0
97661,73.79,3.97,75.77,5.0,1
87870,63.81,16.37,64.41,15.0,0
82910,67.39,11.8,100.0,116.0,0
67499,79.12,4.54,35.38,190.0,0
57798,34.81,6.75,47.13,404.0,0
37894,50.08,5.13,77.65,542.0,0
70998,54.43,12.11,57.99,231.0,0
27507,78.5,11.21,67.11,669.0,0
18922,68.2,14.21,89.04,700.0,0
40434,74.06,6.45,86.28,537.0,0
34225,36.45,8.77,73.24,661.0,0
26937,52.96,15.27,67.46,714.0,0
80259,44.29,15.09,93.16,124.0,0
47335,57.43,9.74,100.0,445.0,0
45655,63.75,6.9,95.77,483.0,0
83027,48.25,8.01,93.0,144.0,0
15338,46.48,15.5,100.0,725.0,0
32683,65.67,14.09,71.99,664.0,0
15139,44.57,6.55,71.76,866.0,0
28721,42.4,8.12,78.01,548.0,0
53563,41.34,-2.81,53.21,515.0,0
42947,74.9,7.92,100.0,518.0,0
61462,68.75,18.17,100.0,301.0,0
15912,56.71,7.76,70.91,817.0,0
97009,51.42,20.93,61.63,0.0,1
51506,73.95,10.16,18.1,432.0,0
69405,75.09,9.75,69.21,238.0,0
51646,60.75,15.93,85.48,324.0,0
58237,71.3,10.11,93.6,325.0,0
30591,79.17,8.7,88.49,685.0,0
11191,54.57,7.78,69.43,862.0,0
28479,34.95,7.61,37.66,674.0,0
6674,30.74,10.58,67.24,840.0,0
65230,40.75,8.38,100.0,362.0,0
19038,57.64,17.48,100.0,836.0,0
64147,67.79,10.63,77.53,359.0,0
16816,15.87,9.03,54.21,818.0,0
44016,34.8,20.34,69.74,464.0,0
85864,53.19,8.09,78.55,131.0,0
14433,80.37,-2.97,66.81,788.0,0
62913,64.94,13.28,100.0,362.0,0
15500,72.79,14.22,75.77,785.0,0
89415,73.52,17.27,66.91,24.0,0
55510,69.23,13.09,100.0,342.0,0
57585,56.72,12.27,85.34,435.0,0
57843,58.3,4.48,62.4,355.0,0
90112,60.89,11.09,43.75,37.0,0
67744,65.74,13.41,78.85,206.0,0
82380,92.84,9.55,99.17,64.0,0
9554,34.64,10.31,64.63,856.0,0
29114,44.03,18.8,81.14,622.0,0
43948,69.72,15.9,85.53,486.0,0
96286,87.65,8.4,79.23,0.0,1
80721,48.16,8.94,33.11,141.0,0
24488,54.51,7.75,77.35,816.0,0
12501,54.31,18.61,45.52,836.0,0
86405,40.41,14.11,70.37,99.0,0
25319,85.57,10.22,58.69,562.0,0
33297,57.35,2.27,71.6,607.0,0
4957,31.16,14.84,100.0,858.0,0
77645,47.27,8.15,64.81,201.0,0
65154,32.3,7.23,100.0,372.0,0
59989,63.7,11.04,71.66,296.0,0
41232,57.72,10.45,100.0,549.0,0
14428,47.18,8.54,90.48,732.0,0
96562,43.33,6.77,83.74,97.0,0
28804,59.21,17.63,24.27,682.0,0
90257,48.71,7.6,53.03,74.0,0
5233,70.04,4.97,56.7,818.0,0
63999,62.75,10.16,100.0,253.0,0
50474,73.99,12.37,68.87,449.0,0
46087,66.31,10.74,86.38,473.0,0
68924,91.46,6.73,100.0,211.0,0
73359,72.41,15.74,75.79,248.0,0
71567,81.73,12.18,100.0,289.0,0
69236,57.68,1.85,50.37,273.0,0
17013,87.2,12.36,92.54,828.0,0
44527,36.96,7.56,36.03,486.0,0
44929,86.68,5.0,88.69,553.0,0
9086,59.29,15.66,60.21,917.0,0
89502,69.18,10.42,90.12,174.0,0
43756,48.97,4.85,67.72,407.0,0
46057,63.38,7.79,37.12,499.0,0
29222,65.53,13.41,73.38,678.0,0
34793,61.83,7.34,52.6,523.0,0
49007,73.27,12.04,64.87,428.0,0
30579,83.8,15.55,46.8,540.0,0
28485,58.58,2.38,100.0,670.0,0
12493,93.34,6.77,23.87,836.0,0
80205,59.58,10.14,63.02,134.0,0
35680,58.72,10.61,57.41,584.0,0
51767,69.16,13.77,54.99,457.0,0
13706,54.61,14.23,91.51,875.0,0
85510,70.07,10.53,89.53,140.0,0
46456,37.4,10.99,94.57,576.0,0
35090,54.26,18.39,50.12,580.0,0
82276,59.98,14.28,89.3,75.0,0
24164,81.38,14.38,71.12,733.0,0
85120,57.85,10.3,35.81,104.0,0
29978,69.33,19.25,89.94,690.0,0
33041,54.63,3.57,92.47,619.0,0
94908,82.35,16.0,90.98,33.0,0
48445,64.54,11.5,73.13,458.0,0
39998,63.42,9.16,95.01,569.0,0
34130,82.89,14.34,58.28,615.0,0
99440,44.38,-0.04,100.0,0.0,1
93833,47.37,19.36,65.28,0.0,1
19453,62.97,5.09,60.4,838.0,0
45024,56.61,13.2,36.85,540.0,0
26198,56.74,14.72,98.01,707.0,0
86648,60.78,2.76,51.53,93.0,0
30162,48.83,20.8,40.85,732.0,0
51637,63.65,13.35,83.43,382.0,0
96525,79.29,-0.29,72.61,0.0,1
14343,44.51,3.76,86.52,836.0,0
78344,70.52,11.06,70.36,211.0,0
25517,55.3,13.93,79.84,691.0,0
57561,29.89,4.17,100.0,406.0,0
44780,58.42,10.54,100.0,533.0,0
39788,69.1,11.02,36.56,609.0,0
17276,51.33,13.2,67.54,715.0,0
82025,63.85,11.61,53.23,147.0,0
38608,39.5,16.48,59.69,553.0,0
42902,34.24,3.56,49.07,595.0,0
10116,43.59,15.53,71.17,887.0,0
75471,43.73,6.42,51.78,225.0,0
2531,62.18,13.88,67.64,858.0,0
28127,36.13,11.11,75.99,672.0,0
54743,58.03,11.62,51.42,369.0,0
98452,65.01,7.85,40.9,0.0,1
55166,42.29,10.76,27.43,289.0,0
4841,58.96,4.05,44.83,848.0,0
92368,76.01,6.62,62.58,0.0,1
38214,62.49,13.29,77.29,491.0,0
30084,56.84,15.8,57.74,622.0,0
6254,80.09,7.17,86.73,789.0,0
86914,66.78,9.84,97.86,75.0,0
43482,68.52,-1.26,77.26,644.0,0
33524,69.57,7.31,62.11,590.0,0
52032,56.12,7.29,82.64,393.0,0
76391,46.94,5.81,82.71,193.0,0
65453,38.82,13.11,90.92,295.0,0
16902,43.86,16.69,64.85,797.0,0
65554,56.73,-1.19,72.98,377.0,0
32441,73.34,13.79,98.47,606.0,0
13935,94.99,4.43,56.93,736.0,0
70571,54.76,16.6,54.15,187.0,0
53705,65.52,11.65,68.87,393.0,0
58176,41.09,8.69,52.71,469.0,0
24565,74.18,16.67,32.16,698.0,0
94498,82.62,5.49,83.04,99.0,0
52174,38.31,1.45,84.11,424.0,0
98318,53.77,20.46,93.12,0.0,1
40476,40.54,13.15,54.52,471.0,0
72285,37.41,9.46,100.0,197.0,0
8074,96.73,15.13,77.52,795.0,0
76101,88.98,5.13,78.16,118.0,0
93483,59.11,14.0,72.05,19.0,0
86611,97.63,11.08,86.88,16.0,0
6195,55.82,8.87,94.31,895.0,0
8477,86.85,-3.84,56.67,908.0,0
55584,24.99,2.96,65.79,430.0,0
78540,55.06,4.25,73.25,127.0,0
68186,60.22,-0.19,74.74,341.0,0
15249,68.15,14.0,77.55,823.0,0
99658,57.44,7.79,58.53,28.0,0
34720,44.04,2.21,71.96,616.0,0
57642,63.87,18.75,56.82,354.0,0
29270,54.94,11.62,45.98,661.0,0
22487,54.36,20.35,69.89,705.0,0
13801,42.95,-0.09,100.0,827.0,0
51550,89.31,12.36,44.52,489.0,0
7754,64.27,8.27,76.78,826.0,0
55423,66.39,4.9,45.48,405.0,0
9446,99.87,17.83,55.88,871.0,0
44407,86.59,14.64,55.41,505.0,0
70009,59.18,10.82,62.98,233.0,0
39298,45.83,14.05,64.83,656.0,0
5520,66.53,1.22,73.64,852.0,0
78456,72.72,13.09,71.72,236.0,0
32761,35.25,9.8,100.0,647.0,0
18484,47.51,0.69,37.66,746.0,0
9835,71.39,22.41,91.91,842.0,0
40619,76.81,13.67,71.57,492.0,0
8514,53.92,16.83,61.16,850.0,0
19780,30.76,11.69,71.31,663.0,0
6079,41.09,9.84,62.19,900.0,0
61045,89.38,17.19,100.0,296.0,0
4302,73.91,11.96,30.68,843.0,0
68831,70.99,8.54,41.07,294.0,0
13137,59.06,10.16,85.99,886.0,0
96998,45.95,8.77,67.69,30.0,0
21987,53.43,7.8,54.56,633.0,0
67121,24.95,8.84,95.11,298.0,0
58692,50.38,10.65,83.73,342.0,0
3287,63.72,10.35,100.0,855.0,0
19834,34.84,3.61,84.22,733.0,0
1280,65.24,7.24,88.08,999.0,0
24929,69.63,7.48,98.03,691.0,0
92616,67.15,11.13,35.31,12.0,0
382,50.47,7.1,58.79,1026.0,0
81408,61.81,5.19,65.71,113.0,0
67143,64.4,8.86,70.78,254.0,0
90054,44.45,0.11,49.38,47.0,0
31652,78.16,8.86,60.53,646.0,0
52582,47.1,6.67,46.31,453.0,0
73775,65.04,4.32,100.0,197.0,0
43999,66.59,7.14,100.0,477.0,0
1701,63.99,7.49,100.0,929.0,0
13778,39.78,12.31,46.45,822.0,0
76312,32.81,16.26,91.94,261.0,0
67126,59.97,4.73,82.72,285.0,0
88599,70.18,14.45,57.52,130.0,0
68544,58.54,16.31,57.5,222.0,0
22328,74.55,13.72,93.55,687.0,0
6048,81.73,12.19,49.17,869.0,0
77175,51.09,13.87,58.54,129.0,0
3858,84.9,14.61,78.6,934.0,0
97836,32.4,10.13,78.8,11.0,0
41499,87.73,0.83,49.33,524.0,0
40999,66.27,10.2,66.43,592.0,0
27729,38.01,-1.13,62.8,721.0,0
33973,45.99,3.56,60.35,571.0,0
84757,41.41,15.15,36.56,186.0,0
5251,52.91,6.47,54.29,1004.0,0
54011,52.78,13.62,45.84,453.0,0
70869,62.7,11.48,76.25,175.0,0
5255,59.99,9.87,99.88,864.0,0
62166,70.37,8.99,58.21,380.0,0
78797,37.02,13.01,69.46,65.0,0
35692,61.5,2.87,74.62,633.0,0
23559,39.49,10.71,73.87,741.0,0
31691,73.67,5.44,93.55,647.0,0
56565,67.33,9.13,92.01,301.0,0
37536,69.37,12.03,18.68,585.0,0
23465,71.23,3.46,59.9,650.0,0
29891,47.64,12.46,61.6,667.0,0
23665,44.47,15.2,83.16,745.0,0
26991,69.78,21.96,57.14,602.0,0
82680,58.73,7.4,78.4,88.0,0
20582,55.77,0.41,78.1,785.0,0
44999,85.96,2.71,71.21,469.0,0
7684,66.68,12.91,74.77,916.0,0
9350,49.76,12.73,77.61,975.0,0
9714,36.74,11.62,100.0,813.0,0
69912,55.01,11.8,79.81,233.0,0
73820,69.08,11.57,77.56,153.0,0
52318,55.69,1.37,100.0,549.0,0
53823,74.78,13.57,51.55,421.0,0
73948,92.88,13.88,30.87,187.0,0
18236,78.39,12.72,52.47,844.0,0
87669,67.78,9.92,51.04,23.0,0
35613,55.8,4.21,91.29,595.0,0
52043,52.83,7.4,70.64,383.0,0
25320,74.83,13.13,46.75,589.0,0
17765,37.34,12.1,29.08,740.0,0
68407,63.0,9.2,16.86,245.0,0
23911,64.85,9.71,86.71,727.0,0
13036,56.44,16.71,79.19,801.0,0
83286,58.49,8.56,66.91,137.0,0
54211,87.22,13.85,67.4,447.0,0
73836,60.33,13.79,36.19,198.0,0
51210,79.2,10.97,66.68,352.0,0
53546,71.8,9.48,59.41,485.0,0
50939,86.46,17.74,100.0,447.0,0
14319,56.75,7.27,80.05,862.0,0
27837,46.14,14.59,44.69,697.0,0
48116,56.13,5.38,34.84,566.0,0
74160,62.94,10.37,70.63,234.0,0
6622,59.45,4.58,100.0,910.0,0
62884,36.23,20.86,70.72,331.0,0
41490,67.17,9.08,78.7,547.0,0
77803,51.49,8.37,74.76,279.0,0
76230,51.4,12.99,61.29,111.0,0
71246,76.29,13.51,91.89,241.0,0
94811,60.51,14.0,86.73,0.0,1
45219,56.43,6.81,55.79,536.0,0
28144,62.82,9.95,78.19,717.0,0
61723,54.87,18.44,78.19,274.0,0
11228,54.19,1.44,100.0,853.0,0
51842,53.96,5.95,61.42,487.0,0
1533,52.66,5.3,81.22,945.0,0
45745,50.35,4.63,54.47,548.0,0
67628,51.3,8.29,71.19,277.0,0
31996,47.94,6.09,59.96,706.0,0
58900,43.72,14.92,87.18,274.0,0
69243,80.71,7.77,100.0,274.0,0
95725,62.89,9.42,100.0,0.0,1
9945,38.72,12.82,68.86,843.0,0
46338,45.98,8.17,66.36,485.0,0
36822,57.92,7.81,46.34,641.0,0
18933,27.4,6.47,77.3,829.0,0
15862,61.89,12.42,71.62,846.0,0
88437,45.41,6.26,43.08,157.0,0
33124,60.77,6.3,60.48,741.0,0
69378,64.04,12.53,100.0,343.0,0
38525,47.34,10.32,76.81,485.0,0
21736,43.95,-0.34,65.93,816.0,0
80543,32.29,16.88,77.41,226.0,0
805,75.32,10.66,44.28,898.0,0
82962,57.9,14.32,97.31,162.0,0
44622,78.48,12.53,89.43,520.0,0
21473,75.26,16.26,44.94,680.0,0
72050,67.12,9.06,68.63,282.0,0
97367,61.77,15.06,70.01,0.0,1
80537,53.79,4.58,46.29,103.0,0
21836,32.48,6.87,52.5,822.0,0
34453,42.22,6.65,50.69,601.0,0
64380,56.36,7.41,100.0,354.0,0
70878,49.73,9.36,30.66,284.0,0
5305,71.77,14.27,50.86,818.0,0
77984,54.22,11.53,51.38,139.0,0
40440,24.85,-4.21,100.0,607.0,0
48613,63.16,15.5,73.79,430.0,0
54320,54.87,0.63,70.37,343.0,0
21470,64.6,11.39,41.23,722.0,0
70793,81.05,13.7,83.89,225.0,0
21007,40.73,16.56,65.67,739.0,0
32303,64.13,15.72,69.89,497.0,0
92887,65.11,12.2,50.4,10.0,0
85202,71.25,4.3,71.84,140.0,0
82005,55.27,12.23,62.87,229.0,0
79966,71.9,1.5,20.52,91.0,0
689,72.45,9.32,97.74,937.0,0
20959,71.97,-4.61,71.23,836.0,0
77303,67.98,7.39,47.81,234.0,0
7560,60.87,7.88,86.36,900.0,0
19541,59.24,9.43,92.13,783.0,0
68506,76.04,9.91,60.87,341.0,0
63277,46.57,9.57,93.74,381.0,0
88325,68.46,6.39,71.75,160.0,0
43535,64.77,12.86,77.86,574.0,0
10108,43.79,11.13,100.0,861.0,0
74064,59.51,1.68,60.86,275.0,0
78116,74.84,4.84,100.0,199.0,0
46991,75.71,2.65,100.0,526.0,0
31586,52.56,20.1,100.0,689.0,0
34855,63.81,13.01,96.98,596.0,0
56500,40.12,11.33,98.33,291.0,0
65612,73.03,18.67,66.82,246.0,0
40303,51.96,8.64,76.98,521.0,0
60960,40.0,6.62,58.84,310.0,0
40365,59.08,6.16,73.63,588.0,0
36841,62.05,10.18,87.41,521.0,0
77605,41.87,8.71,84.15,175.0,0
15994,54.3,12.68,66.45,850.0,0
69566,73.4,7.87,100.0,201.0,0
33184,70.2,20.89,66.92,643.0,0
39480,68.36,7.87,78.63,675.0,0
67182,43.19,4.24,74.28,333.0,0
91513,81.88,7.19,53.66,37.0,0
29081,80.42,7.42,66.87,623.0,0
19805,74.39,6.08,80.14,703.0,0
78598,48.77,7.77,63.51,278.0,0
7638,54.83,7.11,49.47,810.0,0
23879,59.67,10.31,74.23,736.0,0
80544,65.74,7.35,64.09,111.0,0
19231,93.41,8.38,97.17,749.0,0
34092,92.36,12.35,63.31,484.0,0
7310,83.1,8.02,58.21,800.0,0
64403,37.62,1.92,79.96,243.0,0
42330,49.47,-0.26,46.91,649.0,0
47596,73.14,8.21,77.15,504.0,0
96741,78.29,14.34,100.0,0.0,1
65403,35.42,12.37,70.34,377.0,0
90188,70.94,11.17,66.18,19.0,0
77840,62.39,7.69,77.05,160.0,0
50855,63.66,18.48,46.03,386.0,0
46129,37.44,11.33,67.78,519.0,0
62273,72.77,6.2,92.94,388.0,0
953,43.36,15.09,58.18,885.0,0
16677,73.27,17.92,90.03,757.0,0
86194,30.42,-1.5,51.91,188.0,0
39313,51.88,20.53,76.41,599.0,0
13680,51.58,13.98,64.03,890.0,0
35169,49.07,12.28,65.0,587.0,0
70398,52.26,5.78,73.78,168.0,0
11178,65.49,9.75,87.14,845.0,0
63891,61.69,13.0,68.68,344.0,0
15597,44.22,20.28,26.57,736.0,0
33356,60.33,11.16,50.69,548.0,0
72046,45.83,6.58,94.32,249.0,0
30294,66.14,5.96,62.36,567.0,0
85886,41.66,15.87,80.04,80.0,0
99661,26.67,12.22,45.24,19.0,0
90992,54.52,16.5,55.93,11.0,0
46707,26.74,11.85,73.25,430.0,0
58577,77.88,9.03,37.48,371.0,0
13054,79.7,3.75,40.07,820.0,0
43187,78.64,7.92,100.0,592.0,0
61797,34.99,4.02,61.59,290.0,0
40748,69.38,16.88,45.64,544.0,0
28437,73.23,5.67,70.67,656.0,0
31425,59.18,22.71,80.53,559.0,0
11392,41.56,0.67,60.3,887.0,0
39577,53.09,3.11,89.43,508.0,0
25382,48.04,20.79,79.56,731.0,0
32121,76.39,14.61,88.82,553.0,0
62834,58.29,13.34,91.98,328.0,0
24997,69.88,4.15,100.0,658.0,0
92111,36.97,11.71,100.0,62.0,0
12893,74.47,11.42,74.12,762.0,0
63413,62.85,13.7,67.31,348.0,0
10619,71.92,9.53,74.27,799.0,0
81161,90.06,7.09,63.67,202.0,0
80336,58.48,8.7,51.69,158.0,0
82854,54.74,9.86,70.93,108.0,0
98474,45.22,13.6,81.46,0.0,1
72335,39.57,10.03,95.07,313.0,0
89774,65.83,10.56,100.0,84.0,0
80401,69.65,11.28,75.99,125.0,0
35817,53.04,17.21,85.93,632.0,0
55738,66.91,12.13,30.9,347.0,0
23680,51.97,8.93,80.88,771.0,0
62984,77.07,17.92,81.97,263.0,0
57073,25.81,9.88,55.13,369.0,0
54212,41.39,9.9,26.39,330.0,0
98869,70.64,5.3,67.47,0.0,1
74847,64.36,1.5,65.62,206.0,0
15319,70.77,7.28,86.4,807.0,0
51053,58.83,13.24,57.61,446.0,0
45796,42.85,3.2,71.69,485.0,0
60109,47.27,13.77,69.49,414.0,0
26862,54.58,6.09,50.02,682.0,0
29904,47.91,13.03,100.0,631.0,0
12359,45.46,13.51,83.22,919.0,0
35069,70.41,12.06,97.4,616.0,0
22301,69.68,11.39,100.0,614.0,0
47276,44.68,15.19,75.75,395.0,0
31021,66.29,8.0,68.43,606.0,0
11959,59.58,11.45,82.24,871.0,0
35722,67.19,7.89,84.88,634.0,0
19724,53.68,14.14,64.42,660.0,0
86855,64.15,18.97,85.68,51.0,0
78963,57.36,5.69,85.42,202.0,0
85345,61.84,3.99,61.96,55.0,0
54488,70.52,2.75,61.01,475.0,0
96908,69.07,24.26,59.05,0.0,1
56042,55.03,9.24,55.86,338.0,0
51997,35.04,-0.69,74.91,489.0,0
37257,57.39,11.01,70.22,525.0,0
19766,59.41,10.62,39.1,826.0,0
97039,80.42,16.58,93.5,0.0,1
87197,44.08,15.31,76.2,0.0,1
59707,54.9,8.47,42.25,288.0,0
73877,57.19,13.29,90.68,231.0,0
35452,39.19,19.72,64.27,576.0,0
70753,50.77,6.27,46.0,249.0,0
40628,31.85,8.52,64.63,569.0,0
80495,56.99,15.75,55.52,139.0,0
65222,37.18,13.46,100.0,339.0,0
15816,57.54,11.14,47.31,842.0,0
14064,76.6,13.98,79.66,717.0,0
87386,69.17,4.83,79.57,0.0,1
83843,59.8,4.03,79.95,195.0,0
50559,57.07,-0.82,96.89,490.0,0
49909,68.93,2.15,36.27,468.0,0
99929,54.53,14.79,88.45,34.0,0
14684,78.54,13.02,59.96,799.0,0
60715,70.35,8.46,41.36,351.0,0
10863,74.6,1.51,73.33,870.0,0
49196,52.04,14.3,61.17,423.0,0
29576,83.01,8.79,87.66,651.0,0
33742,30.71,11.84,93.68,681.0,0
15046,59.15,20.21,74.59,751.0,0
20018,59.74,6.02,88.2,763.0,0
28696,46.03,7.22,53.31,619.0,0
90712,50.58,7.67,79.79,0.0,1
60938,84.94,7.33,74.2,377.0,0
87374,60.43,5.71,50.29,208.0,0
59166,54.78,9.48,100.0,370.0,0
43105,51.17,19.28,62.58,482.0,0
6703,42.52,9.91,96.97,859.0,0
38419,47.59,8.55,69.7,568.0,0
22701,58.08,3.11,91.72,693.0,0
51256,68.75,13.23,48.47,371.0,0
77988,70.96,7.02,94.17,68.0,0
26450,78.22,17.17,48.6,657.0,0
99967,42.67,2.25,49.28,0.0,1
63704,58.32,4.13,47.93,436.0,0
51912,54.56,-1.29,49.74,451.0,0
52688,59.41,8.82,100.0,340.0,0
36791,62.04,13.88,100.0,565.0,0
31720,41.51,11.06,80.25,669.0,0
69802,58.3,13.76,100.0,171.0,0
24851,60.69,14.78,67.03,677.0,0
46851,58.5,8.7,46.3,435.0,0
50902,82.95,15.32,79.89,424.0,0
34897,29.99,8.21,77.26,619.0,0
17048,62.06,12.71,63.28,824.0,0
72635,61.63,13.48,56.09,249.0,0
56991,68.44,5.74,43.8,387.0,0
53985,60.58,14.39,81.52,357.0,0
86104,60.64,12.71,97.76,57.0,0
22599,56.22,2.77,55.28,760.0,0
70777,60.98,11.46,87.76,305.0,0
45654,60.61,0.46,67.94,501.0,0
99617,68.98,18.0,63.95,0.0,1
5181,51.07,6.28,65.37,966.0,0
18371,29.26,19.75,63.3,757.0,0
67160,76.72,1.75,67.75,369.0,0
5527,72.65,14.03,32.31,895.0,0
81886,73.1,10.16,74.88,108.0,0
86445,65.31,12.14,79.21,41.0,0
96534,64.11,7.62,40.44,84.0,0
38817,89.06,8.6,46.76,622.0,0
61181,57.67,10.0,89.14,300.0,0
26427,48.13,5.89,77.37,670.0,0
41433,52.04,21.63,60.31,516.0,0
17236,46.58,13.46,80.65,786.0,0
6697,65.04,2.92,75.63,971.0,0
1080,55.83,13.29,50.31,958.0,0
83201,75.14,12.27,63.27,76.0,0
70987,62.61,13.78,53.19,179.0,0
13197,98.67,10.52,87.5,851.0,0
32585,62.24,13.35,85.14,696.0,0
20152,59.11,19.23,84.95,770.0,0
21644,67.76,6.74,83.35,785.0,0
21012,69.78,12.25,73.35,630.0,0
78548,51.67,8.44,81.6,118.0,0
57001,56.98,8.23,33.57,455.0,0
37285,42.09,11.61,80.77,587.0,0
87875,65.28,9.46,35.59,72.0,0
80524,68.87,18.31,54.05,131.0,0
79595,52.31,6.53,94.62,277.0,0
55940,65.43,10.92,85.7,375.0,0
75602,39.57,14.27,76.03,215.0,0
90359,71.42,10.79,69.95,0.0,1
8898,77.47,22.33,62.53,808.0,0
31884,79.39,9.6,30.81,574.0,0
94937,74.07,12.61,98.98,0.0,1
25600,53.95,5.02,100.0,659.0,0
74226,45.53,10.65,54.29,140.0,0
21113,42.53,14.49,91.29,792.0,0
84311,57.07,6.66,48.62,83.0,0
62255,54.73,13.13,64.83,380.0,0
76477,66.37,8.72,84.36,166.0,0
95557,50.09,14.38,83.45,0.0,1
17470,48.35,7.14,63.91,790.0,0
11699,59.66,7.4,62.47,884.0,0
28995,30.97,11.47,86.0,717.0,0
91764,49.36,17.74,74.53,26.0,0
77548,40.97,10.48,92.04,163.0,0
89091,31.29,-1.56,64.85,94.0,0
30697,54.02,10.98,84.54,576.0,0
91950,73.2,7.02,63.49,0.0,1
13405,46.76,12.11,56.25,862.0,0
64578,68.0,4.0,100.0,325.0,0
82095,84.55,3.25,77.1,143.0,0
19532,42.49,11.95,47.24,735.0,0
78346,39.16,11.86,98.59,216.0,0
1448,64.13,9.26,50.98,961.0,0
36086,59.49,15.56,80.18,646.0,0
24867,101.38,11.35,82.54,606.0,0
50506,62.32,14.07,82.58,454.0,0
1827,101.52,1.91,56.13,935.0,0
53180,67.01,10.84,64.11,539.0,0
81793,39.38,11.16,47.42,191.0,0
93536,71.04,6.6,52.33,2.0,1
12179,53.38,11.79,59.23,778.0,0
61802,54.07,12.99,100.0,370.0,0
2842,76.65,5.54,87.3,956.0,0
5610,50.97,18.14,50.07,858.0,0
46941,61.75,5.13,54.51,484.0,0
24684,77.05,12.54,100.0,696.0,0
71995,63.86,2.72,74.36,189.0,0
18110,48.52,12.95,44.51,786.0,0
24535,57.33,10.02,84.81,744.0,0
42364,70.06,5.21,22.2,574.0,0
93101,66.34,5.11,44.45,63.0,0
25208,87.06,3.27,49.8,738.0,0
82237,101.13,11.62,82.94,154.0,0
19757,90.09,4.5,12.53,791.0,0
33720,38.39,11.14,62.93,658.0,0
6571,47.41,4.82,65.88,910.0,0
56716,34.54,5.31,40.28,481.0,0
27886,61.59,4.8,61.28,746.0,0
63652,67.3,14.75,100.0,322.0,0
88770,63.96,4.31,80.15,70.0,0
61388,60.73,15.37,65.51,275.0,0
79687,80.84,0.62,46.32,111.0,0
58519,36.55,8.01,66.74,417.0,0
8314,59.8,3.99,82.31,858.0,0
62566,35.08,7.18,79.58,373.0,0
32568,75.03,16.14,71.16,620.0,0
87269,30.82,5.57,66.85,91.0,0
44212,51.65,6.82,56.25,465.0,0
92336,73.77,12.07,77.56,14.0,0
44107,80.0,3.32,64.73,431.0,0
18531,56.54,20.1,78.5,704.0,0
86259,63.91,14.67,60.81,72.0,0
3430,53.71,5.01,88.76,936.0,0
32815,51.2,15.3,90.91,585.0,0
62020,78.7,8.72,93.84,384.0,0
33206,44.21,11.85,72.59,600.0,0
51857,39.96,10.33,54.66,492.0,0
31829,68.86,8.33,47.87,595.0,0
64346,45.81,13.59,62.42,336.0,0
30392,76.09,8.15,66.41,696.0,0
59556,54.58,10.99,96.07,347.0,0
25894,57.41,12.04,72.74,652.0,0
21540,78.07,3.05,51.95,724.0,0
45884,68.47,11.16,71.23,586.0,0
34102,59.04,8.63,69.87,617.0,0
93839,67.46,16.29,50.48,0.0,1
51899,87.11,12.96,100.0,368.0,0
38821,59.0,9.39,56.81,451.0,0
41136,46.7,7.27,86.36,601.0,0
29307,43.46,7.55,65.99,656.0,0
83681,59.34,15.46,48.97,40.0,0
25192,57.37,7.93,61.99,816.0,0
10105,47.3,8.24,98.07,872.0,0
22986,60.91,5.28,75.2,763.0,0
43729,41.01,18.58,75.68,511.0,0
3320,52.28,9.05,46.07,899.0,0
60002,63.12,11.89,49.4,286.0,0
41897,54.45,9.33,68.77,508.0,0
7700,57.49,5.07,60.75,891.0,0
42533,38.42,7.12,29.2,526.0,0
71811,33.16,15.32,100.0,151.0,0
76938,71.51,14.25,100.0,186.0,0
21987,68.09,0.97,84.99,728.0,0
3314,62.45,20.6,43.79,940.0,0
72810,71.34,13.89,50.38,300.0,0
14591,49.21,19.66,67.72,758.0,0
56395,71.18,15.84,78.64,370.0,0
24581,68.84,6.62,82.43,761.0,0
57791,41.12,10.5,96.44,346.0,0
9639,84.86,8.44,60.61,889.0,0
98171,75.72,3.99,88.49,0.0,1
22153,67.32,15.91,81.81,706.0,0
10038,82.75,9.02,60.34,854.0,0
25535,77.56,11.66,80.38,691.0,0
88808,69.42,7.98,58.35,32.0,0
46242,68.17,8.28,59.5,488.0,0
11740,57.73,0.41,70.61,841.0,0
59423,60.37,15.59,65.57,335.0,0
60832,59.38,6.03,50.96,314.0,0
10243,87.56,11.17,79.52,890.0,0
32165,37.36,12.27,100.0,642.0,0
51755,58.99,10.86,56.37,451.0,0
75466,20.41,23.13,82.28,213.0,0
11948,55.24,9.62,67.69,860.0,0
98907,89.34,18.8,85.02,0.0,1
72194,41.32,21.52,64.17,201.0,0
11988,48.77,16.41,100.0,808.0,0
34194,55.95,5.99,88.59,695.0,0
11054,79.17,20.45,96.37,813.0,0
11856,59.81,15.01,49.81,808.0,0
23120,62.91,11.03,62.97,743.0,0
93275,62.89,9.37,71.11,0.0,1
58442,72.35,16.55,48.9,392.0,0
97990,37.1,7.65,83.07,0.0,1
44113,84.02,14.04,75.89,538.0,0
48926,46.35,7.02,53.12,533.0,0
8805,68.67,-1.89,39.71,935.0,0
38476,66.74,6.68,61.42,509.0,0
21488,63.06,18.04,48.36,772.0,0
47444,65.53,2.04,54.87,447.0,0
5113,42.54,10.62,89.64,983.0,0
58295,67.63,6.98,95.23,306.0,0
37725,48.52,6.9,66.58,538.0,0
37536,54.97,12.94,85.65,592.0,0
16744,73.4,15.8,10.41,843.0,0
43404,61.89,5.08,100.0,592.0,0
35348,64.63,5.16,81.06,636.0,0
95233,45.89,17.69,83.53,49.0,0
91658,72.58,6.01,58.83,0.0,1
61210,55.63,6.39,81.21,314.0,0
75910,50.43,15.49,78.75,202.0,0
94402,46.08,6.5,63.17,0.0,1
66109,66.01,17.47,82.98,239.0,0
88268,79.04,12.19,63.05,48.0,0
17583,79.06,16.15,65.49,848.0,0
88695,40.38,8.26,70.39,29.0,0
40261,72.95,18.84,66.24,521.0,0
88860,39.65,4.98,73.46,20.0,0
20274,50.95,12.48,47.31,660.0,0
24743,70.54,1.85,92.05,792.0,0
95090,36.99,7.49,79.81,17.0,0
66404,78.16,11.08,33.46,355.0,0
52368,40.09,15.34,53.52,408.0,0
57219,41.2,6.34,73.39,381.0,0
97755,42.92,15.58,51.29,0.0,1
36299,28.87,3.83,73.47,659.0,0
92231,55.51,13.2,38.68,0.0,1
58636,61.48,12.72,81.12,346.0,0
75064,64.74,1.82,56.69,114.0,0
42825,66.5,3.79,71.67,488.0,0
46598,94.13,6.31,61.74,404.0,0
54430,84.41,18.96,29.72,444.0,0
90378,61.82,13.22,89.3,0.0,1
17005,22.14,4.33,47.92,848.0,0
17516,63.35,9.69,90.59,909.0,0
40336,57.73,17.44,59.08,571.0,0
33979,69.37,14.89,68.88,612.0,0
21273,70.12,12.63,52.99,776.0,0
65338,49.94,11.01,100.0,258.0,0
74481,58.79,13.77,65.65,223.0,0
90081,60.93,10.26,78.98,55.0,0
90702,66.98,7.08,82.18,154.0,0
99909,68.5,5.23,75.35,0.0,1
6300,66.57,11.19,46.78,933.0,0
33737,85.22,7.13,65.84,662.0,0
48268,77.41,12.89,53.79,495.0,0
40200,95.12,18.56,71.48,511.0,0
13643,40.18,3.39,73.09,857.0,0
76988,83.09,5.29,74.93,206.0,0
92184,65.7,9.4,44.39,0.0,1
22161,68.17,4.03,81.98,746.0,0
24108,73.97,1.05,59.88,780.0,0
8752,53.49,10.84,80.23,951.0,0
74370,58.92,11.44,94.34,114.0,0
28765,59.7,7.12,46.51,657.0,0
25581,58.11,12.87,62.81,714.0,0
34595,57.71,13.5,66.91,592.0,0
55706,67.08,17.14,67.37,280.0,0
84050,85.5,11.38,73.29,130.0,0
90439,56.12,19.5,71.33,0.0,1
80312,65.69,11.58,68.46,138.0,0
78497,82.9,11.07,62.44,177.0,0
1366,78.04,12.06,33.86,956.0,0
43041,62.3,1.2,82.01,608.0,0
14926,74.08,14.83,39.94,863.0,0
49760,68.98,13.09,76.6,394.0,0
1639,46.78,9.03,51.01,935.0,0
98962,44.93,16.74,79.23,-0.0,1
45549,60.76,16.99,77.54,514.0,0
62892,41.0,7.83,43.07,261.0,0
29047,57.36,17.18,70.18,668.0,0
1061,51.59,6.69,68.41,888.0,0
89465,60.61,0.57,87.12,70.0,0
32094,86.04,3.09,98.65,706.0,0
21162,91.1,8.07,75.74,797.0,0
12797,63.7,7.59,92.05,804.0,0
39206,61.74,9.77,55.15,500.0,0
72185,51.34,5.94,63.45,335.0,0
86286,70.68,15.68,85.56,11.0,0
60048,83.27,4.34,51.93,262.0,0
17467,80.56,12.11,52.09,732.0,0
71174,51.75,13.7,72.44,252.0,0
52876,43.75,2.95,90.85,432.0,0
53411,83.25,8.7,51.63,334.0,0
53491,31.72,6.17,46.68,415.0,0
95763,55.38,11.56,100.0,0.0,1
63458,90.22,4.38,53.28,360.0,0
26619,72.92,13.28,76.62,707.0,0
26080,82.01,9.69,80.26,723.0,0
74907,45.22,10.27,72.17,138.0,0
69594,36.44,6.2,56.21,319.0,0
98406,48.26,16.31,59.32,41.0,0
57264,79.32,-0.02,68.03,384.0,0
40568,37.43,2.8,85.1,555.0,0
63638,44.29,8.33,71.9,345.0,0
87654,49.23,1.48,91.48,35.0,0
12992,56.66,21.5,85.77,797.0,0
17371,63.07,20.6,71.69,687.0,0
64728,50.7,6.23,83.86,296.0,0
45958,74.27,3.7,57.62,488.0,0
8225,50.66,17.88,47.36,859.0,0
29685,36.43,9.97,62.83,661.0,0
46025,51.29,11.95,72.7,474.0,0
16939,67.12,17.49,52.53,699.0,0
26490,48.28,6.78,62.01,681.0,0
72485,61.08,9.48,60.79,220.0,0
94090,69.16,16.88,51.29,0.0,1
33941,68.27,0.52,62.06,580.0,0
42836,62.74,19.66,70.19,573.0,0
25143,51.09,4.55,42.65,659.0,0
5625,69.53,10.96,45.01,916.0,0
74503,73.68,11.47,68.39,135.0,0
24764,41.38,12.7,87.81,638.0,0
13171,41.72,0.49,55.56,821.0,0
43229,40.92,15.52,56.6,432.0,0
2081,53.1,14.03,66.5,817.0,0
59939,58.08,8.62,89.52,291.0,0
28819,53.89,-2.33,64.86,702.0,0
59946,57.9,5.94,100.0,338.0,0
32509,62.9,9.14,62.76,682.0,0
70476,32.68,10.55,87.24,261.0,0
68099,57.48,4.08,82.35,230.0,0
77857,61.03,11.43,70.42,182.0,0
51636,85.74,8.68,84.41,396.0,0
42083,39.51,-0.34,67.41,548.0,0
94801,79.5,13.87,52.96,15.0,0
39318,65.92,10.34,66.39,533.0,0
49361,91.36,11.74,60.24,515.0,0
9596,58.59,11.92,51.76,884.0,0
83457,76.82,10.06,96.73,97.0,0
87016,74.7,4.11,66.28,48.0,0
30201,79.62,11.09,42.55,547.0,0
12942,58.64,3.1,85.74,724.0,0
88215,60.67,7.36,69.65,14.0,0
23431,70.12,11.16,57.17,626.0,0
9241,54.24,9.84,98.08,759.0,0
56234,75.34,7.97,75.86,367.0,0
8346,90.33,8.43,37.24,798.0,0
65828,31.85,14.55,86.97,261.0,0
88154,53.88,10.15,69.79,54.0,0
2061,56.67,13.51,69.91,980.0,0
60617,65.72,14.44,57.11,348.0,0
58130,74.54,6.74,99.73,370.0,0
42174,82.26,6.64,42.77,520.0,0
35338,48.05,13.5,67.64,573.0,0
27734,70.71,7.76,56.48,690.0,0
35368,68.45,11.17,70.02,599.0,0
55354,65.82,21.7,64.07,340.0,0
68585,58.82,-1.01,63.88,304.0,0
14341,57.02,12.96,68.75,808.0,0
31875,47.94,4.66,86.58,728.0,0
36549,91.0,18.97,80.86,491.0,0
72317,72.29,13.27,63.12,184.0,0
4436,71.91,10.83,57.27,889.0,0
12462,65.87,13.24,70.96,859.0,0
13845,85.15,4.69,53.78,831.0,0
72825,84.71,19.55,100.0,205.0,0
76288,31.73,1.82,84.55,275.0,0
11564,53.28,11.95,66.58,883.0,0
75151,57.59,-2.65,100.0,221.0,0
84918,49.46,11.72,90.45,84.0,0
62633,59.12,5.31,95.01,357.0,0
26257,45.03,14.75,60.28,692.0,0
51578,43.57,15.92,47.46,502.0,0
99166,45.56,-0.29,62.93,0.0,1
30419,75.76,11.02,85.96,645.0,0
95711,41.18,3.96,66.95,18.0,0
47506,58.98,10.07,80.33,494.0,0
76265,72.63,12.32,39.33,231.0,0
98694,34.87,14.55,70.13,0.0,1
5365,45.92,-3.98,68.77,966.0,0
34108,77.04,12.55,92.93,515.0,0
56955,47.01,3.23,69.48,430.0,0
22796,62.85,12.14,84.23,651.0,0
79310,55.9,0.98,86.81,151.0,0
42517,59.89,12.99,16.5,490.0,0
22677,102.28,12.1,64.94,762.0,0
9228,79.32,8.95,80.03,838.0,0
84353,38.72,8.69,77.5,153.0,0
63150,79.43,18.43,33.06,305.0,0
49058,70.82,8.58,85.58,506.0,0
19171,83.87,6.04,75.94,741.0,0
30009,34.15,1.36,100.0,627.0,0
45273,51.18,8.72,76.38,548.0,0
4777,52.11,8.18,51.72,863.0,0
94501,73.18,19.27,50.05,0.0,1
63436,60.94,1.01,70.27,382.0,0
28916,77.65,9.01,89.16,600.0,0
89378,46.52,11.72,74.46,121.0,0
65925,75.45,6.89,82.62,207.0,0
59849,48.01,14.76,58.51,362.0,0
93173,47.76,11.67,9.69,0.0,1
9795,70.26,8.67,68.32,910.0,0
72639,54.19,11.93,67.05,192.0,0
26238,63.84,12.87,61.95,682.0,0
93655,64.71,12.03,86.65,46.0,0
4422,63.26,9.9,100.0,953.0,0
13001,66.52,8.07,100.0,781.0,0
87365,44.66,10.38,68.15,100.0,0
97461,68.64,19.34,90.38,0.0,1
66080,14.79,3.55,82.69,363.0,0
42578,76.42,15.3,74.57,501.0,0
1438,58.58,10.06,51.13,937.0,0
57746,62.82,14.71,50.26,345.0,0
83136,37.25,16.27,86.93,130.0,0
68557,64.62,11.36,45.04,254.0,0
93756,37.11,-0.04,71.53,21.0,0
54432,57.45,10.36,61.58,397.0,0
71275,49.85,8.43,69.04,316.0,0
33135,49.06,14.94,100.0,572.0,0
80421,50.15,15.46,68.15,154.0,0
43560,50.97,17.02,76.86,489.0,0
25746,76.54,5.97,90.14,697.0,0
47576,64.02,5.23,85.01,488.0,0
57213,59.49,15.24,87.06,352.0,0
89047,57.41,10.05,45.66,82.0,0
10741,85.25,0.87,68.04,871.0,0
96579,58.98,16.11,52.63,0.0,1
10702,55.57,7.09,53.12,830.0,0
43482,35.55,4.04,59.83,575.0,0
10573,50.95,16.42,69.99,878.0,0
84606,57.61,3.85,40.1,80.0,0
39580,60.18,7.74,77.74,591.0,0
52238,65.55,11.64,74.7,405.0,0
96292,53.08,14.46,63.45,8.0,0
26438,51.84,11.42,71.1,662.0,0
64544,46.16,15.34,73.84,268.0,0
34225,67.88,1.98,62.98,631.0,0
52242,72.59,10.42,46.86,544.0,0
58356,64.11,20.39,43.05,332.0,0
677,46.78,8.99,68.78,1007.0,0
89387,45.26,8.98,62.85,5.0,1
8750,52.82,5.86,100.0,921.0,0
92136,29.22,13.48,55.5,78.0,0
33565,52.93,9.91,79.23,512.0,0
54453,42.02,4.16,36.89,477.0,0
72727,58.21,19.42,69.38,241.0,0
29515,46.56,10.55,61.65,568.0,0
13943,59.23,5.56,22.7,812.0,0
18726,49.07,13.89,48.36,782.0,0
26618,71.48,15.49,100.0,727.0,0
37640,88.42,11.45,66.71,504.0,0
86317,49.49,12.67,74.59,124.0,0
76577,61.43,16.2,55.89,177.0,0
78715,39.9,5.19,50.93,320.0,0
92590,67.97,2.45,68.11,-0.0,1
49464,59.31,14.59,100.0,459.0,0
813,60.3,14.61,63.79,811.0,0
52109,61.13,2.36,76.59,459.0,0
51882,65.76,17.4,91.93,395.0,0
23974,70.36,12.13,100.0,593.0,0
41263,62.27,8.72,79.16,537.0,0
53814,59.92,0.27,71.75,472.0,0
92912,51.14,17.1,79.34,0.0,1
55315,76.12,12.61,61.29,343.0,0
54050,59.12,12.44,56.65,389.0,0
87571,51.5,6.55,86.87,106.0,0
66374,71.51,16.56,99.61,321.0,0
71631,45.0,1.06,48.07,299.0,0
70821,60.18,13.25,62.49,253.0,0
12305,66.32,12.33,77.6,821.0,0
48035,63.91,8.88,66.26,534.0,0
26617,92.09,5.09,49.36,569.0,0
55207,71.67,14.86,73.16,380.0,0
30268,65.2,10.12,95.56,614.0,0
23054,61.47,12.57,81.75,759.0,0
75000,54.23,11.62,51.28,166.0,0
96787,60.26,12.21,55.27,0.0,1
84875,68.56,8.25,78.45,150.0,0
29583,68.72,12.5,45.1,648.0,0
70010,67.67,8.91,54.31,314.0,0
51068,68.55,8.29,82.94,527.0,0
2820,71.2,8.32,74.61,966.0,0
82044,63.53,9.04,35.32,118.0,0
98775,74.76,12.02,71.3,0.0,1
31762,62.87,7.96,90.03,620.0,0
77819,58.85,11.74,86.29,213.0,0
52675,67.92,9.95,54.75,474.0,0
98646,49.35,8.43,72.23,0.0,1
79951,73.94,16.52,90.54,144.0,0
72248,53.85,16.43,63.25,161.0,0
90499,70.57,12.71,61.44,14.0,0
65545,79.81,2.64,49.01,311.0,0
92239,57.03,6.73,96.11,25.0,0
40657,63.92,17.93,83.92,535.0,0
20697,70.19,4.48,92.36,756.0,0
74992,13.92,10.22,57.96,166.0,0
99633,62.26,8.47,70.04,0.0,1
39848,56.23,3.71,92.61,635.0,0
85563,45.94,4.42,54.13,84.0,0
1428,68.77,12.13,74.87,832.0,0
39459,56.14,11.77,49.07,630.0,0
69442,75.59,18.61,85.28,306.0,0
53977,80.96,11.79,86.51,437.0,0
92505,77.07,8.48,82.14,31.0,0
85310,64.75,9.98,95.58,112.0,0
60777,78.12,9.85,55.65,205.0,0
3898,68.74,13.96,64.74,897.0,0
66983,68.65,2.07,100.0,251.0,0
39006,66.03,10.51,90.3,564.0,0
10956,54.9,11.85,100.0,847.0,0
29006,40.85,11.39,73.91,689.0,0
87737,83.7,11.03,100.0,0.0,1
39331,42.96,12.43,52.43,589.0,0
19922,79.39,4.27,56.81,717.0,0
58549,33.82,2.94,84.74,396.0,0
29039,82.33,16.45,34.06,649.0,0
46243,38.27,3.17,59.99,410.0,0
37585,70.17,9.93,78.54,601.0,0
77437,52.26,5.62,100.0,120.0,0
20028,63.64,0.45,55.33,822.0,0
31448,56.26,4.87,95.02,567.0,0
70257,63.77,10.26,77.51,316.0,0
84760,65.83,19.76,100.0,66.0,0
20664,62.35,9.26,60.95,792.0,0
88626,54.18,5.88,85.88,150.0,0
34577,54.94,-2.54,43.52,639.0,0
31744,56.11,5.32,40.66,649.0,0
33304,54.96,8.18,53.97,705.0,0
9058,30.0,9.54,84.17,928.0,0
83960,52.85,18.95,44.76,75.0,0
58664,54.15,13.69,79.07,307.0,0
57133,76.79,6.79,80.0,430.0,0
85805,70.66,11.37,51.87,139.0,0
90838,44.87,13.7,82.19,31.0,0
96922,52.65,15.66,91.2,0.0,1
8685,72.49,11.93,45.58,907.0,0
67172,54.87,5.01,42.28,323.0,0
5202,43.81,2.57,73.7,951.0,0
86073,74.3,8.7,76.58,0.0,1
26692,56.96,3.38,71.85,709.0,0
43429,77.17,20.9,68.87,488.0,0
13737,56.5,14.87,58.45,794.0,0
89828,35.05,9.96,71.83,47.0,0
32052,63.59,0.09,52.7,610.0,0
82882,65.56,11.65,96.6,120.0,0
93144,47.01,0.51,83.6,61.0,0
20342,57.17,9.88,40.34,847.0,0
35264,70.77,6.19,72.59,613.0,0
46994,61.64,7.01,10.16,464.0,0
7080,60.13,11.37,91.04,892.0,0
62180,55.39,17.14,90.23,329.0,0
65487,53.54,13.63,44.67,247.0,0
49542,47.6,4.38,83.42,479.0,0
69929,77.01,8.09,58.51,262.0,0
61177,64.97,12.17,87.65,381.0,0
31320,69.31,6.1,85.06,643.0,0
35647,61.7,13.09,83.41,525.0,0
31221,67.27,6.21,74.81,640.0,0
24929,72.65,13.83,50.37,708.0,0
59585,66.28,5.72,44.05,406.0,0
8625,47.2,8.85,75.33,817.0,0
40637,93.28,7.9,63.33,482.0,0
87230,51.71,10.47,60.96,0.0,1
82181,75.32,2.65,95.52,63.0,0
83358,86.34,5.84,100.0,50.0,0
44345,76.9,13.15,55.14,496.0,0
86782,79.28,16.41,84.18,8.0,0
52624,50.58,10.34,64.58,473.0,0
55064,73.77,7.39,60.94,475.0,0
2387,56.68,-1.43,77.98,919.0,0
8788,67.31,5.8,55.99,948.0,0
25003,84.96,3.87,84.58,669.0,0
63163,61.94,2.7,74.43,387.0,0
52635,107.86,7.62,63.08,412.0,0
84557,71.54,12.81,57.82,77.0,0
25793,80.12,-0.58,58.92,677.0,0
32186,59.99,7.36,92.68,532.0,0
21115,55.03,3.67,42.08,867.0,0
78916,62.73,17.19,68.77,147.0,0
38939,86.86,9.75,51.1,539.0,0
17159,67.68,16.91,77.32,710.0,0
5809,48.39,11.1,100.0,957.0,0
40326,62.57,8.57,73.93,612.0,0
89873,62.4,9.79,63.08,19.0,0
15146,77.46,10.1,38.91,774.0,0
476,62.83,14.64,83.48,943.0,0
77983,73.16,8.93,92.25,140.0,0
98313,62.09,5.38,56.65,53.0,0
89162,43.09,11.16,54.26,32.0,0
72175,79.14,9.51,97.44,221.0,0
81430,79.26,17.55,67.45,69.0,0
99072,75.65,-1.36,60.74,0.0,1
7461,63.65,12.21,47.92,812.0,0
7874,75.39,4.31,66.73,897.0,0
65676,51.99,2.11,81.15,369.0,0
53466,54.91,9.43,63.03,482.0,0
17082,82.29,7.5,69.94,739.0,0
41483,72.88,16.54,78.56,596.0,0
75413,40.86,21.06,48.55,216.0,0
45143,59.26,6.41,38.43,506.0,0
77545,26.77,5.67,90.95,178.0,0
63169,43.27,14.47,75.56,251.0,0
81587,62.86,14.19,100.0,172.0,0
27898,71.43,13.39,49.74,636.0,0
29444,42.65,10.7,52.76,657.0,0
11342,49.53,12.08,87.39,777.0,0
30440,81.98,5.29,100.0,534.0,0
59053,43.99,8.7,62.6,416.0,0
91364,57.17,8.61,73.73,0.0,1
69797,57.44,12.13,39.76,260.0,0
93991,78.93,13.6,78.61,0.0,1
32744,81.11,5.44,75.14,592.0,0
3971,60.53,5.91,49.32,957.0,0
4006,72.22,9.93,66.67,908.0,0
59684,72.39,8.71,58.0,391.0,0
23513,39.2,18.14,55.62,686.0,0
65740,71.77,5.47,67.17,317.0,0
49304,60.93,7.86,96.43,413.0,0
51632,75.16,-0.42,70.81,478.0,0
17150,45.93,7.91,100.0,706.0,0
64722,43.13,14.22,84.18,313.0,0
84484,77.3,11.1,99.61,162.0,0
96256,54.51,19.06,99.16,51.0,0
95711,40.88,5.83,83.26,0.0,1
30478,44.69,15.43,76.5,689.0,0
53938,69.44,15.94,61.78,269.0,0
85879,48.66,-4.4,69.93,102.0,0
4162,58.63,9.18,41.87,939.0,0
59258,82.78,11.89,100.0,257.0,0
68503,49.2,8.03,100.0,283.0,0
42855,74.98,2.34,100.0,504.0,0
42821,78.5,9.8,71.49,438.0,0
43683,75.99,10.05,76.99,510.0,0
91533,52.41,7.27,75.92,-0.0,1
95447,70.87,12.0,76.4,0.0,1
14102,60.49,5.02,23.68,860.0,0
13912,54.47,-0.02,58.07,802.0,0
34168,68.14,11.59,82.85,549.0,0
27863,56.2,12.4,70.81,706.0,0
6161,66.78,11.38,57.04,921.0,0
60318,56.23,10.12,33.88,305.0,0
65530,66.5,11.05,62.93,334.0,0
15112,59.1,10.88,48.35,868.0,0
83060,53.74,12.27,39.47,80.0,0
74844,79.07,20.99,94.0,181.0,0
54654,74.55,4.2,44.82,501.0,0
42683,55.46,2.17,61.24,553.0,0
42852,63.54,3.4,65.28,505.0,0
708,43.12,9.73,19.17,984.0,0
37792,34.51,2.22,46.24,676.0,0
77663,20.89,15.05,100.0,209.0,0
53534,56.41,11.14,56.65,444.0,0
40975,43.72,10.51,100.0,513.0,0
32809,57.55,14.44,77.7,569.0,0
64045,52.79,13.24,100.0,214.0,0
57333,80.59,3.84,80.0,469.0,0
68949,50.23,3.86,85.86,247.0,0
26905,49.69,4.63,82.69,741.0,0
55935,74.56,15.31,73.1,307.0,0
22976,50.03,9.18,68.54,776.0,0
61803,33.47,16.72,53.9,401.0,0
92791,71.0,17.89,44.7,76.0,0
85163,47.2,8.68,62.21,165.0,0
22709,58.03,9.4,79.69,638.0,0
72241,52.74,4.21,51.4,318.0,0
74835,43.37,10.44,59.42,142.0,0
72599,70.71,5.63,26.03,180.0,0
78254,51.87,17.21,49.47,143.0,0
92320,70.41,11.04,80.13,2.0,1
73611,28.69,7.77,66.94,288.0,0
44305,73.23,10.51,63.5,533.0,0
54761,66.38,14.25,68.85,244.0,0
50538,37.94,20.41,100.0,510.0,0
52614,57.82,-4.45,80.41,448.0,0
75259,79.23,17.62,96.35,140.0,0
64968,48.4,11.24,87.89,341.0,0
98716,42.27,6.56,73.02,0.0,1
15361,47.13,16.19,99.66,850.0,0
81380,31.38,4.46,82.4,202.0,0
79851,52.92,9.55,86.11,126.0,0
50419,78.13,8.62,77.83,503.0,0
72450,68.4,20.39,57.94,278.0,0
39176,64.78,6.32,100.0,546.0,0
25986,43.19,8.21,75.43,635.0,0
12023,56.67,8.46,91.73,814.0,0
30964,72.3,7.95,67.68,626.0,0
5009,84.89,2.89,54.34,909.0,0
91491,57.59,12.91,70.68,19.0,0
97357,72.78,5.99,83.07,0.0,1
54950,61.92,13.56,77.0,385.0,0
89889,50.87,11.7,40.9,55.0,0
73842,38.95,16.2,79.5,189.0,0
98200,55.63,10.5,70.31,42.0,0
50614,75.69,8.44,60.2,406.0,0
81143,51.64,13.24,100.0,151.0,0
47177,38.5,13.14,100.0,483.0,0
66887,59.59,6.68,73.13,303.0,0
60753,43.62,13.39,86.55,402.0,0
62638,50.21,4.57,82.69,312.0,0
99943,77.88,-2.01,80.49,64.0,0
88315,52.26,12.97,100.0,125.0,0
94106,86.57,9.41,96.45,22.0,0
61695,53.77,13.12,59.35,358.0,0
92920,73.6,11.57,87.29,0.0,1
70074,71.57,18.42,65.29,223.0,0
2545,55.8,2.66,55.51,878.0,0
62563,78.74,5.46,49.67,378.0,0
43893,74.25,3.3,46.32,502.0,0
31613,63.73,9.93,100.0,675.0,0
99698,42.74,7.78,50.75,0.0,1
80639,50.65,6.66,100.0,165.0,0
6950,51.77,6.22,75.82,885.0,0
10338,70.16,5.62,63.15,849.0,0
52686,47.2,8.68,69.2,440.0,0
32180,43.91,19.63,57.65,638.0,0
52698,43.98,18.73,85.67,394.0,0
9786,46.37,0.51,73.29,969.0,0
55341,46.21,7.65,39.15,400.0,0
57004,47.7,8.59,43.05,448.0,0
42997,71.47,9.34,66.87,459.0,0
49766,45.93,8.81,55.89,458.0,0
20079,59.68,7.03,74.42,695.0,0
30691,91.51,12.1,74.98,642.0,0
65955,65.41,1.11,30.52,262.0,0
36179,58.57,11.98,74.48,477.0,0
49753,65.37,8.09,39.79,496.0,0
36242,70.33,10.03,59.22,596.0,0
48290,63.17,11.49,50.71,383.0,0
70577,31.15,15.0,83.68,261.0,0
34595,30.95,12.65,68.48,595.0,0
74413,83.46,18.58,100.0,122.0,0
37957,93.73,9.24,42.92,525.0,0
81439,69.86,8.93,72.84,194.0,0
57540,61.38,9.48,73.53,392.0,0
93244,44.87,21.79,69.71,85.0,0
56944,44.9,17.21,77.66,293.0,0
67846,64.42,9.33,71.58,274.0,0
57770,71.82,7.71,58.13,340.0,0
37699,63.53,3.28,87.37,592.0,0
40946,51.16,10.28,79.96,587.0,0
63832,67.32,13.07,45.03,294.0,0
82338,62.75,15.67,74.22,104.0,0
44453,63.06,5.18,92.78,451.0,0
5091,63.39,13.34,41.81,866.0,0
1952,73.1,11.97,66.44,934.0,0
80675,70.94,15.58,27.41,121.0,0
38003,48.3,7.26,89.37,513.0,0
80232,64.05,13.26,72.4,121.0,0
62635,66.37,10.4,92.85,277.0,0
8287,58.86,9.21,63.86,909.0,0
42924,69.54,4.9,47.44,555.0,0
73071,50.41,9.59,89.62,248.0,0
92714,69.03,-0.46,40.57,96.0,0
66738,59.84,9.67,69.34,309.0,0
99882,54.04,12.66,46.14,0.0,1
87402,44.62,12.22,58.06,0.0,1
44742,53.78,13.06,53.47,601.0,0
5861,71.86,12.26,62.28,892.0,0
89723,56.75,12.77,56.29,44.0,0
73773,53.66,4.47,94.61,246.0,0
50673,50.3,16.58,11.49,565.0,0
35826,48.2,7.57,77.26,611.0,0
24530,49.22,3.93,83.35,724.0,0
34651,40.01,22.04,100.0,605.0,0
3378,50.79,13.33,76.18,856.0,0
10031,48.85,11.04,65.03,731.0,0
70591,37.43,15.11,71.36,263.0,0
2078,67.88,16.2,100.0,936.0,0
8568,76.36,12.33,100.0,865.0,0
81724,43.56,10.04,83.05,124.0,0
18865,54.7,11.59,67.74,741.0,0
48697,78.75,11.43,87.81,449.0,0
85993,60.18,5.99,70.84,176.0,0
59887,5.14,8.77,71.01,382.0,0
98761,41.19,13.45,74.63,0.0,1
9061,74.84,13.94,65.51,859.0,0
45189,79.48,10.05,100.0,367.0,0
58957,53.06,6.66,100.0,377.0,0
91305,76.03,16.26,91.24,0.0,1
88801,49.36,6.96,73.05,15.0,0
91212,59.3,14.99,17.73,20.0,0
45889,50.53,14.49,78.76,496.0,0
708,37.07,4.77,66.36,975.0,0
15782,61.3,18.36,77.36,872.0,0
4906,47.16,19.88,41.06,874.0,0
42823,64.13,9.77,81.09,508.0,0
30940,66.52,9.06,33.22,602.0,0
24245,25.98,7.38,55.46,736.0,0
70339,50.55,8.67,75.59,322.0,0
32243,82.04,6.8,77.24,630.0,0
95567,39.23,-0.9,83.49,8.0,0
25994,63.05,11.4,73.93,713.0,0
6026,51.79,7.15,33.03,850.0,0
33867,45.51,11.72,63.94,725.0,0
82456,61.86,17.23,59.86,0.0,1
38178,67.43,2.15,100.0,572.0,0
27258,80.53,9.62,71.46,716.0,0
40674,52.53,6.37,73.54,628.0,0
64984,77.23,12.48,82.23,279.0,0
25646,69.98,1.24,58.49,794.0,0
90600,56.3,16.49,79.32,0.0,1
81438,73.71,3.39,66.22,108.0,0
78928,35.63,9.73,84.48,161.0,0
48530,49.02,7.69,61.71,530.0,0
71325,68.25,7.52,43.72,262.0,0
32812,63.79,10.7,50.27,611.0,0
39075,64.95,7.59,59.36,601.0,0
6483,62.05,13.82,45.22,890.0,0
74683,60.8,6.97,52.34,146.0,0
5254,35.86,8.41,69.76,911.0,0
9738,48.06,12.88,64.8,909.0,0
3894,53.56,6.95,53.48,896.0,0
51849,54.99,18.36,66.28,310.0,0
50423,73.01,5.09,67.93,542.0,0
77625,61.92,19.7,59.79,152.0,0
74296,57.19,10.72,98.15,239.0,0
54469,36.65,6.17,45.61,348.0,0
10691,71.79,7.91,100.0,717.0,0
4434,91.37,11.44,52.3,847.0,0
36697,58.23,-0.33,79.41,616.0,0
36811,79.19,8.88,72.46,505.0,0
6489,76.5,8.83,35.09,871.0,0
11899,61.32,12.7,47.0,796.0,0
4628,42.73,8.07,70.69,947.0,0
44734,61.85,9.37,72.51,469.0,0
23495,54.93,9.18,69.05,635.0,0
75786,57.47,9.13,86.1,223.0,0
93159,76.11,10.23,89.73,0.0,1
99482,45.31,10.04,78.86,79.0,0
2402,56.87,17.67,78.48,887.0,0
23455,62.76,8.44,64.11,638.0,0
24934,60.45,2.33,92.12,643.0,0
78443,73.1,5.71,57.09,170.0,0
25814,38.05,15.31,58.62,766.0,0
7341,97.53,4.85,48.24,800.0,0
99776,86.44,12.13,46.87,0.0,1
66611,60.58,3.95,87.77,375.0,0
67091,70.88,9.29,40.18,243.0,0
20645,72.01,6.61,77.44,714.0,0
66472,78.89,3.97,83.08,260.0,0
34643,54.03,3.84,72.05,618.0,0
59175,60.05,8.89,66.12,341.0,0
63997,28.97,15.73,90.96,203.0,0
33480,63.53,8.44,100.0,597.0,0
85295,44.88,7.25,82.74,95.0,0
95962,52.17,12.58,95.37,0.0,1
15151,67.54,9.57,49.82,769.0,0
14027,60.25,14.46,31.11,822.0,0
90257,52.79,11.99,48.24,138.0,0
49849,60.87,6.58,97.34,521.0,0
81191,32.15,13.52,73.06,176.0,0
53534,87.77,10.41,59.6,355.0,0
43392,80.9,11.2,84.3,437.0,0
74357,71.75,9.4,67.1,163.0,0
99461,55.99,13.27,83.02,0.0,1
46353,56.14,0.02,100.0,490.0,0
80007,63.43,8.89,66.42,181.0,0
88450,50.88,16.15,100.0,66.0,0
90438,51.6,12.68,67.81,42.0,0
46180,46.14,5.08,75.63,530.0,0
69859,77.98,3.21,88.52,265.0,0
94564,76.43,10.25,30.86,0.0,1
73284,44.81,13.05,83.15,216.0,0
66888,62.32,12.82,100.0,234.0,0
20633,77.84,15.35,61.5,687.0,0
35910,74.3,11.7,75.61,613.0,0
86798,47.88,13.15,64.05,91.0,0
347,66.32,3.67,85.23,1012.0,0
74507,71.24,12.92,85.64,223.0,0
18108,45.83,13.02,57.5,735.0,0
79962,52.26,4.62,82.91,124.0,0
33552,63.56,0.54,92.92,637.0,0
6860,67.18,9.07,89.29,924.0,0
84709,77.1,6.32,65.81,187.0,0
57655,71.31,8.36,32.99,492.0,0
70863,29.66,6.16,48.05,175.0,0
14546,48.05,5.34,83.39,892.0,0
96097,63.43,10.53,56.2,106.0,0
69157,54.83,11.64,100.0,307.0,0
63951,81.69,10.88,80.12,314.0,0
66477,43.13,12.53,51.68,340.0,0
97366,88.78,10.0,100.0,0.0,1
93817,55.92,20.6,27.65,46.0,0
2770,65.88,9.16,34.75,871.0,0
80168,52.61,1.4,35.17,186.0,0
86697,58.61,8.11,74.71,90.0,0
57326,60.73,8.61,100.0,365.0,0
71464,58.2,2.1,36.46,274.0,0
34519,46.2,10.41,58.31,547.0,0
13085,63.09,-0.48,84.11,818.0,0
21240,66.51,11.63,94.59,730.0,0
37406,52.24,11.32,81.29,651.0,0
58191,56.71,22.38,83.0,360.0,0
53976,59.38,10.33,61.13,409.0,0
62586,69.39,4.81,48.3,294.0,0
23302,31.18,7.02,93.5,727.0,0
55552,44.81,23.11,74.78,396.0,0
77765,30.33,1.63,92.58,239.0,0
39535,66.13,9.74,62.04,539.0,0
40903,53.8,11.83,56.56,595.0,0
6412,38.18,6.71,55.96,940.0,0
9077,66.7,7.84,88.96,969.0,0
51023,53.15,19.41,100.0,333.0,0
6172,57.33,13.24,59.16,884.0,0
15994,67.59,6.11,82.56,867.0,0
79597,74.59,7.6,69.34,167.0,0
63153,43.87,6.76,69.27,313.0,0
28528,48.38,1.63,62.13,689.0,0
67134,70.34,15.64,88.32,226.0,0
25890,53.46,4.84,80.99,664.0,0
55104,47.79,4.93,88.67,413.0,0
97774,53.39,18.95,94.98,0.0,1
46723,31.87,8.73,100.0,507.0,0
90043,78.69,13.07,46.59,56.0,0
86733,61.26,10.16,86.28,0.0,1
8541,56.77,15.8,82.15,798.0,0
88158,53.1,8.01,64.69,88.0,0
26715,59.06,-3.91,62.25,743.0,0
94444,47.35,17.2,59.9,11.0,0
33654,50.12,9.26,50.76,631.0,0
13086,50.54,9.83,61.13,799.0,0
74907,75.92,2.59,57.53,185.0,0
80364,50.38,6.16,41.76,189.0,0
46800,60.86,3.31,74.62,533.0,0
92363,89.02,12.22,46.35,0.0,1
41534,69.51,5.99,60.9,508.0,0
40839,63.94,8.82,70.61,495.0,0
53848,44.97,13.72,67.83,341.0,0
40472,61.07,23.46,63.12,560.0,0
47575,73.17,18.55,29.17,368.0,0
56632,56.28,2.2,85.94,417.0,0
92463,63.41,3.47,51.5,0.0,1
43272,35.28,4.84,66.31,498.0,0
88896,74.88,10.51,92.35,25.0,0
98668,79.03,8.94,45.83,0.0,1
69241,29.41,5.82,87.29,234.0,0
89180,32.93,11.03,57.91,40.0,0
85768,70.66,14.44,85.14,152.0,0
53593,62.51,11.51,63.25,412.0,0
47344,51.65,12.32,55.86,448.0,0
61580,37.88,9.91,99.17,351.0,0
88207,57.87,14.96,69.35,144.0,0
30523,64.17,17.58,51.58,611.0,0
40673,59.86,10.46,56.47,514.0,0
29443,68.98,4.95,85.32,751.0,0
4977,80.94,15.06,73.12,869.0,0
31085,40.9,6.64,34.62,655.0,0
1846,41.73,6.49,75.73,1023.0,0
66166,74.91,10.17,67.46,322.0,0
7852,62.97,14.77,77.79,835.0,0
43218,77.1,13.27,70.7,458.0,0
94251,52.97,14.28,35.98,0.0,1
5044,32.63,2.72,64.57,905.0,0
23480,76.87,11.53,82.53,646.0,0
99012,73.33,6.44,88.7,0.0,1
21320,71.84,11.19,71.66,646.0,0
13655,57.23,7.46,48.69,809.0,0
48819,48.22,14.39,49.66,544.0,0
91080,44.55,6.98,59.23,102.0,0
88725,60.7,4.04,97.98,92.0,0
75971,50.31,2.82,81.62,266.0,0
11971,59.53,10.17,86.08,873.0,0
4094,48.85,5.61,76.48,952.0,0
48807,48.34,17.25,95.0,497.0,0
31198,83.39,5.68,99.32,676.0,0
55127,46.47,6.21,98.96,425.0,0
11673,58.7,12.39,51.48,804.0,0
31635,49.78,14.05,87.94,609.0,0
61512,98.49,8.51,79.67,325.0,0
53087,61.48,4.09,51.82,408.0,0
41307,47.4,6.47,52.69,559.0,0
43686,75.37,4.37,87.83,614.0,0
61799,63.42,14.35,100.0,307.0,0
60074,39.81,16.84,67.66,402.0,0
72416,61.95,6.39,68.6,284.0,0
87779,39.14,1.2,75.49,131.0,0
39592,74.36,18.27,91.2,465.0,0
7625,64.01,5.32,100.0,837.0,0
32111,73.64,2.94,80.8,740.0,0
63519,26.19,5.14,100.0,316.0,0
1184,72.63,14.07,82.93,981.0,0
47193,67.1,5.35,100.0,621.0,0
89720,55.64,11.85,48.64,116.0,0
187,77.44,7.32,74.85,943.0,0
29839,35.68,13.86,58.12,614.0,0
2427,70.25,8.37,50.75,941.0,0
27905,63.61,10.65,77.37,649.0,0
90249,54.98,6.61,100.0,0.0,1
87582,43.09,6.54,100.0,0.0,1
57724,67.95,13.64,71.91,297.0,0
30356,58.18,6.73,67.62,677.0,0
14232,67.1,8.86,65.07,826.0,0
45438,56.65,6.74,75.23,488.0,0
39379,42.18,8.9,58.26,626.0,0
5066,60.84,12.86,47.11,888.0,0
50961,65.55,9.61,68.55,502.0,0
84921,56.95,15.42,61.19,67.0,0
45135,73.43,15.19,100.0,470.0,0
32430,66.93,4.22,83.29,690.0,0
20597,48.94,10.06,100.0,773.0,0
4308,63.82,9.53,72.53,937.0,0
96289,52.73,16.93,61.63,44.0,0
54949,68.16,9.54,37.63,363.0,0
91637,70.58,15.54,56.78,52.0,0
68999,28.22,14.33,42.96,240.0,0
40361,69.43,10.41,47.12,562.0,0
17659,61.92,13.77,80.2,735.0,0
89148,71.97,17.93,95.78,40.0,0
32880,48.93,2.74,76.94,678.0,0
88469,47.87,6.48,74.42,65.0,0
62366,54.51,16.81,0.48,457.0,0
99237,63.12,6.98,86.31,0.0,1
17407,72.42,10.52,67.95,824.0,0
43461,69.13,8.6,52.37,572.0,0
36803,52.48,7.14,84.04,545.0,0
1773,78.26,8.35,46.45,964.0,0
4005,55.74,11.49,89.94,704.0,0
60382,51.66,14.14,88.64,330.0,0
47299,67.2,4.53,78.93,441.0,0
34161,51.13,20.23,66.77,567.0,0
21310,29.73,12.42,64.95,829.0,0
95786,62.61,8.08,81.3,44.0,0
29089,61.86,12.59,86.44,580.0,0
85732,52.58,8.87,50.54,148.0,0
24247,44.68,16.06,66.0,695.0,0
15129,55.1,8.17,51.35,764.0,0
89242,79.42,19.0,77.57,0.0,1
10566,35.14,17.74,57.93,748.0,0
15827,64.5,6.24,32.14,880.0,0
46484,58.68,10.45,66.63,538.0,0
70411,68.96,10.75,43.03,307.0,0
17898,50.73,8.82,63.37,810.0,0
18926,39.51,7.61,66.76,800.0,0
22525,58.69,16.41,100.0,692.0,0
69746,57.18,2.92,84.82,262.0,0
6702,54.46,5.84,65.59,809.0,0
50650,79.82,7.51,80.89,438.0,0
22492,69.78,8.06,37.09,681.0,0
83932,49.21,8.05,89.83,181.0,0
38759,58.9,4.72,98.09,525.0,0
83690,24.98,6.38,63.86,86.0,0
76069,71.14,13.3,79.99,172.0,0
13868,96.34,5.59,80.2,760.0,0
58911,54.3,13.88,45.08,313.0,0
89659,69.11,17.94,83.08,0.0,1
32687,53.79,3.82,64.04,693.0,0
48931,82.32,15.72,53.77,370.0,0
1204,34.87,9.54,71.93,1021.0,0
1454,92.56,9.27,63.68,913.0,0
2565,54.64,10.82,81.45,968.0,0
4512,31.69,2.42,100.0,997.0,0
42128,75.27,9.58,48.16,515.0,0
83899,52.7,5.59,70.67,97.0,0
31295,65.64,19.19,66.95,623.0,0
90824,56.01,7.63,67.47,52.0,0
55743,69.93,6.57,86.14,416.0,0
61469,51.12,14.09,66.16,331.0,0
71239,39.73,6.83,23.46,271.0,0
15372,79.68,16.6,44.44,778.0,0
99848,61.98,15.47,94.56,0.0,1
74743,58.4,13.92,80.65,248.0,0
40904,72.63,3.87,59.78,545.0,0
10623,59.81,15.83,74.69,817.0,0
10386,60.46,13.21,88.5,866.0,0
52611,82.17,7.23,67.3,416.0,0
46212,49.07,4.88,63.19,505.0,0
50724,39.77,12.26,62.44,539.0,0
22789,59.3,12.62,57.03,741.0,0
1127,40.13,2.57,34.24,885.0,0
14236,74.3,7.96,82.49,811.0,0
16251,54.04,12.13,59.75,735.0,0
77439,74.71,13.06,55.33,135.0,0
63486,42.38,17.03,75.29,391.0,0
80562,43.42,7.97,64.79,186.0,0
32388,31.23,3.31,49.14,672.0,0
23233,32.24,8.08,60.58,820.0,0
8077,56.91,10.11,90.93,899.0,0
29921,98.85,9.93,69.66,700.0,0
47753,70.68,10.37,56.3,512.0,0
92777,78.04,11.14,74.2,32.0,0
1530,68.73,5.35,69.88,961.0,0
23103,58.4,12.28,72.1,748.0,0
27326,36.17,7.12,96.19,599.0,0
80111,48.76,16.77,56.07,134.0,0
16297,67.42,4.08,100.0,791.0,0
21251,60.08,9.13,81.25,710.0,0
43066,66.02,11.2,30.02,506.0,0
79407,31.28,9.83,76.89,132.0,0
9946,45.28,7.96,57.41,891.0,0
19543,51.46,11.9,94.39,774.0,0
40703,66.07,9.43,59.14,581.0,0
19926,32.53,11.18,88.57,777.0,0
42701,39.2,0.82,93.89,594.0,0
53479,55.37,8.98,76.69,491.0,0
84411,61.54,8.37,45.89,150.0,0
4116,95.53,5.31,70.76,909.0,0
52292,56.76,4.95,83.0,413.0,0
30248,42.13,7.86,68.67,644.0,0
70190,42.85,-1.09,89.75,256.0,0
47435,64.94,3.98,60.11,471.0,0
64919,56.06,10.33,55.66,291.0,0
26641,55.6,11.82,70.13,653.0,0
87985,48.63,2.52,67.74,138.0,0
75020,51.21,9.61,51.64,145.0,0
41657,48.87,14.96,87.61,609.0,0
42874,44.02,11.12,57.16,417.0,0
92851,70.96,9.97,68.79,5.0,1
72515,65.43,10.6,68.73,237.0,0
90033,65.9,16.72,48.29,78.0,0
38268,46.39,12.09,78.18,644.0,0
1501,43.82,-1.02,62.43,1080.0,0
88035,61.33,14.75,77.59,89.0,0
77539,61.31,10.04,57.58,170.0,0
20104,56.88,11.5,65.5,793.0,0
74612,73.97,9.57,47.57,179.0,0
29576,46.72,10.08,68.3,739.0,0
18538,81.02,4.32,67.68,717.0,0
66145,77.1,7.0,71.17,271.0,0
45457,45.54,15.43,58.25,441.0,0
39747,45.22,19.47,72.87,498.0,0
57540,80.97,2.52,78.03,398.0,0
23479,49.27,6.66,95.66,660.0,0
67087,45.82,23.27,89.71,293.0,0
62015,54.95,3.56,55.77,368.0,0
72490,71.63,16.41,68.57,179.0,0
29611,38.86,3.69,76.74,705.0,0
47760,33.58,2.04,72.55,607.0,0
70658,60.32,6.4,77.01,257.0,0
24797,45.82,11.78,67.66,705.0,0
83047,27.84,2.8,47.72,131.0,0
33437,63.89,14.07,66.18,681.0,0
26913,45.01,4.78,55.0,729.0,0
91038,71.27,-0.07,52.06,34.0,0
9482,22.97,13.46,37.06,897.0,0
66971,61.32,9.44,69.5,311.0,0
45906,59.59,7.31,35.95,404.0,0
39695,38.41,7.05,43.55,636.0,0
4334,72.39,8.22,91.07,817.0,0
61134,52.9,6.0,60.24,457.0,0
92559,39.78,3.66,77.03,30.0,0
87538,105.97,8.97,63.86,63.0,0
62710,51.19,12.67,84.52,405.0,0
12157,58.3,6.06,81.75,876.0,0
37976,63.41,7.42,81.62,510.0,0
27614,32.1,13.84,93.98,724.0,0
37912,69.27,7.18,31.34,588.0,0
11046,52.67,14.94,60.0,787.0,0
44006,65.98,13.97,70.27,534.0,0
86840,79.71,5.16,93.49,96.0,0
14848,59.46,15.0,94.68,729.0,0
40740,65.72,1.94,85.71,558.0,0
78962,87.36,8.92,50.88,118.0,0
26139,40.24,6.31,46.2,705.0,0
41274,76.67,15.48,76.56,457.0,0
15063,59.79,11.84,75.54,801.0,0
96583,72.54,6.39,77.68,0.0,1
90908,50.97,14.82,91.15,39.0,0
72907,36.13,7.92,97.93,253.0,0
36133,44.97,10.82,100.0,634.0,0
68695,64.55,-1.84,91.8,300.0,0
54313,52.71,6.22,74.43,459.0,0
51499,52.59,10.27,40.71,559.0,0
32925,69.62,-1.13,71.98,602.0,0
61137,50.34,4.75,66.49,360.0,0
74837,35.87,20.34,0.86,81.0,0
54718,46.26,7.06,54.93,442.0,0
61688,78.16,11.84,63.72,332.0,0
51115,60.3,14.34,54.97,404.0,0
149,50.85,7.27,58.01,924.0,0
63397,41.84,14.51,41.33,368.0,0
19987,65.72,10.82,97.01,810.0,0
96573,55.6,4.17,86.82,14.0,0
24114,56.3,8.4,69.55,692.0,0
80304,55.96,4.13,63.38,87.0,0
90948,65.84,7.13,67.01,13.0,0
50650,74.59,16.59,58.06,315.0,0
55211,71.93,13.31,71.87,355.0,0
81189,78.42,15.02,68.16,187.0,0
75158,87.99,-1.25,65.79,155.0,0
71956,36.74,11.09,92.57,216.0,0
52952,68.42,6.48,69.46,515.0,0
76606,69.08,12.74,100.0,205.0,0
87182,64.66,11.58,78.76,100.0,0
6708,89.02,15.47,92.45,847.0,0
26416,62.4,8.94,77.29,773.0,0
14782,72.5,14.01,85.06,801.0,0
46597,59.41,9.81,90.32,513.0,0
7286,47.5,18.56,79.12,979.0,0
12185,76.46,12.73,27.5,860.0,0
13039,47.05,6.34,66.43,856.0,0
33459,53.54,14.41,79.45,654.0,0
13670,63.23,8.33,53.55,796.0,0
69172,60.21,7.34,65.42,311.0,0
53236,75.9,8.63,54.67,480.0,0
27455,56.63,19.33,90.9,651.0,0
5133,63.63,8.93,92.48,998.0,0
1569,50.44,13.79,68.69,935.0,0
62361,41.02,1.75,51.36,404.0,0
35814,79.75,15.37,72.11,665.0,0
84994,66.08,5.97,51.42,87.0,0
14417,93.69,9.27,85.15,814.0,0
23642,73.13,13.47,75.61,628.0,0
29159,30.05,12.87,74.25,593.0,0
21747,50.28,7.39,65.83,758.0,0
43774,45.51,12.4,86.83,436.0,0
69328,59.99,-0.99,99.94,177.0,0
73491,66.96,17.91,70.44,260.0,0
30759,73.48,16.77,100.0,620.0,0
26281,88.83,10.65,84.43,726.0,0
18976,60.59,2.96,86.54,752.0,0
2259,72.81,15.8,58.05,992.0,0
58660,73.7,8.41,62.54,387.0,0
56404,60.12,6.47,100.0,434.0,0
29947,90.76,21.59,71.33,574.0,0
40802,48.08,3.61,49.15,523.0,0
89356,46.29,7.47,77.9,131.0,0
90848,68.12,13.71,58.19,0.0,1
34060,55.01,4.68,74.39,545.0,0
86250,77.29,7.03,28.16,53.0,0
83314,52.05,12.23,77.07,134.0,0
84912,56.36,8.63,77.44,24.0,0
47901,88.71,6.2,65.95,567.0,0
74805,70.92,3.5,70.32,167.0,0
76788,73.48,-1.0,78.43,146.0,0
94407,64.1,15.49,93.99,48.0,0
57183,50.46,2.7,52.74,370.0,0
29126,45.03,13.7,68.52,641.0,0
40929,74.73,9.53,89.59,550.0,0
7369,45.81,9.54,67.03,813.0,0
3415,23.73,9.67,98.46,915.0,0
30690,71.45,6.04,52.92,647.0,0
26080,55.32,7.6,66.17,630.0,0
89858,47.85,6.18,52.01,42.0,0
3347,78.53,8.34,71.88,948.0,0
79973,77.6,8.61,76.53,155.0,0
51307,72.83,8.99,67.86,416.0,0
42537,73.56,13.97,63.0,444.0,0
96495,54.88,3.86,76.82,0.0,1
94000,55.19,14.36,65.65,25.0,0
25645,60.41,8.61,53.61,677.0,0
58811,36.63,16.09,35.63,303.0,0
34738,80.07,4.08,82.19,653.0,0
30518,9.27,18.89,74.1,746.0,0
76413,68.35,10.68,91.53,196.0,0
47824,43.53,5.05,53.77,398.0,0
63782,48.39,10.38,74.71,297.0,0
25576,62.96,9.54,51.17,601.0,0
74592,62.22,14.33,53.95,181.0,0
87274,50.06,16.82,61.73,147.0,0
65856,47.35,7.66,78.5,292.0,0
37516,50.39,9.55,67.32,612.0,0
87371,59.36,15.3,92.11,121.0,0
88938,105.44,11.45,86.78,39.0,0
17891,71.79,15.73,87.04,733.0,0
50501,73.16,12.33,65.92,430.0,0
23341,55.35,12.54,19.81,715.0,0
91773,81.74,6.03,99.73,0.0,1
76174,50.29,-3.34,61.06,202.0,0
65010,49.61,18.65,100.0,323.0,0
39707,42.31,8.38,74.21,583.0,0
42099,51.18,5.14,70.63,474.0,0
48308,59.58,8.96,45.88,465.0,0
32746,64.87,9.0,71.82,640.0,0
71663,73.83,6.37,46.22,279.0,0
18875,80.67,12.11,90.66,741.0,0
67113,83.06,12.11,91.21,233.0,0
68136,54.99,10.59,53.77,245.0,0
27851,73.38,6.53,96.03,587.0,0
68621,86.99,2.99,42.17,298.0,0
77709,62.98,8.0,66.16,193.0,0
59564,41.53,6.53,100.0,408.0,0
75305,71.71,13.77,68.89,238.0,0
5580,61.4,4.49,66.63,871.0,0
2653,44.95,10.1,74.65,931.0,0
87341,58.74,8.18,58.07,2.0,1
5799,57.4,-1.35,64.46,949.0,0
52839,26.1,13.28,53.02,428.0,0
82653,49.94,5.64,61.92,90.0,0
251,88.07,4.04,87.92,893.0,0
174,58.37,3.84,70.84,981.0,0
75724,54.98,10.43,99.36,246.0,0
61100,45.36,6.35,76.29,414.0,0
94552,71.16,0.96,55.81,117.0,0
85235,80.24,6.68,98.62,86.0,0
39750,43.49,9.56,57.63,585.0,0
40750,75.84,15.01,37.72,549.0,0
48255,27.11,12.48,64.11,538.0,0
2170,57.14,14.46,89.39,884.0,0
73995,67.19,14.89,85.4,201.0,0
29663,69.61,14.75,75.77,659.0,0
51643,54.67,16.2,53.43,469.0,0
18661,59.73,10.72,84.14,831.0,0
76197,75.03,13.4,87.15,222.0,0
41296,51.33,9.83,78.23,513.0,0
67648,57.61,20.93,39.11,282.0,0
19114,68.65,10.76,70.25,764.0,0
89383,62.07,17.22,56.45,64.0,0
85756,34.46,9.85,39.25,76.0,0
63792,67.57,-2.5,100.0,317.0,0
86350,63.56,13.42,100.0,49.0,0
25027,72.53,7.67,17.24,686.0,0
17021,67.26,7.04,44.54,763.0,0
41779,76.66,0.41,31.4,529.0,0
82866,90.73,11.37,61.46,124.0,0
47616,72.26,-1.66,70.11,397.0,0
13614,63.03,17.34,55.96,902.0,0
79004,77.46,10.48,100.0,195.0,0
95368,60.46,8.62,54.91,52.0,0
57975,63.52,15.38,78.27,395.0,0
59521,44.82,8.24,84.41,374.0,0
56575,65.34,3.5,78.24,285.0,0
65532,60.96,10.9,100.0,308.0,0
58411,52.54,6.63,73.41,371.0,0
2812,73.54,13.02,59.02,799.0,0
57254,87.13,8.93,96.94,363.0,0
14712,72.39,1.8,63.23,898.0,0
125,53.8,17.19,93.3,868.0,0
66427,77.58,12.75,100.0,281.0,0
14139,68.66,9.82,28.41,765.0,0
33694,87.59,7.41,66.17,639.0,0
56754,76.22,7.78,70.7,388.0,0
38559,75.16,8.65,70.13,489.0,0
76120,44.36,16.28,50.12,221.0,0
95363,68.61,13.92,94.88,0.0,1
40473,46.25,15.75,44.32,473.0,0
77757,60.72,13.14,64.3,225.0,0
65173,61.96,4.96,66.06,312.0,0
41973,69.85,18.25,83.11,494.0,0
51184,66.87,17.65,95.17,516.0,0
46820,46.95,6.21,68.41,461.0,0
67013,65.28,9.94,100.0,334.0,0
91072,86.64,14.04,68.49,115.0,0
88311,42.43,8.06,86.74,59.0,0
29083,75.35,9.45,47.9,565.0,0
82448,50.09,14.84,90.78,88.0,0
42620,68.39,4.75,68.96,445.0,0
77092,86.84,6.66,65.43,174.0,0
72791,41.38,14.04,73.74,196.0,0
12983,58.52,13.09,59.37,810.0,0
30815,58.69,13.31,90.23,612.0,0
28459,33.29,10.06,44.59,618.0,0
42960,64.0,8.68,100.0,512.0,0
79978,38.3,9.21,40.54,120.0,0
53895,69.74,14.7,36.73,458.0,0
60136,69.81,13.89,51.36,371.0,0
11901,74.52,5.36,80.63,923.0,0
1714,52.06,12.62,60.72,961.0,0
12835,52.18,13.95,59.02,901.0,0
90787,55.72,15.14,64.01,170.0,0
41699,55.3,12.97,83.64,497.0,0
58456,74.14,12.46,30.72,394.0,0
33743,48.57,5.24,83.11,644.0,0
51553,57.24,15.59,67.28,514.0,0
580,75.77,6.63,88.94,1018.0,0
88453,62.62,10.51,53.91,72.0,0
62238,61.19,13.46,100.0,222.0,0
86996,71.52,12.64,75.51,11.0,0
49196,50.47,13.41,69.51,449.0,0
81492,29.98,4.44,45.86,110.0,0
27748,54.94,14.32,94.06,588.0,0
58667,52.29,15.74,75.75,321.0,0
97494,21.23,15.08,56.72,0.0,1
87489,51.73,9.94,87.36,96.0,0
41278,75.67,10.04,73.04,508.0,0
99533,71.44,11.86,39.31,0.0,1
74499,76.22,4.32,87.34,173.0,0
30812,72.14,-3.12,74.16,717.0,0
37962,59.78,4.21,43.28,553.0,0
48116,63.1,8.25,27.24,552.0,0
49772,56.91,4.3,80.18,452.0,0
60840,43.09,9.72,80.31,397.0,0
58922,75.8,10.88,67.01,405.0,0
27084,53.33,6.77,85.49,655.0,0
65652,66.73,7.07,66.14,354.0,0
97131,65.5,5.3,59.82,0.0,1
48474,77.33,6.29,37.46,380.0,0
93844,52.86,8.49,68.74,70.0,0
5756,72.26,11.26,31.14,930.0,0
13228,72.06,17.07,60.71,779.0,0
51854,87.13,13.57,42.96,349.0,0
76741,31.57,12.27,72.48,277.0,0
12730,70.84,3.83,59.4,819.0,0
13440,56.93,8.0,34.03,857.0,0
82501,81.63,12.66,37.29,55.0,0
83070,79.44,16.83,76.82,89.0,0
8000,33.84,2.13,98.53,973.0,0
77025,51.86,14.86,61.97,162.0,0
78457,72.47,11.42,56.46,72.0,0
39383,76.22,5.88,78.14,565.0,0
22832,54.93,-1.97,67.63,724.0,0
94173,87.37,11.18,87.08,0.0,1
85341,43.43,14.57,62.19,121.0,0
74113,61.38,-0.92,87.53,220.0,0
85922,60.35,15.59,50.66,19.0,0
5531,58.91,14.52,85.7,797.0,0
86818,82.04,15.3,29.55,117.0,0
66211,61.53,11.27,76.78,307.0,0
50540,18.18,13.75,58.92,424.0,0
11437,46.08,4.73,100.0,909.0,0
57222,64.85,19.66,64.05,338.0,0
89581,82.47,13.78,24.06,27.0,0
78141,72.55,13.39,67.89,123.0,0
16790,81.85,3.77,100.0,886.0,0
7928,82.52,8.55,100.0,768.0,0
48216,70.98,8.74,51.1,498.0,0
85896,51.13,14.35,81.49,46.0,0
65562,64.87,4.59,100.0,295.0,0
80221,73.3,12.28,73.36,143.0,0
18725,65.36,14.76,79.42,706.0,0
94945,101.86,10.88,62.51,0.0,1
73170,73.76,8.66,63.64,200.0,0
29080,54.19,8.02,62.43,761.0,0
59143,69.35,13.83,67.0,321.0,0
74595,71.76,0.88,83.53,156.0,0
78372,65.37,11.79,79.42,194.0,0
3730,54.03,15.69,76.56,944.0,0
9543,65.91,4.58,49.81,863.0,0
52211,74.13,7.39,72.06,413.0,0
45087,65.9,10.2,69.06,504.0,0
92159,66.1,6.14,71.41,52.0,0
34048,54.97,7.25,85.49,539.0,0
38152,61.44,6.34,39.32,607.0,0
36828,63.06,0.67,90.25,616.0,0
17825,33.95,5.29,71.0,825.0,0
72828,56.33,15.44,71.02,206.0,0
56378,53.41,9.97,74.36,285.0,0
56764,46.05,10.04,70.79,308.0,0
92831,55.19,8.43,81.73,0.0,1
65696,34.11,7.49,76.92,211.0,0
61425,56.07,12.95,72.47,286.0,0
17641,79.03,15.11,78.3,739.0,0
19708,62.8,7.46,56.05,858.0,0
24621,48.01,18.67,80.67,729.0,0
47460,66.19,9.9,45.34,481.0,0
92114,47.8,7.78,69.46,90.0,0
51394,56.94,17.81,70.09,405.0,0
26661,56.46,3.41,84.3,613.0,0
1755,58.87,13.56,52.07,1040.0,0
17998,73.82,5.41,64.23,745.0,0
10385,47.83,8.58,56.77,800.0,0
74985,71.09,5.29,78.05,181.0,0
92007,64.23,9.55,82.13,0.0,1
16510,65.51,15.42,73.93,752.0,0
81345,70.5,14.04,68.35,71.0,0
65088,71.19,9.0,87.73,287.0,0
75343,42.22,15.37,79.11,148.0,0
97029,21.71,1.36,73.34,48.0,0
30512,75.53,16.26,67.01,583.0,0
38530,57.67,8.43,100.0,487.0,0
93820,70.02,5.93,81.37,0.0,1
67889,48.86,10.32,60.29,281.0,0
43596,74.17,2.88,79.86,495.0,0
66154,48.69,1.57,29.24,267.0,0
50714,65.76,18.02,100.0,386.0,0
64827,32.05,15.66,43.48,306.0,0
70462,57.83,15.4,60.94,229.0,0
68757,93.96,2.45,69.87,235.0,0
30434,69.52,9.12,69.08,724.0,0
62835,49.28,4.5,12.12,288.0,0
45384,40.76,3.08,72.3,556.0,0
22162,66.8,1.4,86.42,741.0,0
48980,49.34,15.67,63.14,386.0,0
94723,49.71,8.75,82.32,64.0,0
14259,41.33,7.73,49.43,909.0,0
87478,68.4,14.61,47.32,43.0,0
11571,52.11,9.02,85.62,871.0,0
35684,74.59,22.81,54.84,578.0,0
16190,23.74,1.45,31.1,811.0,0
10601,48.44,12.36,64.34,802.0,0
94195,34.45,13.63,76.05,0.0,1
28456,47.46,1.46,71.4,706.0,0
34672,54.01,-4.0,95.21,692.0,0
39911,71.9,8.9,73.89,584.0,0
58031,87.32,18.17,62.05,344.0,0
29409,50.61,19.1,100.0,565.0,0
22822,62.09,3.66,57.28,780.0,0
19365,85.89,4.19,80.83,791.0,0
44346,62.63,9.52,62.48,596.0,0
62871,58.08,11.12,81.68,226.0,0
54008,66.32,13.45,92.2,406.0,0
96570,57.41,7.17,48.9,47.0,0
12855,75.34,10.09,100.0,753.0,0
10126,61.42,7.19,63.85,849.0,0
45211,76.55,11.36,34.6,423.0,0
91465,86.16,9.26,82.66,63.0,0
3012,27.05,-1.04,68.39,956.0,0
97319,60.76,12.95,97.25,2.0,1
61065,54.63,9.05,64.05,340.0,0
32431,83.01,11.84,82.87,613.0,0
36754,47.68,17.43,83.13,480.0,0
55018,76.66,10.92,49.91,368.0,0
80066,48.13,8.23,34.91,66.0,0
94759,59.14,8.21,50.78,53.0,0
22028,56.89,1.67,85.09,750.0,0
57885,67.35,10.02,58.6,356.0,0
8908,49.68,13.59,64.58,816.0,0
65898,55.54,7.73,24.62,247.0,0
96672,51.52,14.45,54.71,91.0,0
32078,71.43,14.97,83.91,767.0,0
34744,79.59,2.99,40.12,601.0,0
97207,41.82,13.43,91.29,0.0,1
60011,36.56,22.55,54.07,263.0,0
41082,54.11,7.51,87.04,508.0,0
71049,43.13,17.84,70.23,243.0,0
68208,75.91,13.22,40.98,293.0,0
83769,80.61,18.12,90.95,102.0,0
36427,52.43,0.95,100.0,612.0,0
26240,36.99,18.02,94.0,676.0,0
85467,68.13,10.58,92.22,252.0,0
45726,36.22,9.25,97.81,558.0,0
85605,33.39,2.05,72.51,207.0,0
49911,69.51,12.55,35.03,420.0,0
78526,55.77,16.07,51.66,265.0,0
34384,82.84,11.45,43.33,595.0,0
23389,72.11,7.66,45.59,812.0,0
80990,55.12,15.58,15.94,159.0,0
96634,61.2,7.39,100.0,0.0,1
70566,64.72,11.69,81.62,176.0,0
48185,57.66,21.55,83.98,445.0,0
19223,67.21,9.13,71.55,784.0,0
15667,33.66,10.74,41.74,791.0,0
13665,63.81,6.47,89.73,787.0,0
53633,63.04,8.06,99.38,430.0,0
62269,61.68,-1.83,97.56,297.0,0
74545,83.15,16.29,65.44,194.0,0
5214,53.52,2.01,43.2,901.0,0
21663,65.99,17.53,43.51,670.0,0
32843,70.77,5.38,65.8,532.0,0
44569,75.36,23.52,53.26,500.0,0
35487,50.24,18.46,80.6,615.0,0
91716,30.46,17.88,47.77,16.0,0
596,48.95,10.17,53.82,914.0,0
91029,67.11,13.53,85.39,36.0,0
59561,59.83,18.49,82.36,261.0,0
4545,44.68,13.42,71.85,972.0,0
44025,70.58,18.73,70.25,563.0,0
14227,61.71,10.06,55.46,887.0,0
22162,53.94,8.26,93.12,698.0,0
31746,42.36,14.79,27.89,606.0,0
77957,63.58,-1.46,69.53,217.0,0
36255,60.81,5.7,90.57,596.0,0
23549,47.76,6.77,52.93,729.0,0
71550,40.8,1.91,37.04,279.0,0
77870,41.65,6.71,52.12,198.0,0
78602,59.71,9.56,100.0,159.0,0
4469,78.76,-1.31,43.5,939.0,0
38359,75.86,17.07,50.45,472.0,0
2365,51.39,5.5,75.21,907.0,0
9893,65.99,14.7,81.95,780.0,0
30001,64.7,14.01,82.97,643.0,0
11561,69.36,16.92,62.92,814.0,0
86753,61.02,0.28,99.07,151.0,0
89549,68.67,16.53,33.34,13.0,0
90940,66.23,13.86,69.08,8.0,0
72876,53.97,16.21,80.83,215.0,0
39808,102.07,8.48,94.13,559.0,0
12829,69.91,16.68,69.72,741.0,0
90560,82.89,13.82,88.22,20.0,0
4477,52.74,12.4,94.12,875.0,0
28857,64.53,12.15,63.3,597.0,0
35347,61.05,4.68,50.17,651.0,0
56649,70.35,18.06,84.97,435.0,0
46227,68.6,9.05,84.72,506.0,0
92899,35.5,6.25,76.35,12.0,0
3162,75.46,6.72,78.4,891.0,0
1065,61.66,14.28,44.94,954.0,0
61772,48.68,13.06,53.16,246.0,0
87838,65.08,12.02,68.57,138.0,0
92972,50.88,7.59,63.22,16.0,0
27763,59.0,11.87,79.12,603.0,0
6409,45.52,13.75,48.05,887.0,0
71822,61.7,14.94,68.4,260.0,0
19143,48.22,10.65,76.33,789.0,0
27221,88.75,17.78,49.02,727.0,0
63758,83.08,10.23,100.0,274.0,0
57623,85.72,5.18,75.91,493.0,0
80677,46.86,6.34,86.35,134.0,0
22420,83.2,16.25,73.37,793.0,0
69321,60.87,9.09,72.11,278.0,0
38706,63.84,16.12,66.13,543.0,0
68805,51.8,12.03,78.5,265.0,0
90941,50.28,12.21,100.0,29.0,0
49908,57.19,12.88,76.09,563.0,0
61943,85.25,11.73,85.56,345.0,0
76497,73.26,2.15,100.0,54.0,0
15258,35.56,7.75,98.5,846.0,0
1817,51.48,8.94,71.45,1023.0,0
71748,75.29,11.41,55.93,108.0,0
13576,55.84,22.25,96.04,792.0,0
29243,61.79,2.05,51.03,698.0,0
41321,69.03,8.15,80.79,554.0,0
43401,53.96,19.76,60.46,511.0,0
52074,56.88,7.49,61.3,542.0,0
44092,47.56,2.58,96.26,620.0,0
19668,70.94,1.05,64.98,696.0,0
58755,42.67,9.96,79.94,416.0,0
25265,59.23,6.71,53.38,731.0,0
4542,96.8,6.97,71.73,914.0,0
95755,34.69,4.63,100.0,30.0,0
25793,58.73,19.33,50.26,630.0,0
56968,46.27,7.07,68.67,530.0,0
87274,60.34,8.86,92.62,162.0,0
71479,45.02,3.29,57.93,200.0,0
22456,74.27,11.99,61.76,692.0,0
60441,80.35,7.06,74.77,388.0,0
86581,47.99,21.67,66.16,151.0,0
43245,52.84,10.46,100.0,536.0,0
94667,65.37,9.41,39.99,7.0,0
92979,56.34,8.44,85.49,83.0,0
67892,76.85,7.83,84.88,204.0,0
23600,83.38,7.2,64.94,705.0,0
34474,64.97,7.26,76.14,599.0,0
88200,56.52,12.89,95.03,66.0,0
7977,51.31,-1.86,95.6,922.0,0
56773,70.54,10.69,57.68,401.0,0
10005,51.12,15.1,40.38,862.0,0
3084,47.24,6.59,100.0,880.0,0
70469,58.22,12.11,100.0,144.0,0
25663,72.16,11.43,81.41,661.0,0
18306,72.57,4.89,62.76,809.0,0
59852,74.44,14.25,95.4,359.0,0
37188,47.82,7.36,70.03,558.0,0
15355,56.13,3.34,39.61,878.0,0
22020,58.13,12.07,59.88,763.0,0
80365,72.71,18.33,34.08,151.0,0
95806,62.05,8.98,85.39,45.0,0
24615,56.56,13.77,82.31,731.0,0
98800,33.24,11.1,40.19,0.0,1
54341,36.28,7.96,64.09,504.0,0
88118,57.86,8.47,46.92,2.0,1
33849,80.8,21.13,57.41,581.0,0
20570,59.21,10.62,37.48,794.0,0
92073,64.76,9.24,74.06,55.0,0
70463,55.4,13.68,69.83,174.0,0
81634,66.1,7.02,77.09,134.0,0
60587,56.25,8.26,74.36,333.0,0
88260,49.82,7.52,58.27,51.0,0
54956,48.26,17.72,47.87,345.0,0
33842,56.62,12.16,68.28,656.0,0
40536,46.99,10.25,90.68,578.0,0
87764,44.21,7.34,43.79,113.0,0
29321,77.04,4.61,64.42,637.0,0
34176,39.9,11.84,90.65,622.0,0
53694,72.04,6.52,88.44,410.0,0
787,69.82,10.14,24.39,974.0,0
51236,58.67,9.48,62.61,430.0,0
91395,55.8,13.05,82.53,27.0,0
20701,70.19,7.52,70.0,761.0,0
38422,66.43,-1.09,82.2,658.0,0
27162,42.11,14.43,71.98,647.0,0
1273,56.29,21.05,93.17,887.0,0
76283,52.71,11.33,69.79,144.0,0
92417,25.6,14.5,66.74,39.0,0
73868,61.33,2.48,33.1,173.0,0
20546,58.98,21.92,83.03,632.0,0
3554,66.08,9.47,72.54,1001.0,0
52712,93.33,11.68,93.07,385.0,0
10615,76.86,6.97,97.18,1005.0,0
20711,51.23,12.92,52.05,680.0,0
62776,63.47,19.66,35.81,336.0,0
77088,55.98,10.9,67.47,167.0,0
78344,40.9,-0.95,100.0,280.0,0
89418,69.24,4.5,79.28,0.0,1
48370,65.27,11.01,48.23,510.0,0
37208,76.57,9.98,66.04,599.0,0
2784,51.62,8.96,78.94,987.0,0
76222,59.24,8.69,68.67,132.0,0
97262,68.69,12.31,85.17,0.0,1
31132,70.22,16.55,69.41,618.0,0
32190,69.85,11.59,69.84,609.0,0
29642,82.23,4.1,91.43,681.0,0
26902,53.56,13.6,93.32,698.0,0
43110,75.58,13.79,81.45,496.0,0
52310,63.05,11.25,47.27,435.0,0
44422,66.37,11.87,65.24,530.0,0
3398,59.48,11.77,86.98,932.0,0
44717,54.09,18.12,89.28,494.0,0
31405,54.22,7.84,100.0,619.0,0
75137,59.28,11.4,38.33,240.0,0
44161,36.15,11.3,84.67,560.0,0
77361,82.94,15.04,49.02,246.0,0
7007,66.54,11.99,70.21,731.0,0
16219,53.4,4.92,45.34,769.0,0
6053,37.38,12.7,55.73,921.0,0
21508,79.32,12.58,65.86,694.0,0
67951,49.03,8.32,48.32,239.0,0
49772,55.8,7.08,100.0,446.0,0
45274,51.52,8.24,69.12,488.0,0
20858,39.34,9.59,50.64,767.0,0
41331,54.72,12.6,44.9,595.0,0
68686,61.21,5.67,71.1,208.0,0
29114,40.46,3.99,81.5,638.0,0
77779,10.87,12.28,84.91,276.0,0
98882,74.27,3.5,75.78,0.0,1
6679,54.32,7.84,62.02,776.0,0
54981,46.18,0.23,93.33,403.0,0
97942,82.11,0.79,54.98,0.0,1
89640,53.91,3.64,95.46,83.0,0
45571,25.84,11.82,69.04,492.0,0
20278,35.86,11.3,85.5,859.0,0
34749,46.79,17.28,71.5,631.0,0
32497,62.43,4.27,97.26,713.0,0
80916,37.25,13.65,62.24,116.0,0
79520,35.21,9.28,76.32,124.0,0
45564,39.58,6.27,68.52,508.0,0
39218,52.56,10.63,47.97,523.0,0
47573,36.57,4.34,57.22,500.0,0
40625,65.85,9.72,49.74,445.0,0
54735,55.48,8.69,83.27,495.0,0
81398,58.99,4.92,43.7,132.0,0
13675,58.03,16.38,63.18,706.0,0
28045,66.89,11.33,91.6,675.0,0
86601,49.62,7.37,100.0,29.0,0
29780,71.16,5.73,36.11,690.0,0
98511,58.09,7.07,78.86,25.0,0
62922,46.41,-0.48,83.95,273.0,0
484,34.66,7.22,72.97,972.0,0
4115,55.93,0.6,83.49,988.0,0
22993,52.24,13.82,63.81,757.0,0
36196,55.87,10.67,44.03,583.0,0
82135,59.2,10.93,35.16,88.0,0
19261,81.76,10.11,90.96,839.0,0
93497,61.77,14.01,72.63,0.0,1
55386,63.38,13.92,66.14,402.0,0
49401,67.69,15.84,76.25,359.0,0
48496,48.23,9.26,60.29,452.0,0
14282,52.6,7.03,81.88,800.0,0
75367,76.39,10.48,55.1,177.0,0
88047,47.68,2.93,33.83,159.0,0
57492,57.7,9.32,55.71,377.0,0
35573,37.29,23.59,45.54,594.0,0
6557,51.99,3.28,61.49,925.0,0
86023,48.43,13.67,82.53,109.0,0
7908,60.37,9.94,92.41,846.0,0
33958,78.71,6.48,88.18,606.0,0
27970,66.97,17.19,53.86,640.0,0
12272,69.74,13.52,79.39,821.0,0
62723,76.4,17.16,89.82,367.0,0
30794,70.54,15.26,100.0,614.0,0
6571,76.1,0.1,36.26,965.0,0
89019,60.17,14.98,86.87,67.0,0
1789,81.3,13.61,54.1,922.0,0
13755,63.35,21.89,66.03,827.0,0
21058,74.32,14.0,83.35,725.0,0
28126,68.57,13.59,48.17,755.0,0
32913,58.6,13.92,72.45,524.0,0
56117,67.5,13.8,24.31,393.0,0
30961,49.07,7.63,71.7,581.0,0
81428,72.98,3.8,85.65,88.0,0
69404,91.25,14.65,100.0,186.0,0
76178,47.13,11.57,60.65,187.0,0
89532,30.47,6.59,88.36,70.0,0
44,44.43,17.05,56.34,1051.0,0
5251,64.11,5.54,33.33,903.0,0
45820,79.98,6.01,57.24,425.0,0
68059,43.27,8.79,54.8,308.0,0
21327,41.9,7.2,77.57,789.0,0
15500,87.3,17.59,49.78,740.0,0
7607,46.09,17.55,100.0,908.0,0
62324,62.27,16.49,45.6,301.0,0
74390,71.27,2.05,51.18,239.0,0
43856,47.19,9.27,90.92,528.0,0
38406,59.8,5.44,61.43,650.0,0
28846,47.45,14.19,100.0,647.0,0
44432,43.01,7.71,46.23,511.0,0
50939,61.17,8.22,73.82,450.0,0
38110,69.22,5.78,83.64,740.0,0
89409,68.6,10.41,55.01,0.0,1
85781,80.73,10.06,51.25,13.0,0
52707,57.24,8.92,62.49,395.0,0
5547,46.63,15.72,50.9,1000.0,0
66741,77.11,14.93,70.08,341.0,0
66704,41.65,12.76,70.04,295.0,0
31500,61.33,16.4,100.0,621.0,0
93090,71.45,10.35,84.71,105.0,0
93750,42.87,15.01,62.68,10.0,0
86696,47.81,11.24,50.11,63.0,0
68649,56.92,1.17,96.61,247.0,0
52994,72.04,11.05,74.97,530.0,0
46425,62.48,22.57,44.75,443.0,0
91983,78.53,7.67,59.27,50.0,0
73453,60.4,9.0,99.13,282.0,0
4738,52.21,21.37,54.31,784.0,0
50939,53.08,12.8,39.01,478.0,0
23922,34.49,10.02,88.62,600.0,0
26035,89.78,8.99,62.11,706.0,0
81706,65.2,1.82,77.74,173.0,0
35421,72.8,7.93,96.71,618.0,0
9372,83.28,-2.49,73.19,922.0,0
49287,43.53,14.0,77.6,352.0,0
66842,41.01,9.64,63.94,295.0,0
16124,48.51,15.43,57.32,809.0,0
907,35.77,13.91,58.15,893.0,0
92790,31.78,10.33,68.72,0.0,1
19085,82.66,8.78,80.43,697.0,0
16602,84.5,17.2,56.78,758.0,0
15922,67.91,10.38,82.02,815.0,0
30820,69.88,7.8,75.12,648.0,0
7730,65.25,7.55,83.62,802.0,0
10489,70.9,6.67,72.71,820.0,0
58692,31.08,3.61,69.12,421.0,0
2567,90.15,0.61,35.96,919.0,0
26867,46.74,8.91,64.5,659.0,0
87953,85.46,9.72,74.62,0.0,1
99661,53.83,10.36,67.87,0.0,1
86299,54.54,10.19,73.44,161.0,0
80246,56.97,9.32,63.44,79.0,0
15625,34.14,9.13,68.1,856.0,0
64964,59.99,12.53,90.17,260.0,0
23723,80.03,15.27,84.83,621.0,0
55828,24.78,13.37,90.64,471.0,0
5877,64.06,11.23,81.96,876.0,0
13624,67.34,8.14,45.23,875.0,0
47701,69.62,2.46,9.5,549.0,0
63075,56.97,20.24,55.46,274.0,0
17718,68.0,14.47,62.3,695.0,0
97599,50.45,12.81,54.52,0.0,1
16380,49.99,8.96,93.99,774.0,0
56850,56.06,6.91,40.09,400.0,0
61866,80.08,9.36,55.11,396.0,0
26039,59.27,15.22,62.52,690.0,0
16113,70.52,11.85,66.02,710.0,0
9396,87.45,10.75,75.67,797.0,0
72920,98.88,10.59,34.22,268.0,0
80811,52.83,9.5,77.02,136.0,0
19975,80.2,2.9,61.51,792.0,0
88997,44.03,13.06,71.63,45.0,0
6818,-12.34,6.35,71.01,959.0,0
5129,64.23,10.46,23.94,878.0,0
86895,48.64,7.83,35.35,36.0,0
58101,81.54,10.61,87.15,300.0,0
26479,52.3,6.25,55.81,709.0,0
56398,56.84,6.01,74.1,335.0,0
55593,40.23,8.79,98.82,431.0,0
11548,75.36,4.21,66.88,847.0,0
58253,53.16,14.08,65.14,341.0,0
38483,43.41,4.15,75.23,586.0,0
89363,67.51,17.65,49.08,80.0,0
65166,42.94,15.41,50.45,303.0,0
42784,59.59,10.71,67.74,462.0,0
33319,60.3,3.94,68.17,583.0,0
75365,65.64,9.45,58.06,176.0,0
49637,81.93,8.27,38.11,537.0,0
7327,61.84,11.66,47.7,891.0,0
71278,66.76,8.22,71.83,158.0,0
7291,46.79,7.72,72.79,932.0,0
95206,55.25,8.09,100.0,0.0,1
37477,26.4,13.02,100.0,612.0,0
38075,44.69,12.02,59.77,620.0,0
86022,69.56,11.24,78.67,123.0,0
94544,55.74,4.0,48.51,39.0,0
82023,44.04,4.03,80.63,214.0,0
16699,57.57,10.36,53.07,800.0,0
68727,52.66,0.76,42.53,295.0,0
9605,48.38,13.5,66.4,811.0,0
18666,84.63,9.76,34.99,805.0,0
76218,52.24,9.02,46.2,280.0,0
30038,45.42,9.4,65.84,581.0,0
11095,30.26,9.16,63.22,965.0,0
60489,38.16,10.14,72.14,356.0,0
4003,37.36,15.62,85.27,882.0,0
14280,62.64,4.62,57.9,862.0,0
51402,82.47,15.5,49.33,341.0,0
8062,58.42,0.46,63.67,939.0,0
71409,110.53,8.98,48.77,217.0,0
78215,76.24,2.22,47.46,170.0,0
40451,89.59,8.99,80.99,590.0,0
30045,103.39,7.45,59.77,687.0,0
83315,47.42,9.55,60.93,94.0,0
9904,65.93,17.86,74.57,885.0,0
92884,63.56,9.76,100.0,0.0,1
43513,56.13,7.39,71.34,608.0,0
78674,78.91,-0.51,34.2,182.0,0
75972,42.39,4.93,80.47,192.0,0
57238,78.42,-5.09,89.16,437.0,0
61059,56.61,8.0,80.37,365.0,0
99561,17.97,7.11,73.42,0.0,1
51384,76.44,14.12,65.83,397.0,0
61306,42.73,2.01,46.21,316.0,0
31050,59.04,8.84,67.05,649.0,0
3271,57.59,10.32,60.28,874.0,0
58636,60.6,13.91,100.0,362.0,0
16645,48.96,10.88,85.41,761.0,0
65294,53.1,12.66,47.14,325.0,0
75607,52.31,9.04,67.6,200.0,0
55087,62.89,7.39,81.59,387.0,0
5768,83.44,10.78,69.03,844.0,0
92102,92.01,11.19,47.35,0.0,1
32609,51.39,10.93,61.3,634.0,0
87711,54.13,14.78,97.98,101.0,0
41162,61.77,5.86,79.56,550.0,0
64892,48.78,8.94,84.78,307.0,0
94709,64.81,5.17,99.95,0.0,1
36830,63.12,12.07,85.91,509.0,0
48703,54.65,14.35,100.0,484.0,0
80030,64.57,10.81,92.87,126.0,0
43307,78.12,11.8,87.0,517.0,0
15890,48.93,6.53,89.94,813.0,0
499,51.21,7.45,89.09,949.0,0
87552,39.16,6.06,80.29,147.0,0
81859,76.09,8.88,87.04,71.0,0
99807,60.17,22.05,53.86,0.0,1
87552,82.57,19.23,99.02,0.0,1
11503,41.98,5.76,39.41,843.0,0
80504,62.77,7.1,76.58,91.0,0
43617,59.24,7.33,74.31,553.0,0
7524,47.29,3.83,30.56,926.0,0
12107,61.95,10.02,44.43,856.0,0
36225,55.44,8.61,38.68,541.0,0
56621,80.87,10.29,62.25,398.0,0
92493,57.96,-1.22,88.14,79.0,0
60732,94.05,14.04,77.32,332.0,0
849,52.48,9.59,55.81,872.0,0
57243,36.92,9.67,69.82,332.0,0
64374,71.34,2.05,82.84,359.0,0
87633,74.94,10.66,49.86,79.0,0
53433,47.59,4.8,91.76,483.0,0
63171,60.91,17.05,39.43,325.0,0
26902,57.05,4.6,81.8,706.0,0
75013,59.05,5.99,69.1,191.0,0
77835,41.75,1.64,46.27,237.0,0
62175,72.2,1.32,56.44,288.0,0
23636,51.89,7.09,98.47,665.0,0
72506,71.38,3.95,44.5,220.0,0
56574,43.94,13.26,17.28,273.0,0
55288,64.05,9.91,51.67,418.0,0
88923,60.61,-2.19,54.86,103.0,0
53172,75.24,10.72,99.29,373.0,0
44370,62.82,12.71,59.81,479.0,0
13404,21.4,10.28,60.96,882.0,0
90474,61.44,19.98,36.53,119.0,0
73776,57.4,14.94,100.0,280.0,0
1744,49.84,9.6,43.24,812.0,0
5375,69.05,9.01,85.7,934.0,0
30369,87.29,5.62,40.68,609.0,0
20058,55.94,15.51,62.76,747.0,0
17004,20.71,17.1,36.51,735.0,0
28923,79.19,5.1,36.19,690.0,0
46759,86.62,13.41,67.0,470.0,0
55064,86.27,15.15,83.85,301.0,0
50733,38.57,16.05,49.82,423.0,0
36593,60.44,12.42,46.45,462.0,0
49729,76.26,17.28,86.66,450.0,0
72764,50.9,13.88,99.58,283.0,0
15778,46.98,16.92,72.84,774.0,0
38399,71.85,12.63,62.53,552.0,0
55308,54.48,12.14,97.38,476.0,0
19593,39.87,1.13,86.56,751.0,0
57559,37.68,13.35,63.2,410.0,0
68552,66.17,8.69,99.19,384.0,0
87242,58.98,11.27,70.31,115.0,0
14667,41.88,9.91,41.71,796.0,0
70157,44.15,11.08,87.56,240.0,0
84706,71.97,1.47,48.28,156.0,0
58961,77.03,15.06,32.97,387.0,0
85318,60.27,11.2,46.41,109.0,0
88456,40.21,5.93,55.09,100.0,0
56158,85.9,8.4,61.25,443.0,0
85688,67.62,12.44,47.69,45.0,0
81451,71.31,8.82,86.2,178.0,0
85492,78.43,9.08,90.01,74.0,0
84258,64.53,10.05,86.73,141.0,0
88268,83.24,10.34,54.09,68.0,0
58683,63.89,17.16,85.15,387.0,0
89570,70.94,8.5,80.28,6.0,1
89168,76.82,4.1,80.59,14.0,0
26472,60.52,9.03,39.67,691.0,0
72497,50.55,5.93,74.87,182.0,0
5039,52.87,13.67,87.79,908.0,0
54590,61.56,11.87,35.73,432.0,0
86787,36.71,5.22,77.52,117.0,0
3152,55.67,12.75,69.8,867.0,0
88506,44.94,8.67,64.25,24.0,0
91071,66.51,-2.33,75.38,100.0,0
99558,44.62,18.51,76.87,51.0,0
80596,62.94,11.9,100.0,74.0,0
34290,48.93,9.27,73.86,532.0,0
72236,53.94,4.85,47.82,289.0,0
35255,67.17,10.45,89.42,645.0,0
68898,69.0,5.16,63.22,225.0,0
41975,71.16,6.36,55.02,475.0,0
86079,51.94,7.77,99.25,39.0,0
41896,75.64,12.87,57.41,503.0,0
97790,30.63,9.74,93.55,0.0,1
96956,66.29,9.87,77.64,50.0,0
57950,68.34,11.47,93.33,347.0,0
81834,49.37,14.17,69.02,116.0,0
44453,82.49,12.9,52.84,473.0,0
97563,49.87,4.44,93.93,29.0,0
1720,72.76,8.01,51.41,914.0,0
9639,76.02,9.23,79.13,817.0,0
97312,74.57,16.37,64.43,0.0,1
31180,59.67,17.23,57.46,711.0,0
96597,50.68,10.97,61.8,39.0,0
40352,40.12,7.56,71.0,540.0,0
14609,45.78,9.5,53.33,761.0,0
13496,54.86,6.0,45.41,830.0,0
28123,74.11,13.03,100.0,558.0,0
26113,75.43,7.74,72.28,597.0,0
42328,60.02,1.72,48.87,555.0,0
72183,35.1,10.88,65.79,287.0,0
18802,55.47,5.6,93.26,811.0,0
93493,62.54,16.0,73.43,2.0,1
79676,74.42,3.44,62.15,97.0,0
48367,49.61,6.98,80.52,468.0,0
27076,69.07,2.2,88.72,627.0,0
43151,44.58,16.28,89.65,525.0,0
31276,67.42,19.22,71.68,621.0,0
12937,70.56,4.07,48.14,899.0,0
62157,40.02,13.45,50.51,281.0,0
36068,40.95,16.54,57.62,573.0,0
50032,63.08,1.5,82.37,452.0,0
66683,37.51,9.98,72.78,317.0,0
13174,39.68,9.2,79.29,829.0,0
8096,71.79,15.45,86.73,888.0,0
85122,83.34,10.65,55.53,77.0,0
25014,81.08,5.36,27.24,714.0,0
21722,79.62,16.84,56.38,638.0,0
52557,65.75,9.26,74.24,389.0,0
90628,52.61,6.21,96.39,48.0,0
48342,82.8,6.74,56.66,496.0,0
81324,71.64,2.41,37.4,97.0,0
81240,45.78,16.16,67.79,131.0,0
73182,56.52,12.7,85.63,280.0,0
92632,90.2,11.88,69.93,0.0,1
99893,50.42,8.38,85.4,0.0,1
30592,47.28,10.17,84.72,685.0,0
20467,88.77,9.81,61.76,812.0,0
64742,55.76,2.66,81.74,357.0,0
78038,84.91,17.54,50.11,140.0,0
35905,47.82,8.52,61.26,540.0,0
42137,56.24,8.64,79.03,540.0,0
48217,64.8,12.99,48.53,448.0,0
47755,37.24,18.9,68.19,505.0,0
75835,59.65,12.52,56.99,186.0,0
6517,57.9,10.5,74.91,816.0,0
503,72.92,16.95,75.33,863.0,0
81992,33.38,5.25,53.62,91.0,0
1336,60.34,15.84,19.93,910.0,0
56849,45.81,5.03,60.32,382.0,0
17590,67.21,6.02,88.27,822.0,0
84974,68.9,12.37,59.21,47.0,0
2640,58.1,12.12,75.37,892.0,0
62570,68.69,14.7,60.77,392.0,0
53501,61.53,4.17,88.95,432.0,0
72325,58.66,9.85,86.81,281.0,0
86144,66.76,20.32,60.14,83.0,0
64081,78.18,16.79,99.44,239.0,0
21433,60.67,12.21,53.53,760.0,0
19565,61.16,5.54,85.42,787.0,0
77795,73.8,11.03,78.52,248.0,0
37070,41.98,0.94,51.24,670.0,0
27967,68.5,8.55,75.91,856.0,0
3910,49.6,11.01,49.44,841.0,0
57054,91.9,7.05,55.03,380.0,0
74705,68.69,7.88,71.12,198.0,0
75480,64.12,7.17,90.69,257.0,0
49427,60.56,9.54,29.57,529.0,0
39415,62.28,3.58,81.59,560.0,0
86723,73.79,6.28,91.14,39.0,0
2799,53.58,5.31,88.59,908.0,0
13390,62.48,10.43,60.99,872.0,0
49265,41.6,13.09,65.9,391.0,0
88664,50.14,9.92,83.75,17.0,0
39108,62.16,15.46,43.19,453.0,0
63211,86.36,13.39,88.25,294.0,0
66742,51.08,11.47,78.44,283.0,0
18447,50.47,7.46,92.19,759.0,0
91396,75.42,3.42,77.96,125.0,0
7738,50.26,4.49,34.78,959.0,0
99410,73.44,12.13,68.8,0.0,1
40804,71.93,1.49,96.48,456.0,0
81925,37.59,10.8,86.62,114.0,0
94707,46.03,5.97,47.15,0.0,1
23969,76.28,10.73,90.83,640.0,0
85133,75.92,9.15,93.2,76.0,0
99438,59.74,9.89,98.57,0.0,1
77764,76.64,8.92,46.26,118.0,0
27574,52.93,6.67,38.76,711.0,0
14810,74.67,3.23,55.37,839.0,0
6169,71.95,8.68,55.09,922.0,0
38093,60.9,9.92,59.28,529.0,0
42754,75.54,4.14,83.19,462.0,0
1707,72.83,18.43,32.28,876.0,0
62050,43.38,17.43,46.14,334.0,0
24373,84.29,15.5,67.03,692.0,0
81766,60.96,7.37,99.67,155.0,0
22245,58.24,13.06,67.37,664.0,0
83620,46.93,4.98,40.66,182.0,0
48242,55.15,9.95,84.98,510.0,0
87120,33.26,9.32,54.2,71.0,0
38027,84.79,11.37,78.79,579.0,0
50367,23.05,7.5,55.41,421.0,0
14135,61.81,7.17,40.66,797.0,0
30568,78.21,5.66,89.93,750.0,0
24369,34.58,16.36,59.28,648.0,0
62315,54.07,7.46,55.43,373.0,0
73011,67.62,10.39,78.92,157.0,0
85347,86.1,6.17,92.47,89.0,0
41870,67.84,12.53,46.72,587.0,0
55412,54.74,3.65,100.0,425.0,0
98488,49.68,9.89,71.39,0.0,1
82869,57.66,5.88,55.4,91.0,0
54409,46.91,14.32,73.36,440.0,0
8062,57.77,5.31,56.46,907.0,0
83902,57.34,8.75,81.36,11.0,0
500,58.61,19.2,96.79,947.0,0
4631,46.77,11.99,40.03,914.0,0
13058,52.11,16.09,50.67,842.0,0
99707,27.73,20.6,61.84,7.0,0
58174,65.09,17.08,61.31,389.0,0
45720,84.66,15.32,50.53,518.0,0
6856,55.2,-0.97,81.25,892.0,0
19025,68.7,7.1,67.02,803.0,0
35250,48.67,-2.25,69.72,626.0,0
90541,38.66,15.14,79.86,0.0,1
541,68.02,12.15,49.31,904.0,0
83469,62.01,8.73,74.09,0.0,1
69158,55.33,5.33,85.45,284.0,0
78796,57.37,-2.78,79.42,234.0,0
1030,68.15,14.53,65.34,1001.0,0
62640,60.4,5.51,35.45,288.0,0
58930,110.77,5.67,42.5,356.0,0
69662,80.28,14.91,83.99,275.0,0
63412,105.59,0.78,55.41,336.0,0
54525,62.87,18.34,80.8,329.0,0
35359,60.46,8.78,67.55,583.0,0
92511,61.07,2.98,83.66,213.0,0
18086,73.62,11.84,52.62,808.0,0
10775,88.42,11.45,39.83,717.0,0
49427,76.94,4.62,100.0,440.0,0
89255,53.86,4.31,91.64,117.0,0
41044,45.56,12.45,86.42,554.0,0
59795,28.05,10.95,69.42,406.0,0
35064,66.73,12.88,78.57,540.0,0
92472,56.89,15.9,79.89,17.0,0
68673,60.73,8.72,100.0,275.0,0
18253,85.54,13.64,56.08,808.0,0
53548,79.38,12.54,66.2,376.0,0
31100,66.32,11.19,65.41,618.0,0
41694,72.27,9.01,69.68,472.0,0
6382,58.13,15.64,93.28,913.0,0
95839,53.45,7.89,31.86,31.0,0
49037,49.23,3.47,71.59,496.0,0
97528,63.62,10.94,74.81,0.0,1
62382,47.3,8.69,95.41,341.0,0
50762,44.31,18.79,70.1,404.0,0
90184,64.35,12.83,69.28,68.0,0
45193,71.44,14.93,62.91,481.0,0
33427,72.64,12.03,55.86,521.0,0
72706,59.4,14.84,65.33,255.0,0
90354,64.4,14.92,68.13,39.0,0
14168,63.98,12.8,40.82,805.0,0
42789,80.82,17.5,74.38,454.0,0
32059,63.85,3.03,82.19,588.0,0
10847,55.47,18.94,100.0,851.0,0
53149,44.94,7.83,61.56,435.0,0
35404,67.35,7.7,48.0,498.0,0
48411,41.24,11.49,88.09,501.0,0
87904,70.65,1.1,95.52,65.0,0
66823,47.51,16.06,74.11,277.0,0
76595,32.1,11.47,80.68,192.0,0
22195,68.41,14.75,79.08,701.0,0
73692,72.6,4.1,56.28,202.0,0
61206,72.46,11.64,56.7,332.0,0
63422,56.96,8.24,69.66,320.0,0
82550,51.05,6.14,81.24,145.0,0
6860,37.01,11.84,87.22,882.0,0
8164,48.37,-0.92,68.64,882.0,0
79176,62.09,6.39,92.29,168.0,0
39851,62.72,3.66,94.77,611.0,0
65279,61.19,13.1,61.97,185.0,0
59511,22.6,4.42,98.1,390.0,0
13827,62.94,13.11,38.8,920.0,0
82311,53.4,1.8,73.5,212.0,0
20436,56.44,5.86,79.99,773.0,0
57637,57.45,17.9,31.73,326.0,0
46775,69.63,11.59,58.62,482.0,0
40286,84.55,17.75,48.45,576.0,0
7228,95.83,8.67,55.12,820.0,0
3480,51.1,12.06,44.93,905.0,0
48021,57.99,17.72,63.68,459.0,0
7118,59.26,14.18,75.82,821.0,0
2502,51.29,11.88,87.57,910.0,0
71004,81.15,11.78,31.92,185.0,0
94436,72.35,9.93,70.53,0.0,1
82718,52.18,13.78,60.56,44.0,0
56979,97.05,8.73,53.63,348.0,0
47008,58.39,15.5,76.31,511.0,0
69707,66.37,5.31,100.0,248.0,0
45971,46.95,15.18,77.17,510.0,0
66389,58.98,16.05,45.85,278.0,0
28589,62.18,5.31,70.84,671.0,0
33264,39.68,14.99,71.52,583.0,0
25316,65.66,11.39,60.06,721.0,0
14057,61.03,5.86,59.35,809.0,0
55002,51.75,7.81,79.69,405.0,0
71531,73.95,13.64,64.24,202.0,0
87526,66.35,10.3,80.02,65.0,0
45894,56.98,12.67,68.57,542.0,0
88770,47.09,15.61,60.78,45.0,0
21773,79.69,18.79,79.18,698.0,0
29481,69.81,11.25,42.56,666.0,0
76438,89.02,14.55,92.65,142.0,0
41003,62.4,6.85,88.41,559.0,0
93230,72.04,8.55,100.0,10.0,0
72786,35.43,20.8,68.03,272.0,0
11820,67.29,10.32,50.42,865.0,0
85678,43.34,2.24,100.0,153.0,0
83489,34.23,7.43,85.53,142.0,0
91572,80.25,5.04,90.64,0.0,1
18646,55.53,13.85,83.85,821.0,0
31161,55.91,3.45,51.72,641.0,0
41079,52.71,17.23,79.64,581.0,0
61038,40.82,16.6,56.37,324.0,0
65155,43.91,6.44,41.12,312.0,0
91115,65.6,10.7,38.4,66.0,0
50561,54.38,18.78,55.47,359.0,0
32031,55.59,5.73,100.0,682.0,0
82817,47.36,11.57,69.86,170.0,0
51250,45.31,13.32,100.0,536.0,0
74666,73.43,6.73,91.91,233.0,0
7781,65.6,4.09,64.0,853.0,0
60476,86.4,4.54,46.68,342.0,0
69927,48.6,11.1,61.02,245.0,0
77024,78.66,5.94,63.17,186.0,0
1134,76.56,9.56,71.39,933.0,0
33607,54.66,13.77,87.0,619.0,0
18611,67.04,6.78,74.11,741.0,0
96258,77.38,17.42,85.79,0.0,1
5411,40.36,11.33,49.47,904.0,0
43543,66.87,8.36,54.63,519.0,0
66659,82.51,11.82,65.45,195.0,0
99609,62.78,4.45,53.34,0.0,1
4196,42.7,2.53,38.69,942.0,0
10615,73.06,6.83,60.37,797.0,0
72871,49.46,6.34,61.58,160.0,0
49074,87.65,5.73,46.79,363.0,0
94484,43.17,7.88,59.82,119.0,0
9725,71.36,4.39,78.68,860.0,0
6598,65.02,14.04,78.37,857.0,0
12854,59.82,7.98,82.81,753.0,0
46623,70.44,10.7,85.3,508.0,0
81015,59.1,12.46,74.15,84.0,0
63545,46.88,6.5,38.44,395.0,0
84455,64.67,11.43,73.99,68.0,0
39901,32.68,9.76,34.76,473.0,0
78531,52.9,11.92,61.81,191.0,0
89465,85.15,7.99,51.73,34.0,0
39569,46.24,5.76,53.18,565.0,0
23095,39.5,16.16,40.97,671.0,0
27720,49.61,11.15,57.45,680.0,0
92173,66.14,4.62,61.32,0.0,1
40083,71.68,4.17,100.0,565.0,0
5980,36.5,7.72,59.72,921.0,0
68567,43.72,10.1,49.41,234.0,0
4523,74.15,5.62,56.87,868.0,0
36763,86.25,13.53,75.59,550.0,0
87169,59.74,15.24,63.33,108.0,0
7840,70.62,11.34,46.93,931.0,0
74849,35.77,13.22,83.54,250.0,0
48711,43.09,18.79,52.07,494.0,0
33809,66.6,5.16,50.69,653.0,0
53475,51.81,16.26,50.27,395.0,0
32676,15.68,9.1,63.75,638.0,0
34819,74.66,8.29,77.57,603.0,0
89530,55.27,-1.28,90.08,37.0,0
11143,65.69,21.0,60.81,818.0,0
8596,85.12,11.66,81.05,850.0,0
88470,51.78,9.52,69.3,11.0,0
37602,61.39,8.65,79.87,577.0,0
929,85.47,13.67,57.33,870.0,0
21429,55.24,3.49,58.96,723.0,0
36756,66.69,7.77,90.89,514.0,0
75102,59.64,6.96,100.0,166.0,0
80894,52.06,13.86,49.59,157.0,0
77771,51.11,12.49,60.46,188.0,0
55990,52.16,13.94,75.23,366.0,0
35219,60.25,18.72,47.94,544.0,0
10924,53.83,9.66,37.84,795.0,0
46239,67.37,3.26,95.76,541.0,0
69551,76.14,11.05,81.01,282.0,0
35440,57.34,11.8,65.84,616.0,0
34470,60.58,11.34,74.85,530.0,0
66784,54.18,4.98,83.55,354.0,0
69478,71.61,12.23,70.8,265.0,0
98667,67.21,7.43,60.69,14.0,0
69019,45.98,14.11,81.7,275.0,0
27887,47.09,17.68,69.38,681.0,0
68243,51.23,11.01,100.0,266.0,0
6111,40.37,10.32,77.75,944.0,0
36263,34.79,11.78,92.0,597.0,0
10627,62.57,8.41,86.11,808.0,0
33371,44.76,11.39,81.22,584.0,0
11399,43.09,14.07,61.2,864.0,0
33900,106.17,7.88,85.38,570.0,0
40240,73.82,6.95,60.17,514.0,0
17729,45.57,0.26,74.65,734.0,0
11302,67.48,13.31,96.78,952.0,0
28153,38.1,8.39,76.57,730.0,0
71767,72.38,13.2,62.17,266.0,0
26336,79.1,3.71,71.15,704.0,0
94829,72.83,9.59,80.4,51.0,0
71821,94.73,10.46,58.54,195.0,0
46118,87.5,13.42,82.41,468.0,0
15045,67.75,7.8,22.81,772.0,0
62269,87.65,7.73,76.36,338.0,0
53389,80.48,14.35,76.9,380.0,0
62115,69.73,11.32,51.27,395.0,0
81479,58.88,7.98,86.21,100.0,0
44864,68.45,11.66,90.34,520.0,0
34221,83.12,8.7,57.89,515.0,0
61169,43.67,5.7,82.67,292.0,0
88074,52.65,4.26,100.0,155.0,0
24152,60.69,16.93,40.31,649.0,0
77585,71.65,4.88,57.17,164.0,0
53056,42.02,10.29,60.44,500.0,0
83285,44.84,6.13,62.17,130.0,0
49982,52.13,7.16,96.67,503.0,0
4776,74.59,10.17,60.61,952.0,0
41407,58.8,9.9,87.29,545.0,0
62741,72.98,12.6,68.6,332.0,0
474,53.34,9.51,17.13,973.0,0
70531,83.11,5.51,70.49,272.0,0
74844,76.85,14.5,54.47,179.0,0
71436,46.82,12.97,49.3,249.0,0
63286,58.2,7.96,77.12,416.0,0
77799,53.53,24.2,85.99,167.0,0
98440,69.29,15.13,40.7,38.0,0
72311,41.93,10.4,64.47,241.0,0
46731,40.26,11.68,15.48,519.0,0
73463,48.94,8.15,84.49,173.0,0
80198,69.14,9.32,60.33,134.0,0
57819,48.59,5.36,81.13,322.0,0
41126,59.15,10.8,68.61,570.0,0
53358,61.84,10.81,81.97,477.0,0
14546,73.11,10.24,77.46,800.0,0
86388,60.92,0.96,51.37,173.0,0
28565,59.16,6.67,72.21,775.0,0
81156,77.6,18.42,53.29,226.0,0
27011,55.2,6.28,77.98,735.0,0
88081,70.07,3.6,60.93,0.0,1
68489,59.76,13.48,72.94,199.0,0
6288,21.7,7.64,57.76,895.0,0
76323,78.77,11.12,70.42,218.0,0
44647,56.29,10.76,35.41,438.0,0
77253,81.78,13.45,50.69,138.0,0
97397,69.25,16.41,51.59,0.0,1
37546,67.17,2.0,91.73,565.0,0
26826,86.2,8.53,64.66,771.0,0
47159,45.41,10.02,76.6,597.0,0
46200,36.46,2.09,85.07,462.0,0
46758,32.7,-1.12,47.87,507.0,0
73528,44.29,7.59,39.54,201.0,0
51680,57.27,6.08,48.36,454.0,0
91492,64.27,10.16,100.0,21.0,0
89702,56.7,14.4,94.32,158.0,0
27843,64.3,-5.55,70.55,708.0,0
36810,63.42,1.85,68.89,622.0,0
55511,53.95,9.59,53.59,498.0,0
67988,34.02,9.64,40.19,250.0,0
22061,62.73,15.26,80.43,734.0,0
40782,41.97,5.63,51.29,638.0,0
2783,50.21,7.39,77.58,976.0,0
15725,81.37,4.85,41.18,735.0,0
55881,76.63,16.3,80.61,364.0,0
32190,60.11,18.52,70.09,543.0,0
193,45.12,12.49,86.91,897.0,0
41883,84.45,6.89,98.48,569.0,0
63847,73.9,16.54,51.43,270.0,0
52019,52.33,7.88,82.57,480.0,0
46585,75.08,6.64,66.61,533.0,0
89168,62.5,5.18,45.74,182.0,0
83092,72.52,9.62,63.15,87.0,0
66527,66.91,11.67,40.35,388.0,0
54067,39.99,18.34,51.86,462.0,0
61227,61.71,9.46,77.31,339.0,0
73896,58.89,6.45,45.59,277.0,0
17290,63.45,12.38,48.74,806.0,0
58831,70.83,14.6,63.27,376.0,0
80928,41.15,8.29,46.14,207.0,0
68887,55.19,16.3,58.84,233.0,0
46912,55.59,11.87,79.46,492.0,0
39460,51.25,7.51,99.66,600.0,0
92168,59.05,1.8,98.63,16.0,0
94776,60.2,8.99,78.22,54.0,0
95882,82.52,3.64,51.0,0.0,1
85991,74.66,9.21,74.64,41.0,0
15752,51.56,12.62,52.52,842.0,0
84003,43.87,7.22,71.03,68.0,0
58072,48.3,1.95,96.53,363.0,0
46059,38.83,17.96,77.67,466.0,0
3521,77.06,7.38,55.46,1013.0,0
32868,56.58,13.84,81.34,646.0,0
50673,54.03,-0.9,68.24,486.0,0
5799,73.36,14.23,39.53,932.0,0
48475,78.35,6.05,78.24,381.0,0
59643,63.67,12.56,65.59,308.0,0
82002,64.17,7.44,84.02,106.0,0
63747,35.07,2.33,91.61,345.0,0
33341,52.71,8.65,89.14,633.0,0
76196,46.32,7.43,83.13,211.0,0
28553,28.43,1.51,98.31,761.0,0
32387,52.83,6.5,85.26,633.0,0
10156,59.52,8.57,16.07,964.0,0
46926,54.94,7.08,57.53,451.0,0
1037,54.33,10.73,100.0,915.0,0
96130,77.64,8.53,92.16,0.0,1
49204,36.69,8.1,100.0,373.0,0
13878,54.01,16.22,52.82,828.0,0
49625,52.21,10.89,78.29,476.0,0
93908,24.17,15.89,68.73,0.0,1
7875,56.88,9.99,46.06,900.0,0
53130,64.87,13.64,82.72,373.0,0
64451,46.94,12.61,100.0,330.0,0
48691,49.38,10.4,75.16,501.0,0
70200,61.18,15.87,70.18,232.0,0
63713,82.72,7.83,77.05,359.0,0
17579,81.83,10.83,42.66,862.0,0
6858,68.21,15.01,100.0,846.0,0
12961,49.57,18.7,74.75,817.0,0
30957,48.03,8.4,70.84,643.0,0
76656,42.18,7.31,89.35,172.0,0
19089,42.72,11.94,71.16,656.0,0
4720,33.91,5.01,69.97,891.0,0
33875,84.26,13.42,86.53,606.0,0
93730,62.06,5.05,72.6,21.0,0
74573,61.85,5.13,54.09,207.0,0
47709,66.56,4.82,77.75,494.0,0
28852,66.62,17.01,71.73,666.0,0
82825,67.71,8.91,38.25,140.0,0
52279,47.69,16.38,47.62,430.0,0
91624,36.35,25.27,45.45,0.0,1
55660,58.85,4.0,90.9,450.0,0
94330,75.01,12.09,54.81,0.0,1
45860,53.4,10.86,95.98,376.0,0
50262,58.35,10.06,92.47,504.0,0
98448,84.96,1.06,61.37,6.0,1
14106,50.01,6.28,85.47,852.0,0
48121,43.4,15.26,65.15,508.0,0
82007,96.02,7.1,74.13,57.0,0
34467,50.12,13.97,81.8,506.0,0
27397,46.51,10.29,35.78,750.0,0
95972,64.02,0.0,100.0,44.0,0
99595,63.09,10.73,78.74,0.0,1
99463,43.12,17.69,100.0,-0.0,1
8179,56.72,10.23,71.77,907.0,0
70141,60.63,3.92,64.31,272.0,0
10470,83.98,11.33,64.79,737.0,0
80835,64.63,12.46,85.87,94.0,0
53737,80.77,4.91,56.32,314.0,0
26798,46.93,10.7,61.66,718.0,0
84007,56.49,6.53,100.0,84.0,0
54726,52.45,15.34,93.82,448.0,0
82277,61.64,18.6,100.0,115.0,0
84109,40.47,14.16,100.0,78.0,0
70291,75.49,3.34,100.0,235.0,0
73541,66.03,12.67,88.23,197.0,0
92576,72.95,16.72,65.57,104.0,0
66560,52.73,8.12,84.36,279.0,0
55818,68.12,5.55,16.76,397.0,0
65059,77.01,12.19,99.1,249.0,0
76428,78.36,4.37,52.41,111.0,0
71474,82.69,10.02,76.2,225.0,0
72936,38.75,2.29,47.74,248.0,0
33519,48.16,4.06,57.97,706.0,0
29348,51.68,12.22,18.77,696.0,0
74698,67.45,15.42,96.14,264.0,0
22557,48.27,7.87,63.04,649.0,0
20336,69.54,-0.98,80.98,776.0,0
419,73.24,9.32,48.68,955.0,0
66070,60.25,2.45,91.54,328.0,0
3554,48.62,16.75,88.66,898.0,0
30181,86.37,7.13,57.16,557.0,0
80628,64.81,12.32,71.97,114.0,0
8366,55.95,16.09,89.52,800.0,0
25909,45.18,4.43,92.15,700.0,0
46784,46.15,14.67,84.88,482.0,0
48967,57.89,13.9,54.6,412.0,0
78318,62.34,13.53,52.44,58.0,0
34450,76.49,12.12,50.98,570.0,0
86086,76.66,3.09,53.56,99.0,0
88687,45.92,11.04,15.26,45.0,0
4365,75.03,21.49,92.44,902.0,0
43087,51.03,-1.19,71.59,536.0,0
34893,81.33,5.57,100.0,660.0,0
99352,41.37,-2.4,82.73,8.0,0
92412,59.41,2.84,60.22,0.0,1
62969,73.3,15.87,50.73,186.0,0
44796,87.83,9.0,33.72,394.0,0
29593,68.75,8.02,46.3,696.0,0
78364,37.04,11.51,90.78,128.0,0
87444,51.53,11.72,31.38,71.0,0
90417,64.49,4.59,57.61,88.0,0
59243,57.21,15.47,83.72,382.0,0
50412,59.51,3.91,63.4,470.0,0
16720,57.98,6.0,15.79,806.0,0
2098,50.99,14.78,35.63,991.0,0
49217,47.99,5.37,85.29,421.0,0
76477,57.62,13.25,86.3,198.0,0
24616,70.87,3.46,20.83,720.0,0
23541,68.19,8.83,43.5,687.0,0
78291,91.11,20.29,66.46,87.0,0
3991,46.29,7.0,46.09,1030.0,0
88003,58.31,22.95,82.95,137.0,0
72004,34.56,17.78,88.95,212.0,0
5513,46.17,11.03,73.23,978.0,0
90258,53.32,4.53,74.36,0.0,1
16863,65.93,18.23,63.68,795.0,0
49091,42.42,13.55,79.58,486.0,0
2083,51.93,0.6,84.4,1027.0,0
30337,43.91,11.4,69.34,644.0,0
82301,55.27,6.97,56.28,128.0,0
13681,59.24,6.39,54.73,939.0,0
39627,39.01,15.53,91.2,491.0,0
34669,61.6,14.65,72.55,630.0,0
3097,86.44,12.04,37.68,792.0,0
8443,45.57,9.16,80.17,972.0,0
83327,54.61,1.69,75.13,154.0,0
89662,84.03,10.1,100.0,129.0,0
99455,71.86,1.83,65.73,13.0,0
76636,40.87,5.84,100.0,232.0,0
75234,43.93,9.96,72.44,145.0,0
72052,50.8,-4.05,58.05,236.0,0
32933,86.0,15.48,43.29,552.0,0
40660,99.93,9.16,55.78,510.0,0
83692,46.82,5.15,63.26,140.0,0
6194,55.12,15.1,51.43,888.0,0
9536,51.38,9.59,94.83,916.0,0
33514,57.83,11.04,70.86,661.0,0
42564,61.68,4.87,60.12,582.0,0
96121,69.23,9.39,59.79,0.0,1
58104,36.07,3.89,100.0,370.0,0
59123,53.97,14.01,64.56,339.0,0
35901,60.47,9.42,81.22,586.0,0
35534,65.25,15.99,68.26,594.0,0
93475,60.64,14.98,97.48,0.0,1
93414,42.97,17.48,63.7,53.0,0
37180,49.4,12.03,65.28,565.0,0
64555,56.05,2.0,56.8,366.0,0
29194,56.07,5.85,43.47,696.0,0
55354,72.96,12.62,93.92,441.0,0
33242,52.1,18.0,40.48,552.0,0
67528,48.61,7.65,82.9,264.0,0
34279,61.74,3.97,85.46,645.0,0
2092,49.19,15.97,81.85,952.0,0
15415,101.92,10.73,59.96,798.0,0
87865,52.65,13.3,95.91,4.0,1
99750,50.35,2.32,100.0,0.0,1
13268,59.06,10.83,94.48,823.0,0
40990,44.56,17.14,86.16,576.0,0
68653,53.11,14.5,75.89,202.0,0
36870,41.12,6.83,89.7,656.0,0
80446,50.25,17.63,74.92,185.0,0
69446,75.42,7.53,54.86,298.0,0
58659,42.15,7.66,91.84,367.0,0
15540,57.51,3.32,56.81,781.0,0
83720,66.75,18.06,90.52,186.0,0
75156,49.85,9.48,86.92,216.0,0
70383,30.45,15.83,100.0,225.0,0
79576,62.87,9.86,80.25,226.0,0
59314,57.21,13.32,78.81,282.0,0
88603,72.08,15.3,47.13,92.0,0
5447,82.38,14.64,91.57,1019.0,0
73468,50.13,8.59,42.73,215.0,0
27724,39.22,5.42,56.89,688.0,0
55420,59.54,10.42,80.87,404.0,0
29389,64.89,8.4,46.86,593.0,0
55679,29.63,20.31,93.56,388.0,0
83354,59.59,1.88,61.46,128.0,0
8465,53.7,11.01,62.54,785.0,0
96099,69.53,12.98,48.73,0.0,1
68592,53.44,3.76,93.23,258.0,0
66517,57.67,12.3,54.14,217.0,0
39002,65.81,14.11,74.75,534.0,0
60753,59.4,11.3,58.05,299.0,0
94496,64.36,13.78,69.15,0.0,1
73382,67.53,11.12,87.66,296.0,0
86027,60.28,8.23,99.33,160.0,0
94847,57.05,10.61,22.27,49.0,0
